Dataset,nr,nc,nnz
jan99jac060, 20614, 20614, 127182
c-45, 13206, 13206, 174452
G2_circuit, 150102, 150102, 726674
cz20468, 20468, 20468, 206076
rma10, 46835, 46835, 2374001
TSOPF_FS_b300_c1, 29214, 29214, 4400122
Ga10As10H30, 113081, 113081, 6115633
amazon-2008, 735323, 735323, 5158388
thermomech_TK, 102158, 102158, 711558
rajat30, 643994, 643994, 6175377
Stanford, 281903, 281903, 2312497
delaunay_n20, 1048576, 1048576, 6291372
jan99jac080sc, 27534, 27534, 171522
HV15R, 2017169, 2017169, 283073458
audikw_1, 943695, 943695, 77651847
lhr17c, 17576, 17576, 381975
wave, 156317, 156317, 2118662
Hook_1498, 1498023, 1498023, 60917445
copter2, 55476, 55476, 759952
Zd_Jac3, 22835, 22835, 1916152
rajat24, 358172, 358172, 1948235
crystk02, 13965, 13965, 968583
Cube_Coup_dt0, 2164760, 2164760, 127206144
appu, 14000, 14000, 1853104
light_in_tissue, 29282, 29282, 406084
channel-500x100x100-b050, 4802000, 4802000, 85362744
bcsstk32, 44609, 44609, 2014701
CurlCurl_3, 1219574, 1219574, 13544618
mri1, 65536, 147456, 589824
Dubcova3, 146689, 146689, 3636649
rajat25, 87190, 87190, 607235
matrix-new_3, 125329, 125329, 2678750
dc1, 116835, 116835, 766396
g7jac200, 59310, 59310, 837936
g7jac120, 35550, 35550, 475296
TSOPF_FS_b300_c2, 56814, 56814, 8767466
EAT_RS, 23219, 23219, 325592
g7jac140sc, 41490, 41490, 565956
af23560, 23560, 23560, 484256
helm2d03, 392257, 392257, 2741935
fe_body, 45087, 45087, 327468
packing-500x100x100-b050, 2145852, 2145852, 34976486
neos, 479119, 515905, 1526794
Zd_Jac6, 22835, 22835, 1711983
fullb, 199187, 199187, 11708077
hangGlider_5, 16011, 16011, 155246
n4c6-b7, 163215, 104115, 1305720
tn2010, 240116, 240116, 1193966
bcsstk29, 13992, 13992, 619488
boneS01, 127224, 127224, 6715152
hvdc2, 189860, 189860, 1347273
3D_51448_3D, 51448, 51448, 1056610
fe_tooth, 78136, 78136, 905182
barrier2-9, 115625, 115625, 3897557
soc-Slashdot0811, 77360, 77360, 905468
Zd_Jac2, 22835, 22835, 1642833
jan99jac100sc, 34454, 34454, 215862
g7jac100, 29610, 29610, 384636
ma2010, 157508, 157508, 776610
psse0, 26722, 11028, 102432
ncvxqp7, 87500, 87500, 574962
filter3D, 106437, 106437, 2707179
in2010, 267071, 267071, 1281716
Trefethen_20000, 20000, 20000, 554466
chipcool1, 20082, 20082, 281150
sc2010, 181908, 181908, 893160
tx2010, 914231, 914231, 4456272
hood, 220542, 220542, 10768436
luxembourg_osm, 114599, 114599, 239332
cvxbqp1, 50000, 50000, 349968
kron_g500-logn19, 524288, 524288, 43562265
ok2010, 269118, 269118, 1274148
lowThrust_7, 17378, 17378, 211561
hvdc1, 24842, 24842, 159981
matrix_9, 103430, 103430, 2121550
wang3, 26064, 26064, 177168
crashbasis, 160000, 160000, 1750416
wa2010, 195574, 195574, 947432
wikipedia-20060925, 2983494, 2983494, 37269096
JP, 87616, 67320, 13734559
ch7-7-b5, 35280, 52920, 211680
mk13-b5, 135135, 270270, 810810
vsp_finan512_scagr7-2c_rlfddd, 139752, 139752, 1104040
sc205-2r, 35213, 62423, 123239
pa2010, 421545, 421545, 2058462
hugetrace-00000, 4588484, 4588484, 13758266
wikipedia-20061104, 3148440, 3148440, 39383235
ct20stif, 52329, 52329, 2698463
c-70, 68924, 68924, 658986
sls, 1748122, 62729, 6804304
c-53, 30235, 30235, 372213
raefsky4, 19779, 19779, 1328611
mn2010, 259777, 259777, 1227102
TF19, 241029, 317955, 4370721
OPF_10000, 43887, 43887, 467711
largebasis, 440020, 440020, 5560100
ca-HepPh, 12008, 12008, 237010
caidaRouterLevel, 192244, 192244, 1218132
boneS10, 914898, 914898, 55468422
nsct, 23003, 37563, 697738
net4-1, 88343, 88343, 2441727
Ge87H76, 112985, 112985, 7892195
mark3jac080, 36609, 36609, 227955
hugetric-00020, 7122792, 7122792, 21361554
dbir2, 18906, 45877, 1158159
vsp_model1_crew1_cr42_south31, 45101, 45101, 379952
c-48, 18354, 18354, 166080
rgg_n_2_18_s0, 262144, 262144, 3094566
cant, 62451, 62451, 4007383
soc-LiveJournal1, 4847571, 4847571, 68993773
dielFilterV3real, 1102824, 1102824, 89306020
pkustk04, 55590, 55590, 4218660
water_tank, 60740, 60740, 2035281
pds-70, 114944, 390005, 833465
venkat25, 62424, 62424, 1717792
Trefethen_20000b, 19999, 19999, 554435
nh2010, 48837, 48837, 234550
CurlCurl_1, 226451, 226451, 2472071
t3dl, 20360, 20360, 509866
Si10H16, 17077, 17077, 875923
mark3jac040, 18289, 18289, 113435
jan99jac120, 41374, 41374, 260202
fem_filter, 74062, 74062, 1731206
hi2010, 25016, 25016, 124126
TSOPF_FS_b9_c6, 14454, 14454, 147972
pdb1HYS, 36417, 36417, 4344765
PR02R, 161070, 161070, 8185136
ckt11752_dc_1, 49702, 49702, 333029
lp1, 534388, 534388, 1643420
eu-2005, 862664, 862664, 19235140
ms2010, 171778, 171778, 839980
nj2010, 169588, 169588, 829912
soc-sign-Slashdot090221, 82144, 82144, 549202
mc2depi, 525825, 525825, 2100225
scircuit, 170998, 170998, 958936
cop20k_A, 121192, 121192, 2624331
ldoor, 952203, 952203, 46522475
mark3jac140, 64089, 64089, 399735
bfly, 49152, 49152, 196608
mk12-b3, 51975, 13860, 207900
bmw7st_1, 141347, 141347, 7339667
Emilia_923, 923136, 923136, 41005206
af_shell9, 504855, 504855, 17588875
ABACUS_shell_hd, 23412, 23412, 218484
shar_te2-b2, 200200, 17160, 600600
OPF_3754, 15435, 15435, 158273
delaunay_n15, 32768, 32768, 196548
sme3Da, 12504, 12504, 874887
az2010, 241666, 241666, 1196094
bcsstm36, 23052, 23052, 320606
bcsstk25, 15439, 15439, 252241
c-46, 14913, 14913, 130397
t2em, 921632, 921632, 4590832
memchip, 2707524, 2707524, 14810202
GaAsH6, 61349, 61349, 3381809
thread, 29736, 29736, 4470048
ford2, 100196, 100196, 544688
nd6k, 18000, 18000, 6897316
g7jac160, 47430, 47430, 656616
shipsec8, 114919, 114919, 6653399
dc2, 116835, 116835, 766396
g7jac140, 41490, 41490, 565956
cond-mat-2005, 40421, 40421, 351386
lhr14c, 14270, 14270, 307858
hollywood-2009, 1139905, 1139905, 113891327
af_shell6, 504855, 504855, 17588875
vsp_msc10848_300sep_100in_1Kout, 21996, 21996, 2442056
copter1, 17222, 17222, 211064
gridgena, 48962, 48962, 512084
apache1, 80800, 80800, 542184
wathen120, 36441, 36441, 565761
ch8-8-b4, 376320, 117600, 1881600
rgg_n_2_19_s0, 524288, 524288, 6539532
net100, 29920, 29920, 2033200
GL7d16, 955128, 460261, 14488881
d_pretok, 182730, 182730, 1641672
barrier2-3, 113076, 113076, 3805068
debr, 1048576, 1048576, 4194298
thermal2, 1228045, 1228045, 8580313
c-66, 49989, 49989, 499007
iChem_Jacobian, 274087, 274087, 4137369
bayer01, 57735, 57735, 277774
TSOPF_RS_b678_c2, 35696, 35696, 8781949
rajat16, 94294, 94294, 641159
usroads-48, 126146, 126146, 323900
FullChip, 2987012, 2987012, 26621990
delaunay_n22, 4194304, 4194304, 25165738
mip1, 66463, 66463, 10352819
flickr, 820878, 820878, 9837214
wing, 62032, 62032, 243088
pkustk14, 151926, 151926, 14836504
333SP, 3712815, 3712815, 22217266
ljournal-2008, 5363260, 5363260, 79023142
pkustk10, 80676, 80676, 4308984
atmosmodm, 1489752, 1489752, 10319760
TSOPF_RS_b2052_c1, 25626, 25626, 6761100
graphics, 29493, 11822, 117954
opt1, 15449, 15449, 1930655
s3dkt3m2, 90449, 90449, 3753461
amazon0302, 262111, 262111, 1234877
TSOPF_FS_b39_c30, 120216, 120216, 3121160
olafu, 16146, 16146, 1015156
conf5_4-8x8-15, 49152, 49152, 1916928
ky2010, 161672, 161672, 787778
cbuckle, 13681, 13681, 676515
ASIC_100k, 99340, 99340, 954163
stat96v2, 29089, 957432, 2852184
ted_A, 10605, 10605, 424587
c-49, 21132, 21132, 157042
qa8fm, 66127, 66127, 1660579
g7jac040, 11790, 11790, 114671
av41092, 41092, 41092, 1683902
x104, 108384, 108384, 10167624
Raj1, 263743, 263743, 1302464
mark3jac040sc, 18289, 18289, 113435
usroads, 129164, 129164, 330870
obstclae, 40000, 40000, 197608
cont-300, 180895, 180895, 988195
lhr11c, 10964, 10964, 233741
nug08-3rd, 19728, 29856, 148416
Zd_Jac2_db, 22835, 22835, 676439
laminar_duct3D, 67173, 67173, 3833077
tube2, 21498, 21498, 897056
std1_Jac2_db, 21982, 21982, 498771
brainpc2, 27607, 27607, 179395
fome20, 33874, 108175, 232647
fe_rotor, 99617, 99617, 1324862
amazon0312, 400727, 400727, 3200440
ASIC_680ks, 682712, 682712, 2329176
ted_B, 10605, 10605, 144579
c-68, 64810, 64810, 566006
ford1, 18728, 18728, 101576
la2010, 204447, 204447, 980634
cz10228, 10228, 10228, 102876
wiki-Talk, 2394385, 2394385, 5021410
circuit5M, 5558326, 5558326, 59524291
poisson3Db, 85623, 85623, 2374949
bmw3_2, 227362, 227362, 11288630
GL7d21, 822922, 1437547, 18174775
md2010, 145247, 145247, 700378
Geo_1438, 1437960, 1437960, 63156690
struct3, 53570, 53570, 1173694
t2dah, 11445, 11445, 176117
c-60, 43640, 43640, 298578
fe_ocean, 143437, 143437, 819186
mouse_gene, 45101, 45101, 28967291
a0nsdsil, 80016, 80016, 355034
AS365, 3799275, 3799275, 22736152
af_shell7, 504855, 504855, 17588875
rgg_n_2_21_s0, 2097152, 2097152, 28975990
rajat09, 24482, 24482, 105573
sd2010, 88360, 88360, 410722
torsion1, 40000, 40000, 197608
para-4, 153226, 153226, 5326228
GL7d15, 460261, 171375, 6080381
c-59, 41282, 41282, 480536
lp_nug30, 52260, 379350, 1567800
vibrobox, 12328, 12328, 342828
ecl32, 51993, 51993, 380415
al2010, 252266, 252266, 1230482
web-Stanford, 281903, 281903, 2312497
para-9, 155924, 155924, 5416358
para-8, 155924, 155924, 5416358
mod2, 34774, 66409, 199810
Serena, 1391349, 1391349, 64531701
mult_dcop_03, 25187, 25187, 193216
ABACUS_shell_ld, 23412, 23412, 218484
lhr34, 35152, 35152, 764014
fxm3_16, 41340, 85575, 392252
c-43, 11125, 11125, 123675
delaunay_n21, 2097152, 2097152, 12582816
c-67b, 57975, 57975, 531935
c-57, 37833, 37833, 405197
tmt_sym, 726713, 726713, 5080961
mac_econ_fwd500, 206500, 206500, 1273389
venkat50, 62424, 62424, 1717792
ASIC_100ks, 99190, 99190, 578890
TSOPF_RS_b300_c2, 28338, 28338, 2943887
gyro, 17361, 17361, 1021159
c-51, 23196, 23196, 203050
epb3, 84617, 84617, 463625
atmosmodd, 1270432, 1270432, 8814880
vsp_bump2_e18_aa01_model1_crew1, 56438, 56438, 601602
offshore, 259789, 259789, 4242673
bcsstk18, 11948, 11948, 149090
shipsec5, 179860, 179860, 10113096
t3dh_e, 79171, 79171, 4352105
lhr14, 14270, 14270, 307858
af_shell10, 1508065, 1508065, 52672325
nlpkkt120, 3542400, 3542400, 96845792
ncvxbqp1, 50000, 50000, 349968
shermanACb, 18510, 18510, 145149
lowThrust_12, 18458, 18458, 224593
crystm03, 24696, 24696, 583770
smt, 25710, 25710, 3753184
g7jac040sc, 11790, 11790, 114671
ship_001, 34920, 34920, 4644230
rail_79841, 79841, 79841, 553921
garon2, 13535, 13535, 390607
598a, 110971, 110971, 1483868
fcondp2, 201822, 201822, 11294316
fome21, 67748, 216350, 465294
t3dh_a, 79171, 79171, 4352105
rlfprim, 58866, 62716, 320591
id2010, 149842, 149842, 728264
nasasrb, 54870, 54870, 2677324
cvxqp3, 17500, 17500, 122462
troll, 213453, 213453, 11985111
Chevron1, 37365, 37365, 330633
rgg_n_2_15_s0, 32768, 32768, 320480
pkustk01, 22044, 22044, 979380
sctap1-2r, 28830, 63426, 186366
shar_te2-b3, 200200, 200200, 800800
Chevron4, 711450, 711450, 6376412
cit-HepPh, 34546, 34546, 421578
coAuthorsDBLP, 299067, 299067, 1955352
t60k, 60005, 60005, 178880
engine, 143571, 143571, 4706073
smallworld, 100000, 100000, 999996
ecology2, 999999, 999999, 4995991
circuit_4, 80209, 80209, 307604
gyro_m, 17361, 17361, 340431
Si87H76, 240369, 240369, 10661631
ncvxqp3, 75000, 75000, 499964
onera_dual, 85567, 85567, 419201
vsp_mod2_pgp2_slptsk, 101364, 101364, 778736
dawson5, 51537, 51537, 1010777
hangGlider_4, 15561, 15561, 149532
ESOC, 327062, 37830, 6019939
TF18, 95368, 123867, 1597545
dbic1, 43200, 226317, 1081843
rajat18, 94294, 94294, 485143
TF17, 38132, 48630, 586218
case39, 40216, 40216, 1042160
g7jac050sc, 14760, 14760, 157990
pct20stif, 52329, 52329, 2698463
rail_20209, 20209, 20209, 139233
ASIC_320k, 321821, 321821, 2635364
shallow_water1, 81920, 81920, 327680
vsp_barth5_1Ksep_50in_5Kout, 32212, 32212, 203610
raefsky3, 21200, 21200, 1488768
ks2010, 238600, 238600, 1121798
va2010, 285762, 285762, 1402128
vsp_bcsstk30_500sep_10in_1Kout, 58348, 58348, 4033156
m14b, 214765, 214765, 3358036
F1, 343791, 343791, 26837113
bcsstk39, 46772, 46772, 2089294
Rucci1, 1977885, 109900, 7791168
pds-30, 49944, 158489, 340635
poisson3Da, 13514, 13514, 352762
cage11, 39082, 39082, 559722
bodyy5, 18589, 18589, 129281
FEM_3D_thermal1, 17880, 17880, 430740
n4c6-b8, 198895, 163215, 1790055
Stanford_Berkeley, 683446, 683446, 7583376
GL7d19, 1911130, 1955309, 37322725
3Dspectralwave, 680943, 680943, 33650589
cz40948, 40948, 40948, 412148
delaunay_n18, 262144, 262144, 1572792
H2O, 67024, 67024, 2216736
cnr-2000, 325557, 325557, 3216152
sgpf5y6, 246077, 312540, 831976
venkat01, 62424, 62424, 1717792
ML_Laplace, 377002, 377002, 27689972
li, 22695, 22695, 1350309
EAT_SR, 23219, 23219, 325589
lp_pds_10, 16558, 49932, 107605
ex35, 19716, 19716, 228208
kron_g500-logn20, 1048576, 1048576, 89239674
Dubcova1, 16129, 16129, 253009
stat96v3, 33841, 1113780, 3317736
ut2010, 115406, 115406, 572066
g7jac180, 53370, 53370, 747276
conf5_4-8x8-10, 49152, 49152, 1916928
std1_Jac2, 21982, 21982, 1248731
mo2010, 343565, 343565, 1656568
TSOPF_RS_b300_c1, 14538, 14538, 1474325
k3plates, 11107, 11107, 378927
3D_28984_Tetra, 28984, 28984, 599170
af_shell2, 504855, 504855, 17588875
lhr11, 10964, 10964, 233741
mario002, 389874, 389874, 2101242
gupta3, 16783, 16783, 9323427
c-69, 67458, 67458, 623970
TSOPF_FS_b162_c3, 30798, 30798, 1801300
lp_nug20, 15240, 72600, 304800
c-64, 51035, 51035, 717841
rajat28, 87190, 87190, 607235
helm3d01, 32226, 32226, 428444
pre2, 659033, 659033, 5959282
fome12, 24284, 48920, 142528
twotone, 120750, 120750, 1224224
Franz11, 47104, 30144, 329728
dbir1, 18804, 45775, 1077025
pkustk03, 63336, 63336, 3130416
Si5H12, 19896, 19896, 738598
neos3, 512209, 518832, 2055024
Delor295K, 295734, 1823928, 2401323
vsp_sctap1-2b_and_seymourl, 40174, 40174, 281662
ca2010, 710145, 710145, 3489366
lowThrust_8, 17702, 17702, 216445
c-71, 76638, 76638, 859554
roadNet-TX, 1393383, 1393383, 3843320
coPapersCiteseer, 434102, 434102, 32073440
scfxm1-2b, 19036, 33047, 111052
skirt, 12598, 12598, 196520
auto, 448695, 448695, 6629222
gupta2, 62064, 62064, 4248286
Transport, 1602111, 1602111, 23500731
ca-CondMat, 23133, 23133, 186936
as-caida, 31379, 31379, 106762
bcsstk31, 35588, 35588, 1181416
pkustk12, 94653, 94653, 7512317
pkustk05, 37164, 37164, 2205144
roadNet-CA, 1971281, 1971281, 5533214
ca-AstroPh, 18772, 18772, 396160
k1_san, 67759, 67759, 559774
wi2010, 253096, 253096, 1209404
HTC_336_4438, 226340, 226340, 904522
karted, 46502, 133115, 1770349
neos2, 132568, 134128, 685087
g7jac120sc, 35550, 35550, 475296
rajat23, 110355, 110355, 556938
sinc18, 16428, 16428, 973826
cage14, 1505785, 1505785, 27130349
soc-sign-epinions, 131828, 131828, 841372
cat_ears_4_4, 19020, 44448, 132888
g7jac100sc, 29610, 29610, 384636
Ill_Stokes, 20896, 20896, 191368
ch8-8-b5, 564480, 376320, 3386880
wheel_601, 902103, 723605, 2170814
crystk03, 24696, 24696, 1751178
af_2_k101, 503625, 503625, 17550675
Si41Ge41H72, 185639, 185639, 15011265
ncvxqp5, 62500, 62500, 424966
cage10, 11397, 11397, 150645
bloweybl, 30003, 30003, 120000
bcsstk37, 25503, 25503, 1140977
fem_hifreq_circuit, 491100, 491100, 20239237
ABACUS_shell_ud, 23412, 23412, 218484
kneser_10_4_1, 349651, 330751, 992252
in-2004, 1382908, 1382908, 16917053
sparsine, 50000, 50000, 1548988
ch7-9-b5, 423360, 317520, 2540160
thermomech_TC, 102158, 102158, 711558
M6, 3501776, 3501776, 21003872
CO, 221119, 221119, 7666057
Bump_2911, 2911419, 2911419, 127729899
ak2010, 45292, 45292, 217098
GL7d24, 21074, 105054, 593892
t3dh, 79171, 79171, 4352105
msc10848, 10848, 10848, 1229778
ABACUS_shell_md, 23412, 23412, 218484
conf5_4-8x8-20, 49152, 49152, 1916928
F2, 71505, 71505, 5294285
internet, 124651, 124651, 207214
pds10, 16558, 16558, 149658
degme, 185501, 659415, 8127528
jan99jac080, 27534, 27534, 171522
net150, 43520, 43520, 3121200
jan99jac060sc, 20614, 20614, 127182
rajat20, 86916, 86916, 605045
Pres_Poisson, 14822, 14822, 715804
ted_A_unscaled, 10605, 10605, 424587
rgg_n_2_22_s0, 4194304, 4194304, 60718396
astro-ph, 16706, 16706, 242502
inline_1, 503712, 503712, 36816342
shuttle_eddy, 10429, 10429, 103599
pkustk08, 22209, 22209, 3226671
barrier2-12, 115625, 115625, 3897557
relat8, 345688, 12347, 1334038
CurlCurl_2, 806529, 806529, 8921789
af_shell5, 504855, 504855, 17588875
ga2010, 291086, 291086, 1418056
bbmat, 38744, 38744, 1771722
2cubes_sphere, 101492, 101492, 1647264
barrier2-10, 115625, 115625, 3897557
GL7d14, 171375, 47271, 1831183
G3_circuit, 1585478, 1585478, 7660826
fxm4_6, 18892, 18892, 497844
conf5_4-8x8-05, 49152, 49152, 1916928
rajat21, 411676, 411676, 1893370
ch7-8-b5, 141120, 141120, 846720
bloweya, 30004, 30004, 150009
apache2, 715176, 715176, 4817870
TSOPF_FS_b162_c4, 40798, 40798, 2398220
as-Skitter, 1696415, 1696415, 22190596
c-72, 84064, 84064, 707558
onetone2, 36057, 36057, 227628
Chebyshev4, 68121, 68121, 5377761
adaptive, 6815744, 6815744, 27248640
pltexpa, 26894, 70364, 143059
EternityII_E, 11077, 262144, 1503732
lowThrust_6, 16928, 16928, 207349
TSOPF_RS_b162_c4, 20374, 20374, 812749
GL7d17, 1548650, 955128, 25978098
dictionary28, 52652, 52652, 178076
case9, 14454, 14454, 147972
g7jac060, 17730, 17730, 203316
south31, 18425, 36321, 112398
wv2010, 135218, 135218, 662922
kron_g500-logn17, 131072, 131072, 10228360
bundle1, 10581, 10581, 770901
c-65, 48066, 48066, 360528
GL7d20, 1437547, 1911130, 29893084
pds-50, 83060, 275814, 590833
af_shell8, 504855, 504855, 17588875
soc-Slashdot0902, 82168, 82168, 948464
Zhao1, 33861, 33861, 166453
watson_1, 201155, 386992, 1055093
oilpan, 73752, 73752, 3597188
af_shell4, 504855, 504855, 17588875
pattern1, 19242, 19242, 9323432
olesnik0, 88263, 88263, 744216
af_5_k101, 503625, 503625, 17550675
Zhao2, 33861, 33861, 166453
GL7d22, 349443, 822922, 8251000
pwt, 36519, 36519, 326107
thermomech_dK, 204316, 204316, 2846228
enron, 69244, 69244, 276143
af_shell3, 504855, 504855, 17588875
ASIC_680k, 682862, 682862, 3871773
pds-40, 66844, 217531, 466800
144, 144649, 144649, 2148786
ns3Da, 20414, 20414, 1679599
web-BerkStan, 685230, 685230, 7600595
12month1, 12471, 872622, 22624727
c-61, 43618, 43618, 310016
pfinan512, 74752, 74752, 596992
n4c6-b5, 51813, 20058, 310878
me2010, 69518, 69518, 335476
mixtank_new, 29957, 29957, 1995041
g7jac160sc, 47430, 47430, 656616
c-56, 35910, 35910, 380900
minsurfo, 40806, 40806, 203622
BenElechi1, 245874, 245874, 13150496
Hamrle3, 1447360, 1447360, 5514242
rel8, 345688, 12347, 821839
shyy161, 76480, 76480, 329762
airfoil_2d, 14214, 14214, 259688
foldoc, 13356, 13356, 120238
n4c6-b12, 25605, 69235, 332865
darcy003, 389874, 389874, 2101242
pds-60, 99431, 336421, 719557
Long_Coup_dt6, 1470152, 1470152, 87088992
Reuters911, 13332, 13332, 296076
mark3jac120, 54929, 54929, 342475
vanbody, 47072, 47072, 2336898
parabolic_fem, 525825, 525825, 3674625
pkustk07, 16860, 16860, 2418804
e40r0100, 17281, 17281, 553562
italy_osm, 6686493, 6686493, 14027956
PFlow_742, 742793, 742793, 37138461
ex11, 16614, 16614, 1096948
SiO, 33401, 33401, 1317655
LeGresley_87936, 87936, 87936, 593276
roadNet-PA, 1090920, 1090920, 3083796
vsp_befref_fxm_2_4_air02, 14109, 14109, 196448
dblp-2010, 326186, 326186, 1615400
lhr10, 10672, 10672, 232633
vsp_c-60_data_cti_cs4, 85830, 85830, 482160
n4c6-b10, 132402, 186558, 1456422
cfd2, 123440, 123440, 3087898
aug3dcqp, 35543, 35543, 128115
amazon0601, 403394, 403394, 3387388
mark3jac060, 27449, 27449, 170695
deltaX, 68600, 21961, 247424
kron_g500-logn16, 65536, 65536, 4912469
nd12k, 36000, 36000, 14220946
pds-100, 156243, 514577, 1096002
ins2, 309412, 309412, 2751484
atmosmodl, 1489752, 1489752, 10319760
n4c6-b9, 186558, 198895, 1865580
thermal1, 82654, 82654, 574458
TF16, 15437, 19321, 216173
baxter, 27441, 30733, 111576
lp_ken_18, 105127, 154699, 358171
bmwcra_1, 148770, 148770, 10644002
net50, 16320, 16320, 945200
gupta1, 31802, 31802, 2164210
kkt_power, 2063494, 2063494, 14612663
citationCiteseer, 268495, 268495, 2313294
wang4, 26068, 26068, 177196
delaunay_n19, 524288, 524288, 3145646
t2dah_a, 11445, 11445, 176117
g7jac180sc, 53370, 53370, 747276
pcrystk03, 24696, 24696, 1751178
Ga41As41H72, 268096, 268096, 18488476
sinc15, 11532, 11532, 568526
conf6_0-8x8-80, 49152, 49152, 1916928
netherlands_osm, 2216688, 2216688, 4882476
nd24k, 72000, 72000, 28715634
HEP-th-new, 27770, 27770, 352807
CoupCons3D, 416800, 416800, 22322336
co2010, 201062, 201062, 974574
Zd_Jac3_db, 22835, 22835, 713907
crystm02, 13965, 13965, 322905
D6-6, 120576, 23740, 146880
TSOPF_FS_b300, 29214, 29214, 4400122
Chevron2, 90249, 90249, 803173
gyro_k, 17361, 17361, 1021159
ch7-9-b4, 317520, 105840, 1587600
mult_dcop_02, 25187, 25187, 193276
stormG2_1000, 528185, 1377306, 3459881
mario001, 38434, 38434, 206156
preferentialAttachment, 100000, 100000, 999970
pkustk13, 94893, 94893, 6616827
trans5, 116835, 116835, 766396
rajat31, 4690002, 4690002, 20316253
TSOPF_RS_b162_c3, 15374, 15374, 610299
c-50, 22401, 22401, 193625
tp-6, 142752, 1014301, 11537419
bcsstk17, 10974, 10974, 428650
ckt11752_tr_0, 49702, 49702, 333029
spal_004, 10203, 321696, 46168124
HTC_336_9129, 226340, 226340, 883422
webbase-1M, 1000005, 1000005, 3105536
atmosmodj, 1270432, 1270432, 8814880
consph, 83334, 83334, 6010480
Wordnet3, 82670, 82670, 132964
lpl1, 32460, 32460, 328036
bauru5727, 40366, 40366, 145019
cage13, 445315, 445315, 7479343
torso1, 116158, 116158, 8516500
xenon2, 157464, 157464, 3866688
co9, 10789, 22924, 109651
tsyl201, 20685, 20685, 2454957
shock-9, 36476, 36476, 142580
c-58, 37595, 37595, 552557
ted_AB_unscaled, 10605, 10605, 522387
TSOPF_RS_b300_c3, 42138, 42138, 4413449
g7jac060sc, 17730, 17730, 203316
sme3Dc, 42930, 42930, 3148656
Dubcova2, 65025, 65025, 1030225
barrier2-2, 113076, 113076, 3805068
m_t1, 97578, 97578, 9753570
ex19, 12005, 12005, 259879
ct2010, 67578, 67578, 336352
bcsstk30, 28924, 28924, 2043492
oh2010, 365344, 365344, 1768240
vsp_p0291_seymourl_iiasa, 10498, 10498, 107736
StocF-1465, 1465137, 1465137, 21005389
thermomech_dM, 204316, 204316, 1423116
vsp_south31_slptsk, 39668, 39668, 379828
Freescale1, 3428755, 3428755, 18920347
G_n_pin_pout, 100000, 100000, 1002396
af_4_k101, 503625, 503625, 17550675
lhr17, 17576, 17576, 381975
ecology1, 1000000, 1000000, 4996000
gas_sensor, 66917, 66917, 1703365
vt2010, 32580, 32580, 155598
rel9, 9888048, 274669, 23667183
mark3jac080sc, 36609, 36609, 227955
ASIC_320ks, 321671, 321671, 1827807
cond-mat-2003, 31163, 31163, 240058
venturiLevel3, 4026819, 4026819, 16108474
lowThrust_11, 18368, 18368, 223801
IG5-15, 11369, 11987, 323509
gsm_106857, 589446, 589446, 21758924
crplat2, 18010, 18010, 960946
chem_master1, 40401, 40401, 201201
email-EuAll, 265214, 265214, 420045
m133-b3, 200200, 200200, 800800
mono_500Hz, 169410, 169410, 5036288
TSOPF_RS_b2383_c1, 38120, 38120, 16171169
e18, 24617, 38602, 156466
rgg_n_2_20_s0, 1048576, 1048576, 13783240
bodyy4, 17546, 17546, 121938
para-10, 155924, 155924, 5416358
chipcool0, 20082, 20082, 281150
shallow_water2, 81920, 81920, 327680
CurlCurl_4, 2380515, 2380515, 26515867
crankseg_2, 63838, 63838, 14148858
net125, 36720, 36720, 2577200
rgg_n_2_16_s0, 65536, 65536, 684254
finan512, 74752, 74752, 596992
bratu3d, 27792, 27792, 173796
qa8fk, 66127, 66127, 1660579
rajat10, 30202, 30202, 130303
c-67, 57975, 57975, 531935
a2nnsnsl, 80016, 80016, 347222
wathen100, 30401, 30401, 471601
tmt_unsym, 917825, 917825, 4584801
flower_7_4, 27693, 67593, 202218
fl2010, 484481, 484481, 2346294
192bit, 13691, 13682, 154303
c-42, 10471, 10471, 110285
stormg2-125, 66185, 172431, 433256
Linux_call_graph, 324085, 324085, 1208908
web-Google, 916428, 916428, 5105039
para-6, 155924, 155924, 5416358
de2010, 24115, 24115, 116056
ri2010, 25181, 25181, 125750
delaunay_n16, 65536, 65536, 393150
cit-Patents, 3774768, 3774768, 16518948
ccc, 49152, 49152, 147456
email-Enron, 36692, 36692, 367662
Ge99H100, 112985, 112985, 8451395
n4c6-b11, 69235, 132402, 830820
great-britain_osm, 7733822, 7733822, 16313034
Maragal_7, 46845, 26564, 1200537
patents, 3774768, 3774768, 14970767
NACA0015, 1039183, 1039183, 6229636
lhr34c, 35152, 35152, 764014
vsp_c-30_data_data, 11023, 11023, 124368
EternityII_Etilde, 10054, 204304, 1170516
Freescale2, 2999349, 2999349, 23042677
trans4, 116835, 116835, 766396
ia2010, 216007, 216007, 1021170
c-big, 345241, 345241, 2341011
srb1, 54924, 54924, 2962152
ch7-8-b3, 58800, 11760, 235200
p2p-Gnutella31, 62586, 62586, 147892
Cube_Coup_dt6, 2164760, 2164760, 127206144
OPF_6000, 29902, 29902, 302418
lowThrust_5, 16262, 16262, 198369
cit-HepTh, 27770, 27770, 352807
inlet, 11730, 11730, 328323
pkustk06, 43164, 43164, 2571768
nc2010, 288987, 288987, 1416620
Delor338K, 343236, 887058, 4211599
brack2, 62631, 62631, 733118
TSOPF_FS_b162_c1, 10798, 10798, 608540
vsp_vibrobox_scagr7-2c_rlfddd, 77328, 77328, 871172
c-64b, 51035, 51035, 717841
lung2, 109460, 109460, 492564
t2dah_e, 11445, 11445, 176117
memplus, 17758, 17758, 126150
lhr71c, 70304, 70304, 1528092
CurlCurl_0, 11083, 11083, 113343
scagr7-2r, 32847, 46679, 120141
para-5, 155924, 155924, 5416358
TSOPF_FS_b39_c19, 76216, 76216, 1977600
NLR, 4163763, 4163763, 24975952
soc-sign-Slashdot090216, 81871, 81871, 545671
Si34H36, 97569, 97569, 5156379
NotreDame_actors, 392400, 127823, 1470404
stokes128, 49666, 49666, 558594
a5esindl, 60008, 60008, 255004
af_0_k101, 503625, 503625, 17550675
pwtk, 217918, 217918, 11634424
dc3, 116835, 116835, 766396
dielFilterV3clx, 420408, 420408, 32886208
rajat29, 643994, 643994, 4866270
pkustk11, 87804, 87804, 5217912
ar2010, 186211, 186211, 904310
mark3jac100, 45769, 45769, 285215
delaunay_n17, 131072, 131072, 786352
torso3, 259156, 259156, 4429042
c-52, 23948, 23948, 202716
dixmaanl, 60000, 60000, 299998
Andrews, 60000, 60000, 760154
barrier2-1, 113076, 113076, 3805068
cyl6, 13681, 13681, 714241
cont11_l, 1468599, 1961394, 5382999
flower_8_4, 55081, 125361, 375266
viscoplastic2, 32769, 32769, 381326
ML_Geer, 1504002, 1504002, 110879972
pcrystk02, 13965, 13965, 968583
IG5-18, 47894, 41550, 1790490
p010, 10090, 19090, 118000
rgg_n_2_17_s0, 131072, 131072, 1457506
af_3_k101, 503625, 503625, 17550675
mult_dcop_01, 25187, 25187, 193276
ramage02, 16830, 16830, 2866352
s3dkq4m2, 90449, 90449, 4820891
pkustk09, 33960, 33960, 1583640
TSOPF_FS_b39_c7, 28216, 28216, 730080
Long_Coup_dt0, 1470152, 1470152, 87088992
pds-80, 129181, 434580, 927826
cont-201, 80595, 80595, 438795
web-NotreDame, 325729, 325729, 1497134
psse2, 28634, 11028, 115262
kron_g500-logn21, 2097152, 2097152, 182082942
ts-palko, 22002, 47235, 1076903
msdoor, 415863, 415863, 20240935
TSOPF_RS_b39_c7, 14098, 14098, 252446
nmos3, 18588, 18588, 386594
wy2010, 86204, 86204, 427586
kim1, 38415, 38415, 933195
ch7-9-b3, 105840, 17640, 423360
transient, 178866, 178866, 961790
TSOPF_RS_b39_c19, 38098, 38098, 684206
GL7d23, 105054, 349443, 2695430
ted_B_unscaled, 10605, 10605, 144579
IG5-17, 30162, 27944, 1035008
n4c6-b6, 104115, 51813, 728805
spmsrtls, 29995, 29995, 229947
nd2010, 133769, 133769, 625946
lp_pds_20, 33874, 108175, 232647
wing_nodal, 10937, 10937, 150976
3Dspectralwave2, 292008, 292008, 14322744
lowThrust_9, 18044, 18044, 219589
watson_2, 352013, 677224, 1846391
windscreen, 22692, 22692, 1482390
neos1, 131581, 133473, 599590
cage15, 5154859, 5154859, 99199551
g7jac200sc, 59310, 59310, 837936
af_1_k101, 503625, 503625, 17550675
barrier2-4, 113076, 113076, 3805068
lpl3, 10828, 33686, 100525
shipsec1, 140874, 140874, 7813404
denormal, 89400, 89400, 1156224
stokes64s, 12546, 12546, 140034
g7jac080, 23670, 23670, 293976
soc-Epinions1, 75888, 75888, 508837
ohne2, 181343, 181343, 11063545
ibm_matrix_2, 51448, 51448, 1056610
wikipedia-20070206, 3566907, 3566907, 45030389
barrier2-11, 115625, 115625, 3897557
2D_54019_highK, 54019, 54019, 996414
NotreDame_www, 325729, 325729, 929849
igbt3, 10938, 10938, 234006
soc-sign-Slashdot081106, 77357, 77357, 516575
majorbasis, 160000, 160000, 1750416
ship_003, 121728, 121728, 8086034
af_shell1, 504855, 504855, 17588875
para-7, 155924, 155924, 5416358
Lin, 256000, 256000, 1766400
cfd1, 70656, 70656, 1828364
s4dkt3m2, 90449, 90449, 3753461
TSOPF_RS_b39_c30, 60098, 60098, 1079986
pli, 22695, 22695, 1350309
rajat15, 37261, 37261, 443573
conf6_0-8x8-20, 49152, 49152, 1916928
halfb, 224617, 224617, 12387821
Zd_Jac6_db, 22835, 22835, 663643
c-62, 41731, 41731, 559343
dielFilterV2clx, 607232, 607232, 25309272
trdheim, 22098, 22098, 1935324
ch8-8-b3, 117600, 18816, 470400
sme3Db, 29067, 29067, 2081063
IMDB, 428440, 896308, 3782463
onetone1, 36057, 36057, 341088
relat9, 12360060, 549336, 38955420
human_gene2, 14340, 14340, 18068388
scfxm1-2r, 37980, 65943, 221388
Fault_639, 638802, 638802, 28614564
tube1, 21498, 21498, 897056
boyd1, 93279, 93279, 1211231
c-66b, 49989, 49989, 499007
c-47, 15343, 15343, 211401
LargeRegFile, 2111154, 801374, 4944201
c-54, 31793, 31793, 391693
nlpkkt80, 1062400, 1062400, 28704672
Maragal_6, 21255, 10152, 537694
nm2010, 168609, 168609, 830970
cage12, 130228, 130228, 2032536
stokes64, 12546, 12546, 140034
mt2010, 132288, 132288, 638668
jan99jac100, 34454, 34454, 215862
ne2010, 193352, 193352, 913854
wikipedia-20051105, 1634989, 1634989, 19753078
or2010, 196621, 196621, 979512
lhr71, 70304, 70304, 1528092
circuit5M_dc, 3523317, 3523317, 19194193
TSOPF_FS_b300_c3, 84414, 84414, 13135930
finance256, 37376, 37376, 298496
invextr1_new, 30412, 30412, 1793881
net75, 23120, 23120, 1489200
mark3jac100sc, 45769, 45769, 285215
hugetric-00010, 6592765, 6592765, 19771708
208bit, 24430, 24421, 299756
hugetric-00000, 5824554, 5824554, 17467046
mark3jac060sc, 27449, 27449, 170695
c-73, 169422, 169422, 1279274
bcircuit, 68902, 68902, 375558
TSOPF_RS_b678_c1, 18696, 18696, 4396289
Chevron3, 381381, 381381, 3413113
coPapersDBLP, 540486, 540486, 30491458
SiO2, 155331, 155331, 11283503
mark3jac140sc, 64089, 64089, 399735
msc23052, 23052, 23052, 1154814
c-55, 32780, 32780, 403450
nv2010, 84538, 84538, 416998
Ga3As3H12, 61349, 61349, 5970947
patents_main, 240547, 240547, 560943
lowThrust_10, 18260, 18260, 222005
3dtube, 45330, 45330, 3213618
c-62ghs, 41731, 41731, 559343
c-73b, 169422, 169422, 1279274
rajat22, 39899, 39899, 197264
TSOPF_RS_b2383, 38120, 38120, 16171169
rajat17, 94294, 94294, 641159
image_interp, 240000, 120000, 711683
turon_m, 189924, 189924, 1690876
lowThrust_4, 13562, 13562, 160947
waveguide3D, 21036, 21036, 303468
fome13, 48568, 97840, 285056
viscorocks, 37762, 37762, 1162244
FEM_3D_thermal2, 147900, 147900, 3489300
stomach, 213360, 213360, 3021648
gearbox, 153746, 153746, 9080404
std1_Jac3_db, 21982, 21982, 531826
crankseg_1, 52804, 52804, 10614210
cca, 49152, 49152, 139264
ted_AB, 10605, 10605, 522387
2D_27628_bjtcai, 27628, 27628, 442898
world, 34506, 67147, 198883
ny2010, 350169, 350169, 1709544
GL7d18, 1955309, 1548650, 35590540
tandem_vtx, 18454, 18454, 253350
hcircuit, 105676, 105676, 513072
juba40k, 40337, 40337, 144945
Ga19As19H42, 133123, 133123, 8884839
kron_g500-logn18, 262144, 262144, 21165908
pds-90, 142823, 475448, 1014136
mk12-b4, 62370, 51975, 311850
amazon0505, 410236, 410236, 3356824
IG5-16, 18846, 18485, 588326
tandem_dual, 94069, 94069, 460493
lowThrust_13, 18476, 18476, 224897
belgium_osm, 1441295, 1441295, 3099940
vfem, 93476, 93476, 1434636
mri2, 63240, 147456, 569160
mark3jac120sc, 54929, 54929, 342475
torso2, 115967, 115967, 1033473
human_gene1, 22283, 22283, 24669643
g7jac080sc, 23670, 23670, 293976
bundle_adj, 513351, 513351, 20208051
boyd2, 466316, 466316, 1500397
dielFilterV2real, 1157456, 1157456, 48538952
language, 399130, 399130, 1216334
std1_Jac3, 21982, 21982, 1455848
tomographic1, 73159, 59498, 647495
il2010, 451554, 451554, 2164464
epb2, 25228, 25228, 175027
blockqp1, 60012, 60012, 640033
kim2, 456976, 456976, 11330020
ch7-8-b4, 141120, 58800, 705600
bayer04, 20545, 20545, 159082
coAuthorsCiteseer, 227320, 227320, 1628268
bone010, 986703, 986703, 71666325
bcsstk36, 23052, 23052, 1143140
route, 20894, 43019, 206782
Flan_1565, 1564794, 1564794, 117406044
rajat26, 51032, 51032, 249302
RM07R, 381689, 381689, 37464962
Delor64K, 64719, 1785345, 652140
lp_osa_60, 10280, 243246, 1408073
jan99jac120sc, 41374, 41374, 260202
bodyy6, 19366, 19366, 134748
rim, 22560, 22560, 1014951
Baumann, 112211, 112211, 760631
conf6_0-8x8-30, 49152, 49152, 1916928
jnlbrng1, 40000, 40000, 199200
cont1_l, 1918399, 1921596, 7031999
lhr10c, 10672, 10672, 232633
bcsstk35, 30237, 30237, 1450163
pkustk02, 10800, 10800, 810000
t3dl_a, 20360, 20360, 509866
Maragal_8, 33212, 75077, 1308415
xenon1, 48600, 48600, 1181120
mi2010, 329885, 329885, 1578090
RFdevice, 74104, 74104, 365580
c-63, 44234, 44234, 434704
