Dataset,Sputnik_time,Sputnik_gflops,ours_time,ours_gflops
12month1, 1184.485352, 48.898284, 53.996544,1072.648302
144, 2188.919922, 2.513062, 5.317632,1034.462700
192bit, 19.931135, 19.819026, 0.356352,1108.498559
208bit, 63.093761, 12.162460, 0.645120,1189.507891
2D_27628_bjtcai, 80.811005, 14.030501, 0.809984,1399.803997
2D_54019_highK, 306.795532, 8.314397, 1.492992,1708.528757
2cubes_sphere, 1078.499268, 3.910059, 3.097600,1361.375214
333SP, 0.004096, 13885791.285058, 76.244995,745.966353
3D_28984_Tetra, 88.937469, 17.246670, 0.961536,1595.234308
3D_51448_3D, 278.460419, 9.713846, 1.678336,1611.668677
3Dspectralwave, 48404.664062, 1.779694, 58.717182,1467.126055
3Dspectralwave2, 8925.408203, 4.108073, 24.039425,1525.253819
3dtube, 220.891129, 37.243968, 4.188160,1964.314208
598a, 1289.111572, 2.946760, 4.253696,893.035636
ABACUS_shell_hd, 57.907200, 9.658886, 0.594944,940.120482
ABACUS_shell_ld, 57.909248, 9.658544, 0.605184,924.213170
ABACUS_shell_md, 57.912319, 9.658032, 0.632832,883.834964
ABACUS_shell_ud, 57.914368, 9.657691, 0.638976,875.336569
AS365, 0.005120, 11368076.287182, 86.882301,669.924118
ASIC_100k, 1032.229858, 2.366389, 1.992704,1225.800339
ASIC_100ks, 1028.615112, 1.440732, 1.528832,969.340281
ASIC_320k, 10801.500000, 0.624592, 6.882304,980.272254
ASIC_320ks, 10791.319336, 0.433606, 4.420608,1058.493735
ASIC_680k, 48598.421875, 0.203952, 12.847104,771.515419
ASIC_680ks, 48575.003906, 0.122752, 7.701504,774.224149
Andrews, 378.105865, 5.146691, 1.981440,982.111137
Baumann, 1315.784668, 1.479889, 1.779712,1094.118263
BenElechi1, 6325.958496, 5.321766, 16.808960,2002.816940
Bump_2911, 0.005120, 63864951.113364, 194.505722,1681.125563
CO, 5115.814941, 3.836164, 13.544448,1448.941003
Chebyshev4, 489.821198, 28.106314, 9.150464,1504.521309
Chevron1, 146.814972, 5.765219, 0.747520,1132.304750
Chevron2, 851.838989, 2.413746, 1.554432,1322.748653
Chevron3, 15167.015625, 0.576090, 5.975040,1462.344912
Chevron4, 52755.390625, 0.309421, 10.986496,1485.788987
CoupCons3D, 18152.488281, 3.148063, 30.186497,1893.070954
Cube_Coup_dt0, 0.005120, 63603073.606749, 165.202942,1971.198121
Cube_Coup_dt6, 0.005120, 63603073.606749, 165.172226,1971.564691
CurlCurl_0, 13.126656, 22.104494, 0.276480,1049.472263
CurlCurl_1, 5352.581055, 1.182327, 4.274176,1480.636638
CurlCurl_2, 67803.851562, 0.336851, 15.777792,1447.590377
CurlCurl_3, 155001.656250, 0.223702, 23.899136,1450.856745
CurlCurl_4, 0.006144, 11048277.525880, 46.601215,1456.627665
D6-6, 299.499512, 1.255470, 0.715776,525.321869
Delor295K, 56204.464844, 0.109375, 5.211136,1179.663521
Delor338K, 31733.957031, 0.339753, 6.822912,1580.218695
Delor64K, 12039.872070, 0.138662, 1.622016,1029.261393
Dubcova1, 27.641855, 23.431967, 0.667648,970.126508
Dubcova2, 443.957245, 5.940608, 2.098176,1256.985113
Dubcova3, 2251.365479, 4.135189, 5.732352,1624.084110
EAT_RS, 56.879105, 14.654160, 0.655360,1271.843782
EAT_SR, 56.821758, 14.668815, 0.652288,1277.821783
ESOC, 1303.103516, 11.826416, 7.815168,1971.940210
Emilia_923, 88881.117188, 1.181053, 62.038017,1692.080630
EternityII_E, 307.009521, 12.538875, 5.132288,750.065845
EternityII_Etilde, 217.591812, 13.771295, 3.859456,776.410176
F1, 12382.994141, 5.548174, 43.552769,1577.465941
F2, 544.939026, 24.871351, 8.056832,1682.220639
FEM_3D_thermal1, 34.042881, 32.391336, 0.688128,1602.455370
FEM_3D_thermal2, 2286.888916, 3.906009, 4.723712,1891.014537
Fault_639, 42586.222656, 1.720117, 43.010048,1703.166757
Flan_1565, 255347.828125, 1.177059, 161.697784,1858.772980
Franz11, 149.537796, 5.644751, 0.892928,945.321096
Freescale1, 0.005120, 9460173.738984, 63.670273,760.733167
Freescale2, 0.005120, 11521338.791053, 57.063423,1033.748939
FullChip, 0.005120, 13310995.336264, 66.695168,1021.847563
G2_circuit, 2351.620117, 0.791065, 1.997824,931.155839
G3_circuit, 261923.015625, 0.074876, 21.166080,926.563356
GL7d14, 851.647461, 5.504424, 3.939328,1190.007162
GL7d15, 8243.190430, 1.888319, 17.692673,879.786542
GL7d16, 45862.792969, 0.808750, 52.867073,701.599941
GL7d17, 154210.718750, 0.431254, 103.011330,645.598218
GL7d18, 315618.750000, 0.288677, 144.906235,628.763714
GL7d19, 389461.000000, 0.245329, 153.083908,624.142519
GL7d20, 286341.125000, 0.267256, 121.362434,630.559987
GL7d21, 123321.132812, 0.377287, 71.840767,647.646538
GL7d22, 29991.667969, 0.704281, 30.534657,691.756922
GL7d23, 3834.914795, 1.799336, 8.372224,824.189716
GL7d24, 232.468475, 6.540085, 1.400832,1085.328903
G_n_pin_pout, 1046.684692, 2.451678, 2.599936,986.998815
Ga10As10H30, 1346.036743, 11.631198, 10.004480,1564.900916
Ga19As19H42, 1865.909302, 12.189868, 14.456832,1573.317581
Ga3As3H12, 401.042419, 38.114732, 9.179136,1665.257368
Ga41As41H72, 7530.626953, 6.285067, 31.210497,1516.492951
GaAsH6, 397.787140, 21.763979, 5.319680,1627.434487
Ge87H76, 1347.971069, 14.988466, 12.545024,1610.520580
Ge99H100, 1348.595703, 16.043037, 13.340672,1621.775271
Geo_1438, 215575.093750, 0.749999, 97.186813,1663.611768
H2O, 473.998322, 11.972287, 3.791872,1496.581141
HEP-th-new, 81.388542, 11.097212, 0.762880,1183.916065
HTC_336_4438, 5343.896484, 0.433312, 3.580928,646.641391
HTC_336_9129, 5343.875977, 0.423206, 3.550208,637.021905
HV15R, 424633.875000, 1.706571, 411.799561,1759.759169
Hamrle3, 218273.750000, 0.064673, 18.940928,745.288715
Hook_1498, 233953.796875, 0.666579, 92.282883,1689.898003
IG5-15, 14.746624, 56.160857, 0.540672,1531.766087
IG5-16, 37.296127, 40.382599, 0.982016,1533.696517
IG5-17, 89.832451, 29.495137, 1.756160,1508.758000
IG5-18, 210.990082, 21.724502, 3.061760,1497.065242
IMDB, 40023.230469, 0.241937, 13.402112,722.505921
Ill_Stokes, 46.156799, 10.613866, 0.548864,892.574615
JP, 639.556580, 54.976326, 21.323776,1648.885762
LargeRegFile, 176296.281250, 0.071795, 17.643520,717.382603
LeGresley_87936, 808.846313, 1.877720, 1.642496,924.682051
Lin, 6836.457520, 0.661451, 3.929088,1150.899106
Linux_call_graph, 10949.524414, 0.282643, 3.634176,851.583541
Long_Coup_dt0, 225367.734375, 0.989262, 115.480576,1930.608836
Long_Coup_dt6, 225367.781250, 0.989262, 115.491837,1930.420592
M6, 0.005120, 10501936.265301, 80.330750,669.356537
ML_Geer, 235889.265625, 1.203330, 150.887421,1881.221954
ML_Laplace, 14866.571289, 4.768169, 37.507072,1889.945647
Maragal_6, 23.200768, 59.329789, 0.963584,1428.517526
Maragal_7, 131.727356, 23.331332, 2.226176,1380.562313
Maragal_8, 262.086670, 12.780285, 2.548736,1314.197420
NACA0015, 112543.507812, 0.141704, 23.717888,672.398328
NLR, 0.005120, 12487976.315473, 95.042557,672.734818
NotreDame_actors, 5236.587402, 0.718833, 4.851712,775.856865
NotreDame_www, 11058.708008, 0.215252, 3.193856,745.310195
OPF_10000, 202.595322, 5.910009, 0.982016,1219.267433
OPF_3754, 25.260033, 16.040315, 0.366592,1105.258410
OPF_6000, 94.327805, 8.207443, 0.684032,1131.803854
PFlow_742, 57573.511719, 1.651358, 55.445503,1714.737077
PR02R, 2723.693604, 7.693210, 12.085248,1733.845112
Pres_Poisson, 24.020992, 76.285701, 0.873472,2097.901583
RFdevice, 574.432251, 1.629234, 1.313792,712.353863
RM07R, 15259.885742, 6.285126, 55.549953,1726.559551
Raj1, 7254.596680, 0.459613, 3.852288,865.539605
Reuters911, 18.947071, 40.003785, 0.506880,1495.333377
Rucci1, 22698.447266, 0.878712, 17.478657,1141.128311
Serena, 201852.328125, 0.818426, 98.753532,1672.863244
Si10H16, 31.795200, 70.525201, 1.286144,1743.477284
Si34H36, 1003.657227, 13.152230, 8.402944,1570.917389
Si41Ge41H72, 3623.457764, 10.605571, 24.705025,1555.506980
Si5H12, 42.758144, 44.221070, 1.258496,1502.436886
Si87H76, 6048.289551, 4.512644, 18.452480,1479.138571
SiO, 118.963203, 28.354959, 2.134016,1580.680155
SiO2, 2531.149902, 11.412113, 19.213312,1503.424681
Stanford, 8287.606445, 0.714319, 7.358464,804.514707
Stanford_Berkeley, 48683.746094, 0.398766, 16.211967,1197.476037
StocF-1465, 223705.546875, 0.240378, 36.116482,1488.899062
TF16, 31.607807, 17.508424, 0.723968,764.402374
TF17, 195.220474, 7.687299, 1.281024,1171.498820
TF18, 1236.707275, 3.306939, 3.320832,1231.533297
TF19, 8002.309082, 1.398227, 10.050560,1113.275854
TSOPF_FS_b162_c1, 12.802048, 121.688532, 0.837632,1859.841075
TSOPF_FS_b162_c3, 101.696510, 45.344014, 2.676736,1722.742848
TSOPF_FS_b162_c4, 177.357819, 34.616141, 3.661824,1676.607947
TSOPF_FS_b300, 94.443520, 119.270357, 6.104064,1845.379135
TSOPF_FS_b300_c1, 94.443520, 119.270357, 6.106112,1844.760187
TSOPF_FS_b300_c2, 347.981812, 64.499673, 12.297216,1825.186465
TSOPF_FS_b300_c3, 760.944641, 44.192414, 18.466816,1820.995070
TSOPF_FS_b39_c19, 609.619995, 8.304609, 3.412992,1483.348335
TSOPF_FS_b39_c30, 1512.557617, 5.282556, 5.576704,1432.776343
TSOPF_FS_b39_c7, 84.415489, 22.140543, 1.248256,1497.292901
TSOPF_FS_b9_c6, 22.150145, 17.101844, 0.357376,1059.971319
TSOPF_RS_b162_c3, 25.561089, 61.122805, 0.801792,1948.591892
TSOPF_RS_b162_c4, 44.817410, 46.424759, 1.181696,1760.721318
TSOPF_RS_b2052_c1, 79.183868, 218.585128, 7.670784,2256.407690
TSOPF_RS_b2383, 176.489471, 234.564659, 19.305471,2144.376158
TSOPF_RS_b2383_c1, 176.468994, 234.591877, 19.292160,2145.855755
TSOPF_RS_b300_c1, 24.350719, 154.996324, 1.810432,2084.735626
TSOPF_RS_b300_c2, 88.925186, 84.749339, 3.708928,2031.948450
TSOPF_RS_b300_c3, 193.037308, 58.529771, 5.582848,2023.775194
TSOPF_RS_b39_c19, 152.886276, 11.456668, 1.206272,1452.050078
TSOPF_RS_b39_c30, 378.992645, 7.295034, 1.747968,1581.701854
TSOPF_RS_b39_c7, 21.149696, 30.556550, 0.347136,1861.696214
TSOPF_RS_b678_c1, 43.511806, 258.653932, 5.124096,2196.387426
TSOPF_RS_b678_c2, 146.655228, 153.296884, 9.977856,2253.168432
Transport, 267466.468750, 0.224932, 40.621056,1481.051402
Trefethen_20000, 42.708992, 33.234991, 1.017856,1394.532191
Trefethen_20000b, 42.708992, 33.233133, 1.002496,1415.819708
Wordnet3, 713.782288, 0.476879, 0.871424,390.611037
Zd_Jac2, 56.461311, 74.487333, 2.369536,1774.884457
Zd_Jac2_db, 55.620609, 31.133852, 1.164288,1487.332837
Zd_Jac3, 56.672256, 86.556446, 2.724864,1800.217959
Zd_Jac3_db, 55.716866, 32.801593, 1.209344,1511.234087
Zd_Jac6, 56.448002, 77.640950, 2.401280,1825.141847
Zd_Jac6_db, 55.608318, 30.551654, 1.034240,1642.680681
Zhao1, 120.592384, 3.533554, 0.582656,731.340038
Zhao2, 120.589310, 3.533644, 0.585728,727.504383
a0nsdsil, 670.061584, 1.356423, 1.521664,597.298107
a2nnsnsl, 669.358093, 1.327971, 1.512448,587.714981
a5esindl, 376.946686, 1.731837, 1.107968,589.195948
adaptive, 0.006144, 11353599.598413, 92.773376,751.902335
af23560, 58.937344, 21.034123, 0.801792,1546.155762
af_0_k101, 26466.560547, 1.697604, 27.000832,1664.012748
af_1_k101, 26466.781250, 1.697589, 27.049984,1660.989080
af_2_k101, 26467.179688, 1.697564, 27.035648,1661.869818
af_3_k101, 26467.232422, 1.697560, 27.010048,1663.444957
af_4_k101, 26467.234375, 1.697560, 27.002880,1663.886513
af_5_k101, 26466.576172, 1.697603, 26.999807,1664.075873
af_shell1, 26596.003906, 1.693018, 26.911743,1673.155088
af_shell10, 237058.500000, 0.568810, 80.821251,1668.387342
af_shell2, 26595.298828, 1.693063, 26.910721,1673.218651
af_shell3, 26595.291016, 1.693064, 26.921984,1672.518655
af_shell4, 26596.150391, 1.693009, 26.917889,1672.773099
af_shell5, 26595.988281, 1.693019, 26.903551,1673.664559
af_shell6, 26595.390625, 1.693057, 26.900480,1673.855617
af_shell7, 26595.322266, 1.693062, 26.903551,1673.664559
af_shell8, 26596.050781, 1.693015, 26.910721,1673.218651
af_shell9, 26595.990234, 1.693019, 26.907648,1673.409726
airfoil_2d, 21.637119, 30.725036, 0.569344,1167.661903
ak2010, 215.377914, 2.580445, 0.987136,563.013482
al2010, 6639.195312, 0.474460, 3.693568,852.843085
amazon-2008, 56354.500000, 0.234329, 11.689984,1129.639948
amazon0302, 7165.513672, 0.441181, 4.113408,768.531848
amazon0312, 16745.564453, 0.489271, 8.827904,928.094215
amazon0505, 17549.746094, 0.489663, 9.123840,941.869775
amazon0601, 16971.224609, 0.510966, 9.223168,940.209799
apache1, 682.871826, 2.032579, 1.304576,1063.940313
apache2, 53310.816406, 0.231355, 10.408960,1184.916341
appu, 23.642113, 200.656612, 3.309568,1433.403496
ar2010, 3619.590088, 0.639584, 2.635776,878.311952
as-Skitter, 299889.125000, 0.189430, 53.043201,1070.974681
as-caida, 103.272446, 2.646502, 0.493568,553.744810
astro-ph, 29.637632, 20.946515, 0.454656,1365.439174
atmosmodd, 168187.500000, 0.134172, 23.352320,966.331956
atmosmodj, 168187.187500, 0.134172, 23.349249,966.459046
atmosmodl, 231261.703125, 0.114237, 27.323393,966.885252
atmosmodm, 231261.015625, 0.114237, 27.313152,967.247768
audikw_1, 92976.226562, 2.138060, 117.858307,1686.675582
aug3dcqp, 132.620285, 2.473033, 0.565248,580.230965
auto, 21003.462891, 0.808000, 19.410944,874.290727
av41092, 178.379776, 24.166356, 2.739200,1573.740121
az2010, 6093.485840, 0.502504, 3.694592,828.779102
barrier2-1, 1342.655518, 7.255006, 7.051264,1381.450807
barrier2-10, 1403.862061, 7.107355, 7.208960,1384.075628
barrier2-11, 1403.862061, 7.107355, 7.207936,1384.272305
barrier2-12, 1403.860962, 7.107360, 7.216128,1382.700819
barrier2-2, 1343.347656, 7.251268, 7.046144,1382.454583
barrier2-3, 1342.654419, 7.255012, 7.046144,1382.454583
barrier2-4, 1343.359985, 7.251202, 7.049216,1381.852161
barrier2-9, 1403.860962, 7.107360, 7.214080,1383.093356
bauru5727, 170.952698, 2.171645, 0.625664,593.367434
baxter, 88.638466, 3.222467, 0.529408,539.535806
bayer01, 349.101044, 2.036950, 0.874496,813.155753
bayer04, 44.597248, 9.131728, 0.395264,1030.323835
bbmat, 160.123901, 28.325617, 2.347008,1932.506553
bcircuit, 497.164276, 1.933825, 1.058816,908.022281
bcsstk17, 13.177856, 83.271813, 0.506880,2164.899053
bcsstk18, 15.259648, 25.011743, 0.366592,1041.131313
bcsstk25, 25.374720, 25.448043, 0.468992,1376.861369
bcsstk29, 21.410816, 74.069539, 0.778240,2037.789408
bcsstk30, 91.584511, 57.120352, 2.825216,1851.659986
bcsstk31, 134.769669, 22.441437, 1.698816,1780.313503
bcsstk32, 212.107269, 24.316161, 2.785280,1851.747250
bcsstk35, 98.479103, 37.697513, 1.973248,1881.373893
bcsstk36, 57.815041, 50.617251, 1.547264,1891.363360
bcsstk37, 70.932480, 41.178613, 1.557504,1875.373040
bcsstk39, 232.580093, 22.996777, 2.955264,1809.852681
bcsstm36, 55.897087, 14.683258, 0.557056,1473.373136
belgium_osm, 216442.578125, 0.036665, 14.651392,541.644535
bfly, 253.061127, 1.988913, 0.705536,713.381705
blockqp1, 376.882172, 4.347471, 1.235968,1325.669021
bloweya, 94.680061, 4.056008, 0.509952,753.057216
bloweybl, 94.594048, 3.247562, 0.527360,582.524247
bmw3_2, 5413.678223, 5.338125, 15.597568,1852.782025
bmw7st_1, 2099.061768, 8.951403, 10.052608,1869.121763
bmwcra_1, 2329.756592, 11.695919, 14.526464,1875.793328
bodyy4, 32.560127, 9.587225, 0.321536,970.843935
bodyy5, 36.476929, 9.073115, 0.337920,979.401486
bodyy6, 39.634945, 8.703302, 0.344064,1002.589294
bone010, 101591.890625, 1.805910, 99.042305,1852.398246
boneS01, 1703.912476, 10.089009, 9.487360,1811.967620
boneS10, 87344.937500, 1.625729, 77.214722,1839.016670
boyd1, 908.386292, 3.413472, 2.370560,1308.024876
boyd2, 22664.771484, 0.169471, 6.751232,568.935601
brack2, 411.735046, 4.558228, 1.504256,1247.648052
brainpc2, 80.202751, 5.726128, 0.531456,864.137775
bratu3d, 81.433601, 5.463565, 0.541696,821.342137
bundle1, 12.161024, 162.281280, 1.110016,1777.908229
bundle_adj, 27493.117188, 1.881657, 29.830145,1734.239333
c-42, 11.714560, 24.100744, 0.327680,861.601584
c-43, 13.173760, 24.033229, 0.338944,934.101241
c-45, 18.511871, 24.124904, 0.400384,1115.421970
c-46, 23.581696, 14.155739, 0.370688,900.531789
c-47, 24.950785, 21.690162, 0.437248,1237.710797
c-48, 35.635201, 11.931034, 0.403456,1053.807100
c-49, 47.136768, 8.528958, 0.432128,930.343576
c-50, 53.003265, 9.351877, 0.474112,1045.491352
c-51, 56.763393, 9.157451, 0.498688,1042.351104
c-52, 60.536831, 8.572516, 0.507904,1021.754046
c-53, 96.215042, 9.903496, 0.721920,1319.904231
c-54, 106.507263, 9.414701, 0.758784,1321.501356
c-55, 113.285118, 9.117102, 0.788480,1309.902624
c-56, 135.679993, 7.186793, 0.808960,1205.379716
c-57, 150.373383, 6.898191, 0.836608,1239.892912
c-58, 148.765701, 9.508549, 1.017856,1389.730883
c-59, 179.276794, 6.861859, 0.963584,1276.663117
c-60, 199.843842, 3.824785, 0.834560,915.883461
c-61, 199.771133, 3.972751, 0.843776,940.582538
c-62, 183.318527, 7.811093, 1.070080,1338.141096
c-62ghs, 183.325699, 7.810788, 1.069056,1339.422850
c-63, 205.566971, 5.413526, 0.953344,1167.303990
c-64, 273.050629, 6.730155, 1.339392,1372.020314
c-64b, 273.048584, 6.730205, 1.338368,1373.069948
c-65, 242.447357, 3.806813, 0.944128,977.570523
c-66, 262.226959, 4.871574, 1.075200,1188.111947
c-66b, 262.232056, 4.871479, 1.076224,1186.981480
c-67, 352.078857, 3.867752, 1.208320,1126.980912
c-67b, 352.081909, 3.867718, 1.208320,1126.980912
c-68, 440.049652, 3.292754, 1.329152,1090.150241
c-69, 476.741638, 3.350585, 1.415168,1128.744536
c-70, 497.453064, 3.391283, 1.464320,1152.073470
c-71, 615.031799, 3.577796, 1.820672,1208.596715
c-72, 739.164185, 2.450536, 1.710080,1059.218546
c-73, 2996.093994, 1.093070, 3.227648,1014.652595
c-73b, 2996.301758, 1.092995, 3.227648,1014.652595
c-big, 12429.799805, 0.482147, 6.784000,883.400388
ca-AstroPh, 37.566463, 26.996675, 0.755712,1342.005469
ca-CondMat, 56.491009, 8.471369, 0.553984,863.844753
ca-HepPh, 15.408128, 39.378282, 0.441344,1374.768003
ca2010, 52564.781250, 0.169938, 10.399744,858.942002
cage10, 13.902848, 27.739007, 0.385024,1001.628960
cage11, 160.922623, 8.904207, 1.177600,1216.786930
cage12, 1774.297119, 2.932593, 3.910656,1330.542035
cage13, 20686.916016, 0.925567, 14.469120,1323.309092
cage14, 236308.546875, 0.293911, 55.230465,1257.525055
cage15, 0.005120, 49599776.752996, 212.290558,1196.241854
caidaRouterLevel, 3856.601074, 0.808592, 3.815424,817.318848
cant, 416.431091, 24.635289, 5.478400,1872.608800
case39, 170.818558, 15.618500, 1.750016,1524.517284
case9, 22.147072, 17.104217, 0.362496,1045.000033
cat_ears_4_4, 88.833023, 3.829581, 0.499712,680.778702
cbuckle, 20.604927, 84.051664, 0.813056,2130.085033
cca, 252.929031, 1.409549, 0.666624,534.807980
ccc, 252.918777, 1.492524, 0.701440,538.160602
cfd1, 524.031006, 8.931937, 2.600960,1799.570855
cfd2, 1594.509277, 4.957650, 4.109312,1923.684249
ch7-7-b5, 195.763199, 2.768144, 0.706560,766.956505
ch7-8-b3, 73.645058, 8.175864, 0.714752,842.406855
ch7-8-b4, 868.728821, 2.079286, 1.899520,950.943376
ch7-8-b5, 2079.953857, 1.042140, 2.297856,943.315470
ch7-9-b3, 197.433350, 5.489456, 1.158144,935.809021
ch7-9-b4, 3511.124023, 1.157537, 4.106240,989.775610
ch7-9-b5, 14018.758789, 0.463865, 6.380544,1019.162224
ch8-8-b3, 233.484283, 5.157623, 1.281024,940.047977
ch8-8-b4, 4621.510742, 1.042277, 4.840448,995.134355
ch8-8-b5, 22148.332031, 0.391470, 8.344576,1039.047751
channel-500x100x100-b050, 0.008192, 26675857.567350, 121.721855,1795.311321
chem_master1, 171.323395, 3.006446, 0.634880,811.294347
chipcool0, 42.793983, 16.818813, 0.661504,1088.041844
chipcool1, 42.791935, 16.819618, 0.665600,1081.346151
circuit5M, 0.006144, 24801787.039406, 155.997177,976.826554
circuit5M_dc, 0.006144, 7997580.133785, 55.827457,880.160701
circuit_4, 672.503784, 1.170947, 1.139712,690.934426
cit-HepPh, 125.714432, 8.584851, 0.947200,1139.400000
cit-HepTh, 81.472511, 11.085775, 0.762880,1183.916065
cit-Patents, 0.005120, 8259474.208652, 73.308159,576.859486
citationCiteseer, 7522.270996, 0.787267, 7.366656,803.897016
ckt11752_dc_1, 259.154938, 3.289747, 0.952320,895.239266
ckt11752_tr_0, 259.154938, 3.289747, 1.122304,759.646467
cnr-2000, 11052.379883, 0.744939, 5.728256,1437.322074
co2010, 4219.151367, 0.591330, 2.864128,871.088632
co9, 26.144768, 10.736625, 0.350208,801.542365
coAuthorsCiteseer, 5392.204590, 0.773036, 4.114432,1013.108547
coAuthorsDBLP, 9329.454102, 0.536548, 5.622784,890.253120
coPapersCiteseer, 19709.101562, 4.165994, 47.019009,1746.272599
coPapersDBLP, 30517.335938, 2.557829, 48.954369,1594.508003
cond-mat-2003, 102.228989, 6.011489, 0.637952,963.314562
cond-mat-2005, 171.771912, 5.236876, 0.845824,1063.516945
conf5_4-8x8-05, 256.428040, 19.137282, 2.914304,1683.879118
conf5_4-8x8-10, 256.422913, 19.137665, 2.917376,1682.105978
conf5_4-8x8-15, 256.424957, 19.137512, 2.918400,1681.515761
conf5_4-8x8-20, 256.439301, 19.136442, 2.916352,1682.696610
conf6_0-8x8-20, 256.421875, 19.137742, 2.913280,1684.470996
conf6_0-8x8-30, 256.427002, 19.137359, 2.915328,1683.287656
conf6_0-8x8-80, 256.427002, 19.137359, 2.915328,1683.287656
consph, 736.737305, 20.885095, 8.130560,1892.468532
cont-201, 679.258118, 1.653738, 1.257472,893.312269
cont-300, 3414.303711, 0.740936, 2.737152,924.237714
cont11_l, 300120.500000, 0.045916, 20.932608,658.325884
cont1_l, 384082.906250, 0.046870, 23.201792,775.884795
cop20k_A, 1537.587158, 4.369370, 4.332544,1550.656518
copter1, 31.509504, 17.147964, 0.458752,1177.812484
copter2, 323.359741, 6.016448, 1.479680,1314.795899
crankseg_1, 311.873535, 87.126269, 15.601664,1741.633349
crankseg_2, 453.189636, 79.924768, 21.306368,1700.011785
crashbasis, 2673.131592, 1.676335, 3.477504,1288.586567
crplat2, 35.587070, 69.126841, 1.220608,2015.406886
crystk02, 21.804031, 113.720827, 1.188864,2085.665387
crystk03, 67.106819, 66.804175, 2.295808,1952.696188
crystm02, 20.943872, 39.469148, 0.634880,1302.036277
crystm03, 64.740349, 23.083768, 1.094656,1365.224521
ct2010, 478.034943, 1.801251, 1.074176,801.601560
ct20stif, 291.720184, 23.680450, 3.751936,1841.200211
cvxbqp1, 262.409210, 3.414202, 1.096704,816.918763
cvxqp3, 32.331776, 9.696428, 0.369664,848.074762
cyl6, 20.517887, 89.115266, 0.819200,2232.003181
cz10228, 11.186176, 23.543573, 0.306176,860.167205
cz20468, 44.321793, 11.902825, 0.480256,1098.486161
cz40948, 176.361465, 5.982593, 0.902144,1169.545951
d_pretok, 3486.355469, 1.205465, 3.404800,1234.339872
darcy003, 15848.862305, 0.339405, 7.024640,765.758737
dawson5, 279.484406, 9.258438, 1.580032,1637.681474
dbic1, 1022.086121, 2.709672, 2.900992,954.679696
dbir1, 91.070465, 30.275282, 1.984512,1389.351155
dbir2, 91.801598, 32.296682, 2.062336,1437.635325
dblp-2010, 11094.510742, 0.372745, 4.311040,959.263675
dc1, 1425.986572, 1.375871, 1.929216,1016.979816
dc2, 1426.678833, 1.375204, 1.900544,1032.322173
dc3, 1425.981445, 1.375876, 1.902592,1031.211010
de2010, 61.282303, 4.848110, 0.488448,608.259966
debr, 114573.375000, 0.093716, 15.987712,671.603475
degme, 12774.562500, 1.628742, 17.024000,1222.184650
delaunay_n15, 112.986115, 4.453316, 0.581632,865.088001
delaunay_n16, 449.875977, 2.237203, 1.127424,892.711170
delaunay_n17, 1794.718750, 1.121658, 2.184192,921.650282
delaunay_n18, 7169.308594, 0.561609, 4.255744,946.097213
delaunay_n19, 28656.634766, 0.281012, 8.351744,964.212271
delaunay_n20, 114584.828125, 0.140559, 16.621569,968.976673
delaunay_n21, 0.004096, 7864260.019855, 32.971775,976.957076
delaunay_n22, 0.005120, 12582869.317870, 65.924095,977.249504
deltaX, 158.848007, 3.987494, 0.852992,742.569029
denormal, 835.829773, 3.541311, 1.875968,1577.816611
dictionary28, 290.050049, 1.571710, 0.681984,668.453446
dielFilterV2clx, 38483.046875, 1.683644, 40.894463,1584.364538
dielFilterV2real, 139703.234375, 0.889455, 79.589378,1561.260054
dielFilterV3clx, 18498.638672, 4.551075, 50.733055,1659.444563
dielFilterV3real, 126946.289062, 1.800946, 141.081604,1620.504763
dixmaanl, 376.875000, 2.037797, 1.108992,692.516171
e18, 99.865601, 4.010920, 0.516096,776.121038
e40r0100, 32.232449, 43.965593, 1.041408,1360.771953
ecl32, 283.582458, 3.434142, 0.964608,1009.593935
ecology1, 104206.226562, 0.122735, 12.298240,1039.966719
ecology2, 104205.226562, 0.122736, 12.305408,1039.359073
email-Enron, 141.494278, 6.651963, 0.820224,1147.509381
email-EuAll, 7332.363281, 0.146653, 2.257920,476.241491
engine, 2159.558594, 5.578708, 7.169024,1680.500288
enron, 500.154358, 1.413416, 0.883712,799.950759
epb2, 67.172356, 6.670439, 0.474112,945.070186
epb3, 748.841980, 1.584954, 1.165312,1018.508303
eu-2005, 77582.453125, 0.634705, 27.949057,1761.846887
ex11, 30.802944, 91.166184, 1.494016,1879.622965
ex19, 15.529984, 42.839080, 0.457728,1453.461973
ex35, 41.182209, 14.186040, 0.496640,1176.329905
fcondp2, 4267.786133, 6.774812, 14.802944,1953.222859
fe_body, 213.500931, 3.926531, 0.799744,1048.233022
fe_ocean, 2148.265869, 0.976190, 2.078720,1008.849709
fe_rotor, 1039.205322, 3.263693, 2.489344,1362.466128
fe_tooth, 639.740906, 3.622194, 1.844224,1256.499183
fem_filter, 575.616028, 7.699381, 2.463744,1798.842532
fem_hifreq_circuit, 25176.035156, 2.058007, 33.484798,1547.342351
filter3D, 1189.539795, 5.826100, 4.481024,1546.605992
finan512, 585.056274, 2.612227, 1.439744,1061.507827
finance256, 146.913284, 5.201366, 0.752640,1015.292505
fl2010, 24470.451172, 0.245460, 6.623232,906.885451
flickr, 70232.375000, 0.358571, 24.467457,1029.255636
flower_7_4, 196.273148, 2.637539, 0.693248,746.743012
flower_8_4, 721.738770, 1.331065, 1.217536,789.037024
foldoc, 18.998272, 16.201962, 0.336896,913.662608
fome12, 124.724220, 2.925428, 0.618496,589.933774
fome13, 496.849915, 1.468740, 1.053696,692.555856
fome20, 383.213562, 1.554163, 0.972800,612.228937
fome21, 1529.798706, 0.778634, 1.808384,658.683487
ford1, 37.014526, 7.025203, 0.318464,816.527303
ford2, 1049.576416, 1.328537, 1.520640,916.983156
fullb, 4160.064453, 7.204859, 16.339968,1834.316788
fxm3_16, 370.316284, 2.711642, 0.989184,1015.144905
fxm4_6, 38.183937, 33.377403, 0.681984,1868.783764
g7jac040, 14.841856, 19.779046, 0.326656,898.675511
g7jac040sc, 14.840832, 19.780412, 0.331776,884.807117
g7jac050sc, 23.119871, 17.493800, 0.381952,1058.914243
g7jac060, 33.313793, 15.623828, 0.430080,1210.214295
g7jac060sc, 33.310719, 15.625270, 0.437248,1190.374730
g7jac080, 59.242496, 12.703357, 0.594944,1264.956970
g7jac080sc, 59.245567, 12.702698, 0.592896,1269.326458
g7jac100, 92.569603, 10.637057, 0.739328,1331.842057
g7jac100sc, 92.570625, 10.636940, 0.741376,1328.163014
g7jac120, 133.146622, 9.138480, 0.889856,1367.364817
g7jac120sc, 133.144577, 9.138620, 0.890880,1365.793121
g7jac140, 181.163010, 7.997479, 1.042432,1389.872365
g7jac140sc, 181.163010, 7.997479, 1.046528,1384.432509
g7jac160, 236.528641, 7.106695, 1.219584,1378.287167
g7jac160sc, 236.712967, 7.101161, 1.218560,1379.445400
g7jac180, 299.115509, 6.395611, 1.389568,1376.705998
g7jac180sc, 299.117554, 6.395568, 1.389568,1376.705998
g7jac200, 369.915894, 5.798929, 1.548288,1385.476201
g7jac200sc, 369.214478, 5.809946, 1.546240,1387.311283
ga2010, 8837.513672, 0.410774, 3.981312,911.815835
garon2, 19.692545, 50.778298, 0.543744,1839.015914
gas_sensor, 470.315002, 9.271689, 2.388992,1825.294631
gearbox, 2484.871094, 9.354946, 12.416000,1872.248192
graphics, 37.037056, 8.152976, 0.326656,924.404350
great-britain_osm, 0.004096, 10195646.275742, 77.660156,537.745081
gridgena, 251.845627, 5.205312, 0.969728,1351.858510
gsm_106857, 36262.250000, 1.536111, 57.663486,965.998569
gupta1, 107.719681, 51.433290, 3.103744,1785.062668
gupta2, 406.414337, 26.759913, 6.043648,1799.511252
gupta3, 37.999615, 628.110924, 13.848576,1723.496612
gyro, 33.246208, 78.630532, 1.369088,1909.422139
gyro_k, 33.141762, 78.878337, 1.371136,1906.570271
gyro_m, 32.144382, 27.112151, 0.659456,1321.548884
halfb, 5284.893555, 6.000655, 16.947201,1871.271969
hangGlider_4, 25.802752, 14.835702, 0.371712,1029.834713
hangGlider_5, 27.130880, 14.648613, 0.375808,1057.534058
hcircuit, 1166.907349, 1.125594, 1.607680,816.993649
helm2d03, 16046.076172, 0.437450, 7.385088,950.476640
helm3d01, 109.711357, 9.997294, 0.902144,1215.788856
hi2010, 65.935364, 4.819304, 0.502784,632.006093
hollywood-2009, 135697.562500, 2.148615, 198.269958,1470.529370
hood, 5093.488770, 5.412242, 17.218559,1601.016423
hugetrace-00000, 0.009216, 3821740.420377, 61.284351,574.717039
hugetric-00000, 0.009216, 4851957.050604, 77.646851,575.884758
hugetric-00010, 0.005120, 9885854.249738, 90.427391,559.737176
hugetric-00020, 0.006144, 8900647.185176, 97.640450,560.070939
human_gene1, 84.515839, 747.247937, 42.633217,1481.339921
human_gene2, 43.438080, 1064.850782, 30.511105,1516.007824
hvdc1, 65.128448, 6.288364, 0.489472,836.720708
hvdc2, 3763.383301, 0.916468, 2.765824,1247.013107
iChem_Jacobian, 7840.099121, 1.350961, 6.902784,1534.404791
ia2010, 4868.171875, 0.536997, 2.960384,883.059527
ibm_matrix_2, 278.457336, 9.713953, 1.537024,1759.843413
id2010, 2344.818604, 0.795096, 2.177024,856.378219
igbt3, 12.861440, 46.577628, 0.471040,1271.771711
il2010, 21258.710938, 0.260647, 6.515712,850.410212
image_interp, 3006.357422, 0.606019, 2.595840,701.857008
in-2004, 199285.578125, 0.217315, 27.037697,1601.750916
in2010, 7439.725586, 0.441037, 3.648512,899.323632
inlet, 14.925824, 56.312259, 0.466944,1800.016412
inline_1, 26527.230469, 3.552947, 55.640064,1693.920322
ins2, 9984.180664, 0.705496, 7.186432,980.152481
internet, 1620.872192, 0.327273, 1.373184,386.305006
invextr1_new, 99.953667, 45.944641, 2.741248,1675.271825
italy_osm, 0.006144, 5844981.459925, 65.500160,548.266863
jan99jac060, 44.872704, 7.255768, 0.409600,794.887520
jan99jac060sc, 44.876801, 7.255105, 0.408576,796.879677
jan99jac080, 79.916031, 5.494471, 0.558080,786.798140
jan99jac080sc, 79.921150, 5.494119, 0.555008,791.153145
jan99jac100, 124.823555, 4.427103, 0.665600,830.238459
jan99jac100sc, 124.820480, 4.427212, 0.667648,827.691696
jan99jac120, 179.695618, 3.706919, 0.771072,863.884495
jan99jac120sc, 179.695618, 3.706919, 0.760832,875.511427
jnlbrng1, 167.876602, 3.037660, 0.632832,805.825255
juba40k, 170.697723, 2.173779, 0.631808,587.297423
k1_san, 481.035278, 2.979036, 1.297408,1104.526453
k3plates, 13.505536, 71.826332, 0.467968,2072.904871
karted, 650.683411, 6.965128, 4.062208,1115.672374
kim1, 155.705338, 15.342950, 1.302528,1834.109636
kim2, 21778.302734, 1.331823, 13.622272,2129.222804
kkt_power, 443672.093750, 0.084315, 40.892414,914.800902
kneser_10_4_1, 12056.102539, 0.210695, 4.150272,612.047882
kron_g500-logn16, 454.468597, 27.671704, 8.536064,1473.269228
kron_g500-logn17, 1805.058105, 14.506238, 18.805759,1392.371401
kron_g500-logn18, 7197.945801, 7.527804, 45.389824,1193.763708
kron_g500-logn19, 28722.380859, 3.882666, 106.531837,1046.817562
kron_g500-logn20, 114743.117188, 1.991000, 240.933884,948.200236
kron_g500-logn21, 0.006144, 75867889.816488, 529.020935,881.122656
ks2010, 5939.501953, 0.483509, 3.227648,889.750946
ky2010, 2728.599609, 0.739101, 2.331648,864.929691
la2010, 4361.672852, 0.575564, 2.857984,878.389446
laminar_duct3D, 478.246918, 20.518014, 5.283840,1857.110887
language, 16606.011719, 0.187511, 5.232640,595.075366
largebasis, 20189.931641, 0.704998, 9.753600,1459.343814
ldoor, 94572.992188, 1.259319, 72.770561,1636.616978
lhr10, 12.220416, 48.733241, 0.362496,1642.888470
lhr10c, 12.218368, 48.741411, 0.349184,1705.520496
lhr11, 12.877824, 46.465689, 0.366592,1632.269598
lhr11c, 12.876800, 46.469385, 0.362496,1650.713329
lhr14, 21.726208, 36.274921, 0.407552,1933.781389
lhr14c, 21.722113, 36.281760, 0.410624,1919.314226
lhr17, 32.944126, 29.682256, 0.643072,1520.601093
lhr17c, 32.951298, 29.675796, 0.650240,1503.838573
lhr34, 130.774017, 14.956150, 1.351680,1446.996169
lhr34c, 130.775040, 14.956033, 1.343488,1455.819384
lhr71, 519.218201, 7.534242, 2.584576,1513.561870
lhr71c, 519.227417, 7.534108, 2.585600,1512.962435
li, 56.359936, 61.334191, 1.945600,1776.722338
light_in_tissue, 90.630142, 11.470522, 0.785408,1323.611440
ljournal-2008, 0.005120, 39511571.998146, 185.332733,1091.546216
lowThrust_10, 35.273727, 16.112071, 0.467968,1214.469399
lowThrust_11, 35.665920, 16.063810, 0.470016,1218.959688
lowThrust_12, 36.023296, 15.960729, 0.492544,1167.323296
lowThrust_13, 36.122623, 15.938386, 0.479232,1201.372830
lowThrust_4, 19.569664, 21.054236, 0.388096,1061.655660
lowThrust_5, 28.025856, 18.119862, 0.419840,1209.567050
lowThrust_6, 30.305281, 17.515543, 0.434176,1222.576657
lowThrust_7, 31.978497, 16.936261, 0.449536,1204.789305
lowThrust_8, 33.173504, 16.703065, 0.456704,1213.256751
lowThrust_9, 34.423809, 16.330204, 0.471040,1193.418452
lp1, 29763.408203, 0.141353, 6.165504,682.370041
lp_ken_18, 1697.187866, 0.540257, 1.585152,578.441527
lp_nug20, 116.287491, 6.709991, 1.048576,744.140627
lp_nug30, 2071.152588, 1.937843, 6.609920,607.203716
lp_osa_60, 261.621765, 13.778161, 5.302272,679.834416
lp_pds_10, 86.803459, 3.173477, 0.610304,451.363257
lp_pds_20, 383.213562, 1.554163, 0.983040,605.851578
lpl1, 111.038467, 7.562894, 0.783360,1072.013066
lpl3, 38.361088, 6.708465, 0.423936,607.035011
lung2, 1251.780640, 1.007336, 1.394688,904.118936
luxembourg_osm, 1370.973145, 0.446901, 1.228800,498.608310
m133-b3, 4181.097656, 0.490313, 2.624512,781.115893
m14b, 4819.405762, 1.783741, 7.649280,1123.840686
m_t1, 1013.828613, 24.628560, 13.185024,1893.749962
ma2010, 2590.133301, 0.767575, 2.326528,854.544428
mac_econ_fwd500, 4450.089844, 0.732542, 3.067904,1062.574267
majorbasis, 2673.132568, 1.676335, 3.482624,1286.692129
mario001, 155.256836, 3.399266, 0.648192,814.202226
mario002, 15848.875000, 0.339405, 7.019520,766.317308
mark3jac040, 35.317760, 8.222311, 0.366592,792.143876
mark3jac040sc, 35.321857, 8.221357, 0.372736,779.086524
mark3jac060, 79.426559, 5.501676, 0.547840,797.640188
mark3jac060sc, 79.427582, 5.501605, 0.540672,808.214956
mark3jac080, 140.972031, 4.139579, 0.683008,854.404029
mark3jac080sc, 140.975098, 4.139489, 0.690176,845.530403
mark3jac100, 219.918335, 3.320098, 0.813056,898.032125
mark3jac100sc, 219.914246, 3.320160, 0.816128,894.651802
mark3jac120, 316.345337, 2.771452, 0.956416,916.688962
mark3jac120sc, 316.359680, 2.771327, 0.952320,920.631740
mark3jac140, 430.202881, 2.378695, 1.063936,961.826280
mark3jac140sc, 430.198792, 2.378718, 1.075200,951.750034
matrix-new_3, 1643.335693, 4.172976, 3.549184,1932.162389
matrix_9, 1120.061401, 4.848991, 2.894848,1876.149558
mc2depi, 28819.722656, 0.186559, 6.300672,853.333732
md2010, 2203.231201, 0.813790, 2.112512,848.737231
me2010, 505.853943, 1.697760, 1.107968,775.129409
memchip, 0.005120, 7405101.187069, 42.559486,890.849969
memplus, 33.265663, 9.708028, 0.371712,868.801655
mi2010, 11348.662109, 0.355981, 4.467712,904.245947
minsurfo, 174.814209, 2.981865, 0.638976,815.793297
mip1, 478.628876, 55.373209, 12.177408,2176.425079
mixtank_new, 97.454079, 52.407298, 3.100672,1647.160664
mk12-b3, 76.541954, 6.953363, 0.651264,817.216966
mk12-b4, 339.788788, 2.349507, 0.984064,811.264322
mk13-b5, 3810.054199, 0.544788, 2.603008,797.413444
mn2010, 7039.960938, 0.446221, 3.505152,896.218233
mo2010, 12309.494141, 0.344516, 4.639744,914.019019
mod2, 241.799164, 2.115448, 0.746496,685.219459
mono_500Hz, 3005.075439, 4.290374, 8.571904,1504.087891
mouse_gene, 263.041016, 281.919019, 50.816002,1459.309316
mri1, 1009.311768, 1.496019, 1.351680,1117.090876
mri2, 973.756409, 1.496318, 1.186816,1227.696314
ms2010, 3080.196045, 0.698121, 2.443264,880.113157
msc10848, 13.850624, 227.298904, 1.489920,2113.020590
msc23052, 57.774078, 51.170420, 1.588224,1861.402259
msdoor, 18066.980469, 2.868038, 31.471617,1646.461128
mt2010, 1827.372070, 0.894722, 1.976320,827.290144
mult_dcop_01, 66.922493, 7.393427, 0.518144,954.920927
mult_dcop_02, 66.926590, 7.392974, 0.513024,964.451149
mult_dcop_03, 66.929665, 7.390340, 0.512000,966.079954
n4c6-b10, 2578.739258, 1.445838, 3.593216,1037.633245
n4c6-b11, 958.059509, 2.220007, 2.130944,998.101868
n4c6-b12, 185.895935, 4.583932, 0.974848,874.120298
n4c6-b5, 109.814781, 7.247182, 0.832512,955.959385
n4c6-b6, 565.694458, 3.298142, 1.814528,1028.223765
n4c6-b7, 1776.465942, 1.881625, 2.997248,1115.237469
n4c6-b8, 3389.721680, 1.351893, 4.188160,1094.165663
n4c6-b9, 3873.127441, 1.233082, 4.350976,1097.658275
nasasrb, 320.073730, 21.413658, 3.673088,1865.991041
nc2010, 8710.148438, 0.416359, 4.005888,905.304196
ncvxbqp1, 262.415375, 3.414122, 1.100800,813.879042
ncvxqp3, 588.759033, 2.173908, 1.664000,769.175369
ncvxqp5, 409.423859, 2.657180, 1.369088,794.625997
ncvxqp7, 800.886780, 1.837841, 1.977344,744.383725
nd12k, 163.859451, 222.175904, 22.368256,1627.557481
nd2010, 1868.798950, 0.857461, 1.923072,833.261457
nd24k, 604.674072, 121.572970, 46.400513,1584.293336
nd6k, 45.935616, 384.388644, 10.396672,1698.344291
ne2010, 3901.973389, 0.599560, 2.662400,878.705767
neos, 25763.291016, 0.151712, 5.398528,724.010799
neos1, 1833.990112, 0.836946, 1.678336,914.566796
neos2, 1855.965210, 0.944965, 1.729536,1014.042300
neos3, 27698.923828, 0.189930, 5.648384,931.392298
net100, 97.485825, 53.392296, 3.147776,1653.545927
net125, 145.996796, 45.190252, 4.046848,1630.313838
net150, 203.816956, 39.203176, 5.007360,1595.705527
net4-1, 819.087341, 7.631446, 4.593664,1360.748389
net50, 29.399040, 82.305816, 1.330176,1819.091615
net75, 58.833920, 64.798539, 2.229248,1710.151549
netherlands_osm, 0.005120, 2441238.061671, 22.689793,550.870551
nh2010, 250.166275, 2.400196, 0.838656,715.964584
nj2010, 3002.552246, 0.707590, 2.421760,877.285382
nlpkkt120, 0.005120, 48422897.223265, 132.605957,1869.638688
nlpkkt80, 117647.070312, 0.624614, 37.049343,1983.407914
nm2010, 2967.717773, 0.716808, 2.440192,871.768785
nmos3, 36.771839, 26.914091, 0.718848,1376.759278
ns3Da, 46.528511, 92.411585, 3.002368,1432.127400
nsct, 91.197441, 19.586178, 1.207296,1479.512282
nug08-3rd, 62.044159, 6.123783, 0.467968,811.903742
nv2010, 747.334656, 1.428430, 1.335296,799.459335
ny2010, 12786.598633, 0.342267, 4.779008,915.761748
obstclae, 167.878662, 3.013346, 0.622592,812.532931
offshore, 7046.189941, 1.541435, 7.996416,1358.263847
oh2010, 13917.020508, 0.325263, 5.017600,902.163255
ohne2, 3453.290527, 8.201649, 17.687551,1601.277328
oilpan, 574.971924, 16.016089, 5.380096,1711.642571
ok2010, 7554.106445, 0.431794, 3.685376,885.070870
olafu, 29.067265, 89.406396, 1.312768,1979.633412
olesnik0, 815.946777, 2.334948, 1.662976,1145.652691
onera_dual, 765.388794, 1.402104, 1.257472,853.422205
onetone1, 136.803329, 6.382778, 0.750592,1163.328796
onetone2, 136.696838, 4.262920, 0.665600,875.492305
opt1, 27.837440, 177.547817, 2.514944,1965.243222
or2010, 4035.003418, 0.621449, 2.811904,891.762578
p010, 20.311041, 14.872699, 0.356352,847.701146
p2p-Gnutella31, 408.843262, 0.926036, 0.771072,491.009315
pa2010, 18528.236328, 0.284413, 5.726208,920.270889
packing-500x100x100-b050, 0.006144, 14573535.317855, 51.594238,1735.461306
para-10, 2548.466797, 5.440870, 10.016768,1384.266447
para-4, 2461.558838, 5.539231, 9.865216,1382.143415
para-5, 2548.463623, 5.440877, 10.019840,1383.842072
para-6, 2548.461670, 5.440881, 10.018816,1383.983545
para-7, 2548.464600, 5.440875, 10.025984,1382.994102
para-8, 2548.466797, 5.440870, 10.018816,1383.983545
para-9, 2548.458496, 5.440888, 10.024960,1383.135402
parabolic_fem, 28827.433594, 0.326322, 13.002752,723.465293
patents, 0.006144, 6237819.362696, 67.555328,567.315184
patents_main, 6033.901367, 0.237991, 2.391040,600.581349
pattern1, 50.836479, 469.505094, 15.618048,1528.231080
pcrystk02, 21.803007, 113.726169, 1.191936,2080.289920
pcrystk03, 67.098625, 66.812333, 2.295808,1952.696188
pct20stif, 291.731445, 23.679536, 3.752960,1840.697834
pdb1HYS, 148.132858, 75.085288, 5.798912,1918.049163
pds-100, 8382.764648, 0.334706, 4.078592,687.924961
pds-30, 826.704895, 1.054821, 1.375232,634.093456
pds-40, 1517.614136, 0.787425, 1.805312,661.939861
pds-50, 2390.991943, 0.632596, 2.244608,673.851528
pds-60, 3489.251221, 0.527926, 2.710528,679.596739
pds-70, 4675.012695, 0.456399, 3.107840,686.544468
pds-80, 5854.646484, 0.405701, 3.487744,681.023176
pds-90, 7080.638672, 0.366660, 3.769344,688.763906
pds10, 29.027328, 13.198751, 0.406528,942.430740
pfinan512, 585.059326, 2.612213, 1.434624,1065.296249
pkustk01, 52.562943, 47.699247, 1.360896,1842.325068
pkustk02, 13.121536, 158.030276, 0.979968,2115.987436
pkustk03, 424.898560, 18.860655, 4.188160,1913.457239
pkustk04, 330.431488, 32.683839, 5.676032,1902.697073
pkustk05, 148.771835, 37.945143, 3.023872,1866.867655
pkustk06, 199.787521, 32.953640, 3.586048,1835.928099
pkustk07, 33.548286, 184.573905, 3.326976,1861.191102
pkustk08, 57.245697, 144.295173, 4.487168,1840.866681
pkustk09, 123.657219, 32.785133, 2.123776,1908.919998
pkustk10, 687.312866, 16.049458, 5.636096,1957.205668
pkustk11, 815.001587, 16.389974, 7.087104,1884.811485
pkustk12, 948.461548, 20.276554, 10.187776,1887.706625
pkustk13, 954.321899, 17.749857, 9.240576,1833.119224
pkustk14, 2437.455811, 15.582416, 20.296703,1871.311297
pli, 56.355839, 61.338649, 2.071552,1668.696212
pltexpa, 198.082565, 1.848881, 0.704512,519.836482
poisson3Da, 19.690496, 45.863278, 0.673792,1340.281146
poisson3Db, 770.922485, 7.886486, 4.811776,1263.539541
pre2, 45274.753906, 0.336960, 11.729920,1300.585291
preferentialAttachment, 1046.261719, 2.446733, 2.796544,915.388112
psse0, 31.322111, 8.371911, 0.288768,908.085127
psse2, 33.572865, 8.788965, 0.384000,768.413327
pwt, 140.361725, 5.947732, 0.752640,1109.207470
pwtk, 4972.334961, 5.989968, 15.084544,1974.479645
qa8fk, 459.288574, 9.255798, 2.284544,1860.801217
qa8fm, 459.993103, 9.241622, 2.286592,1859.134567
raefsky3, 50.171906, 75.963750, 1.934336,1970.312389
raefsky4, 43.391998, 78.384133, 1.842176,1846.318828
rail_20209, 43.146240, 8.261125, 0.382976,930.701882
rail_79841, 667.350037, 2.124879, 1.337344,1060.338781
rajat09, 63.171585, 4.278298, 0.458752,589.135037
rajat10, 95.915009, 3.477826, 0.557056,598.818923
rajat15, 146.211838, 7.766450, 0.906240,1253.031092
rajat16, 930.482178, 1.763996, 1.579008,1039.492553
rajat17, 930.323486, 1.764297, 1.573888,1042.874142
rajat18, 929.975281, 1.335483, 1.400832,886.591704
rajat20, 790.260742, 1.960005, 1.476608,1048.968420
rajat21, 17667.611328, 0.274345, 5.349376,906.092041
rajat22, 167.060486, 3.022832, 0.684032,738.263448
rajat23, 1272.234009, 1.120675, 1.589248,897.129543
rajat24, 13376.455078, 0.372855, 5.203968,958.399735
rajat25, 795.795471, 1.953419, 1.467392,1059.377204
rajat26, 272.892914, 2.338694, 0.825344,773.269206
rajat28, 795.103210, 1.955119, 1.476608,1052.765230
rajat29, 43228.250000, 0.288183, 11.635712,1070.639386
rajat30, 43232.292969, 0.365675, 13.733888,1151.091774
rajat31, 0.010240, 5079063.378308, 57.536510,903.940946
ramage02, 34.230270, 214.367606, 3.935232,1864.657855
rel8, 450.012146, 4.675225, 2.693120,781.215779
rel9, 283118.750000, 0.214002, 81.433601,744.017058
relat8, 453.256195, 7.534673, 3.219456,1060.780866
relat9, 707620.625000, 0.140931, 101.617661,981.383302
rgg_n_2_15_s0, 113.155075, 7.250482, 0.807936,1015.462595
rgg_n_2_16_s0, 450.374664, 3.889407, 1.531904,1143.472607
rgg_n_2_17_s0, 1796.303833, 2.077163, 3.055616,1221.100910
rgg_n_2_18_s0, 7172.728027, 1.104474, 6.236160,1270.347331
rgg_n_2_19_s0, 28664.576172, 0.584038, 12.845056,1303.318761
rgg_n_2_20_s0, 114603.164062, 0.307889, 26.680321,1322.513876
rgg_n_2_21_s0, 0.006144, 12073328.739623, 55.225346,1343.197287
rgg_n_2_22_s0, 0.006144, 25299330.771808, 114.004990,1363.441147
ri2010, 66.802689, 4.818968, 0.524288,614.013673
rim, 55.084030, 47.169289, 1.514496,1715.603484
rlfprim, 386.307068, 2.124509, 0.894976,917.022291
rma10, 233.744385, 26.000379, 3.374080,1801.214750
roadNet-CA, 404877.250000, 0.034986, 21.320704,664.379008
roadNet-PA, 124011.281250, 0.063660, 11.820032,667.893089
roadNet-TX, 202298.531250, 0.048636, 15.042560,654.070813
route, 94.370819, 5.609381, 0.612352,864.473225
s3dkq4m2, 862.523376, 14.308576, 6.279168,1965.464327
s3dkt3m2, 861.260803, 11.156737, 5.316608,1807.329080
s4dkt3m2, 861.255676, 11.156803, 5.367808,1790.090182
sc2010, 3454.115723, 0.661961, 2.599936,879.440722
sc205-2r, 230.748154, 1.367256, 0.580608,543.381825
scagr7-2r, 160.693253, 1.913963, 0.527360,583.208713
scfxm1-2b, 66.170883, 4.296348, 0.509952,557.489950
scfxm1-2r, 262.504456, 2.159023, 0.785408,721.603632
scircuit, 3052.855225, 0.804125, 2.750464,892.531658
sctap1-2r, 191.618042, 2.489833, 0.659456,723.470481
sd2010, 816.491516, 1.287764, 1.313792,800.315672
sgpf5y6, 8018.981934, 0.265602, 3.544064,600.965031
shallow_water1, 701.338623, 1.196085, 1.016832,824.974829
shallow_water2, 701.334534, 1.196092, 1.014784,826.639775
shar_te2-b2, 363.076599, 4.234743, 2.053120,748.877843
shar_te2-b3, 4181.094238, 0.490314, 2.612224,784.790248
shermanACb, 36.186111, 10.268620, 0.399360,930.442305
ship_001, 136.642563, 87.009703, 6.386688,1861.563985
ship_003, 1563.141113, 13.242724, 11.177984,1851.876564
shipsec1, 2085.940186, 9.589112, 10.456064,1912.986934
shipsec5, 3394.337891, 7.627268, 13.741056,1884.100096
shipsec8, 1391.806519, 12.237837, 9.080832,1875.676406
shock-9, 139.609085, 2.614477, 0.559104,652.838798
shuttle_eddy, 11.594752, 22.873575, 0.288768,918.430872
shyy161, 611.408875, 1.380730, 1.039360,812.221639
sinc15, 14.584832, 99.790422, 0.885760,1643.138711
sinc18, 29.966335, 83.193174, 1.596416,1561.619631
skirt, 16.960512, 29.662500, 0.398336,1262.982026
sls, 11466.304688, 1.519148, 16.453632,1058.673116
smallworld, 1046.428711, 2.446406, 1.918976,1334.039523
sme3Da, 17.709057, 126.472614, 1.593344,1405.666797
sme3Db, 92.319740, 57.707282, 3.800064,1401.955640
sme3Dc, 198.834183, 40.539103, 5.883904,1369.933872
smt, 76.034050, 126.366425, 5.028864,1910.600728
soc-Epinions1, 601.908203, 2.164155, 1.245184,1046.128747
soc-LiveJournal1, 0.005120, 34496887.371465, 214.605820,823.016166
soc-Slashdot0811, 626.555908, 3.699587, 2.079744,1114.559276
soc-Slashdot0902, 706.502686, 3.436743, 2.197504,1104.920761
soc-sign-Slashdot081106, 625.132568, 2.115442, 1.341440,985.830180
soc-sign-Slashdot090216, 700.055542, 1.995438, 1.413120,988.534398
soc-sign-Slashdot090221, 704.686096, 1.995154, 1.418240,991.339384
soc-sign-epinions, 1813.479370, 1.187724, 2.173952,990.781866
south31, 70.322174, 4.091723, 0.409600,702.487518
spal_004, 481.695740, 245.363178, 158.958588,743.529489
sparsine, 264.601593, 14.986339, 3.219456,1231.701670
spmsrtls, 94.862335, 6.205459, 0.520192,1131.628878
srb1, 320.533508, 23.657773, 3.782656,2004.704951
stat96v2, 2912.892822, 2.506646, 5.976064,1221.805990
stat96v3, 3939.693604, 2.155854, 6.720512,1263.803155
std1_Jac2, 51.992577, 61.484765, 1.894400,1687.474324
std1_Jac2_db, 51.332096, 24.874374, 0.908288,1405.780718
std1_Jac3, 52.159489, 71.453363, 2.093056,1780.636039
std1_Jac3_db, 51.380222, 26.498028, 0.910336,1495.573649
stokes128, 259.028992, 5.520620, 1.110016,1288.270309
stokes64, 16.782335, 21.360975, 0.302080,1186.728792
stokes64s, 16.788481, 21.353155, 0.301056,1190.765316
stomach, 4752.104492, 1.627788, 4.935680,1567.244841
stormG2_1000, 75808.210938, 0.116838, 9.785344,905.159313
stormg2-125, 1191.633911, 0.930769, 1.402880,790.613165
struct3, 302.100494, 9.945885, 1.693696,1774.023556
t2dah, 13.999104, 32.206314, 0.345088,1306.505916
t2dah_a, 14.003200, 32.196893, 0.351232,1283.651632
t2dah_e, 14.001152, 32.201602, 0.346112,1302.640484
t2em, 88515.296875, 0.132774, 11.307008,1039.402302
t3dh, 663.303162, 16.796828, 6.630400,1680.349375
t3dh_a, 663.311340, 16.796620, 6.633472,1679.571250
t3dh_e, 663.314453, 16.796542, 6.632448,1679.830505
t3dl, 44.260353, 29.490433, 0.854016,1528.375289
t3dl_a, 44.211201, 29.523219, 0.854016,1528.375289
t60k, 376.803314, 1.215310, 0.797696,574.069324
tandem_dual, 924.854248, 1.274646, 1.356800,868.854743
tandem_vtx, 36.116482, 17.957895, 0.525312,1234.649108
ted_A, 12.332032, 88.139789, 0.616448,1763.235092
ted_AB, 12.541952, 106.626999, 0.757760,1764.820973
ted_AB_unscaled, 12.448768, 107.425149, 0.759808,1760.064007
ted_A_unscaled, 12.333056, 88.132469, 0.601088,1808.292201
ted_B, 12.058624, 30.693571, 0.342016,1082.178107
ted_B_unscaled, 12.058624, 30.693571, 0.339968,1088.697302
thermal1, 715.043823, 2.056675, 1.337344,1099.651567
thermal2, 157162.250000, 0.139764, 18.595840,1181.210461
thermomech_TC, 1091.537964, 1.668827, 2.085888,873.291643
thermomech_TK, 1091.541016, 1.668823, 2.095104,869.450155
thermomech_dK, 4359.195801, 1.671488, 5.150720,1414.626210
thermomech_dM, 4357.720215, 0.836028, 4.483072,812.651931
thread, 100.638718, 113.706962, 6.140928,1863.451789
tmt_sym, 55047.574219, 0.236291, 10.117120,1285.668296
tmt_unsym, 87788.328125, 0.133698, 11.485184,1021.933201
tn2010, 6015.181641, 0.508140, 3.358720,910.035044
tomographic1, 455.980042, 3.635219, 1.606656,1031.700156
torsion1, 167.874557, 3.013420, 0.625664,808.543377
torso1, 1416.485840, 15.391781, 13.675520,1594.253095
torso2, 1404.891113, 1.883200, 1.960960,1349.181441
torso3, 7008.645020, 1.617766, 6.708224,1690.216043
tp-6, 15123.797852, 1.952935, 28.294144,1043.883603
trans4, 1425.979370, 1.375878, 1.901568,1031.766260
trans5, 1425.982422, 1.375875, 1.900544,1032.322173
transient, 3338.661865, 0.737476, 3.084288,798.298503
trdheim, 54.557697, 90.810824, 2.440192,2030.344117
troll, 4774.638672, 6.426012, 16.140287,1900.950299
ts-palko, 110.877693, 24.864079, 2.020352,1364.550254
tsyl201, 48.788479, 128.815041, 3.251200,1933.037031
tube1, 50.118656, 45.820529, 1.297408,1770.039484
tube2, 50.109440, 45.828957, 1.265664,1814.433684
turon_m, 3765.514160, 1.149549, 3.548160,1219.968228
twotone, 1524.394043, 2.055908, 2.381824,1315.803946
tx2010, 87104.421875, 0.130970, 12.450816,916.249680
usroads, 1742.036011, 0.486228, 1.490944,568.114687
usroads-48, 1661.158447, 0.499160, 1.457152,569.044269
ut2010, 1391.506470, 1.052449, 1.898496,771.394270
va2010, 8518.443359, 0.421374, 3.946496,909.527761
vanbody, 236.305405, 25.316640, 3.257344,1836.606409
venkat01, 409.709564, 10.733329, 2.104320,2089.771241
venkat25, 409.705475, 10.733436, 2.106368,2087.739362
venkat50, 409.706482, 10.733410, 2.105344,2088.754807
venturiLevel3, 0.005120, 8054237.203467, 50.708481,813.230701
vfem, 915.392517, 4.012124, 2.312192,1588.392408
vibrobox, 16.497663, 53.197817, 0.544768,1611.033906
viscoplastic2, 113.320961, 8.614422, 0.793600,1230.083836
viscorocks, 151.351303, 19.658533, 1.555456,1912.843924
vsp_barth5_1Ksep_50in_5Kout, 109.246468, 4.771244, 0.646144,806.695755
vsp_bcsstk30_500sep_10in_1Kout, 363.713531, 28.387394, 8.088576,1276.476719
vsp_befref_fxm_2_4_air02, 21.140480, 23.788811, 0.411648,1221.691527
vsp_bump2_e18_aa01_model1_crew1, 334.086151, 4.609892, 1.302528,1182.393846
vsp_c-30_data_data, 12.960768, 24.565063, 0.326656,974.670805
vsp_c-60_data_cti_cs4, 770.283508, 1.602435, 1.288192,958.187574
vsp_finan512_scagr7-2c_rlfddd, 2040.123413, 1.385378, 2.560000,1104.040025
vsp_mod2_pgp2_slptsk, 1074.066406, 1.856090, 1.966080,1013.979192
vsp_model1_crew1_cr42_south31, 213.453827, 4.556850, 0.876544,1109.672899
vsp_msc10848_300sep_100in_1Kout, 54.842369, 113.993313, 4.451328,1404.449108
vsp_p0291_seymourl_iiasa, 11.808768, 23.355879, 0.351232,785.247831
vsp_sctap1-2b_and_seymourl, 169.556992, 4.252580, 0.814080,885.729560
vsp_south31_slptsk, 165.218307, 5.885302, 0.857088,1134.492195
vsp_vibrobox_scagr7-2c_rlfddd, 626.164734, 3.561683, 1.841152,1211.307039
vt2010, 111.682564, 3.566634, 0.615424,647.246280
wa2010, 3991.204834, 0.607693, 2.791424,868.884802
wang3, 71.689217, 6.326615, 0.515072,880.556680
wang4, 71.705597, 6.326169, 0.514048,882.450233
water_tank, 389.012482, 13.393707, 2.814976,1850.928535
wathen100, 97.709053, 12.356056, 0.813056,1484.889813
wathen120, 139.971588, 10.347444, 0.937984,1544.107550
watson_1, 8116.684570, 0.332776, 4.009984,673.578266
watson_2, 24848.664062, 0.190222, 6.998016,675.443017
wave, 2553.451416, 2.124096, 3.739648,1450.343607
waveguide3D, 46.973953, 16.538486, 0.712704,1090.043099
web-BerkStan, 48943.824219, 0.397548, 12.704768,1531.513438
web-Google, 87521.992188, 0.149321, 18.946049,689.795536
web-NotreDame, 11059.559570, 0.346548, 4.124672,929.204334
web-Stanford, 8289.867188, 0.714124, 5.772288,1025.588550
webbase-1M, 104204.171875, 0.076294, 10.606592,749.550094
wheel_601, 68023.968750, 0.081696, 10.216448,543.954605
wi2010, 6682.651855, 0.463300, 3.489792,887.180137
wiki-Talk, 0.005120, 2510705.063426, 25.504768,504.015932
wikipedia-20051105, 278568.562500, 0.181528, 54.590466,926.313399
wikipedia-20060925, 0.006144, 15528789.450733, 111.773697,853.589784
wikipedia-20061104, 0.005120, 19691617.997452, 118.918144,847.819164
wikipedia-20070206, 0.005120, 22515195.068782, 137.723907,837.020950
windscreen, 56.563713, 67.091041, 1.950720,1945.393748
wing, 402.764801, 1.545084, 1.019904,610.160632
wing_nodal, 12.811264, 30.168651, 0.411648,938.905461
world, 242.610168, 2.098595, 0.757760,671.902037
wv2010, 1910.063110, 0.888494, 1.988608,853.401132
wy2010, 777.711609, 1.407489, 1.366016,801.323071
x104, 1246.318604, 20.884802, 13.629440,1909.771557
xenon1, 248.910843, 12.147591, 1.687552,1791.747599
xenon2, 2592.498779, 3.818216, 5.112832,1936.054450
