Dataset,no_blocksplit_time,no_blockSplit_gflops,No_pipeline_time,No_pipeline_time,complete_time,complete_gflops
12month1, 480.578552, 120.519946, 111.412224, 519.864869, 110.925827, 522.144416
144, 9.832448, 559.463132, 9.830400, 559.579661, 9.815040, 560.455420
192bit, 0.671744, 588.044979, 0.671744, 588.044979, 0.662528, 596.224904
208bit, 1.221632, 628.155908, 1.216512, 630.799682, 1.209344, 634.538511
2D_27628_bjtcai, 1.554432, 729.410392, 1.560576, 726.538732, 1.558528, 727.493455
2D_54019_highK, 6.635520, 384.418983, 4.124672, 618.429751, 3.159040, 807.466781
2cubes_sphere, 5.865472, 718.952534, 5.881856, 716.949865, 5.809152, 725.922776
333SP, 142.741501, 398.455954, 142.772217, 398.370231, 142.709763, 398.544570
3D_28984_Tetra, 13.182976, 116.352728, 3.296256, 465.338605, 1.978368, 775.323482
3D_51448_3D, 19.391487, 139.490158, 4.369408, 619.059039, 3.363840, 804.117175
3Dspectralwave, 114.418686, 752.897196, 113.288193, 760.410293, 116.119553, 741.869099
3Dspectralwave2, 47.428608, 773.082454, 47.447041, 772.782121, 48.764927, 751.897459
3dtube, 19.258368, 427.183772, 10.246144, 802.922723, 9.392128, 875.931641
598a, 7.597056, 500.022920, 7.652352, 496.409751, 7.588864, 500.562687
ABACUS_shell_hd, 1.106944, 505.282162, 1.089536, 513.355286, 1.071104, 522.189268
ABACUS_shell_ld, 1.097728, 509.524247, 1.083392, 516.266529, 1.070080, 522.688975
ABACUS_shell_md, 1.084416, 515.779022, 1.077248, 519.211038, 1.068032, 523.691262
ABACUS_shell_ud, 1.082368, 516.754959, 1.086464, 514.806764, 1.073152, 521.192774
AS365, 164.300797, 354.256037, 164.356094, 354.136847, 164.356094, 354.136847
ASIC_100k, 519.183350, 4.704807, 5.397504, 452.553133, 4.211712, 579.967801
ASIC_100ks, 2.865152, 517.235547, 2.848768, 520.210281, 2.861056, 517.976004
ASIC_320k, 1056.913452, 6.383240, 13.362176, 504.897696, 13.788160, 489.298912
ASIC_320ks, 8.554496, 546.985588, 8.553472, 547.051087, 8.632320, 542.054245
ASIC_680k, 2339.922852, 4.235926, 24.217600, 409.278332, 25.703424, 385.619391
ASIC_680ks, 14.974976, 398.176980, 14.996480, 397.606009, 14.962688, 398.503957
Andrews, 3.511296, 554.209677, 3.520512, 552.758855, 3.488768, 557.788361
Baumann, 3.302400, 589.636414, 3.299328, 590.185428, 3.259392, 597.416741
BenElechi1, 36.395008, 924.996903, 36.373505, 925.543747, 38.378494, 877.191000
Bump_2911, 397.074432, 823.494324, 396.933105, 823.787527, 401.698822, 814.014191
CO, 27.751425, 707.174715, 27.800575, 705.924454, 28.216320, 695.523225
Chebyshev4, 276.854797, 49.726674, 20.360191, 676.175775, 16.397312, 839.592979
Chevron1, 1.472512, 574.813975, 1.513472, 559.257457, 1.466368, 577.222432
Chevron2, 3.319808, 619.349937, 3.313664, 620.498308, 3.270656, 628.657618
Chevron3, 13.208576, 661.507277, 13.207552, 661.558577, 13.191168, 662.380268
Chevron4, 24.304640, 671.625453, 24.347649, 670.439063, 24.280064, 672.305269
CoupCons3D, 60.090366, 950.987381, 60.163071, 949.838157, 71.768066, 796.248011
Cube_Coup_dt0, 332.293121, 980.001414, 332.683258, 978.852169, 398.076935, 818.052241
Cube_Coup_dt6, 332.293121, 980.001414, 332.669952, 978.891319, 398.087158, 818.031232
CurlCurl_0, 0.526336, 551.279168, 0.535552, 541.792518, 0.521216, 556.694525
CurlCurl_1, 8.567808, 738.637193, 8.569856, 738.460715, 8.546304, 740.495768
CurlCurl_2, 30.544895, 747.744581, 30.548992, 747.644299, 30.509056, 748.622959
CurlCurl_3, 46.178303, 750.876927, 46.163967, 751.110102, 46.128128, 751.693675
CurlCurl_4, 89.812988, 755.799588, 89.810944, 755.816795, 89.875458, 755.274256
D6-6, 1.252352, 300.245299, 1.240064, 303.220473, 1.228800, 305.999985
Delor295K, 9.078784, 677.115667, 9.070592, 677.727201, 9.041920, 679.876296
Delor338K, 14.478336, 744.677647, 14.480384, 744.572349, 14.454784, 745.890990
Delor64K, 2.827264, 590.492560, 2.775040, 601.605185, 2.721792, 613.374722
Dubcova1, 0.956416, 677.218943, 0.958464, 675.771883, 0.952320, 680.131735
Dubcova2, 4.003840, 658.711642, 4.024320, 655.359394, 3.987456, 661.418194
Dubcova3, 12.344320, 754.178538, 12.339200, 754.491493, 12.144640, 766.578628
EAT_RS, 3.786752, 220.113576, 2.511872, 331.830405, 1.739776, 479.093580
EAT_SR, 1.543168, 540.127755, 1.568768, 531.313634, 1.539072, 541.565190
ESOC, 17.512447, 880.005149, 17.503231, 880.468514, 17.499136, 880.674558
Emilia_923, 128.066559, 819.677895, 128.052231, 819.769610, 128.518143, 816.797731
EternityII_E, 315.744263, 12.192000, 11.538432, 333.628857, 11.619328, 331.306085
EternityII_Etilde, 12.156928, 246.486690, 9.059328, 330.766359, 9.105408, 329.092453
F1, 78.777344, 872.116347, 79.003647, 869.618201, 83.530754, 822.487598
F2, 15.551488, 871.515939, 15.570944, 870.426979, 16.630783, 814.956790
FEM_3D_thermal1, 1.508352, 731.059043, 1.489920, 740.103083, 1.492992, 738.580225
FEM_3D_thermal2, 10.449920, 854.801592, 10.445824, 855.136778, 10.416128, 857.574702
Fault_639, 88.474625, 827.958120, 88.410110, 828.562293, 90.684418, 807.782480
Flan_1565, 318.426117, 943.890770, 319.761414, 939.949162, 337.777649, 889.814568
Franz11, 1.525760, 553.234880, 1.540096, 548.085091, 1.499136, 563.060120
Freescale1, 116.835327, 414.567148, 116.779007, 414.767085, 116.744194, 414.890768
Freescale2, 238.514175, 247.319695, 111.501312, 529.045371, 111.812607, 527.572470
FullChip, 13630.717773, 4.999905, 138.348541, 492.613032, 142.383102, 478.654372
G2_circuit, 3.730432, 498.678283, 3.733504, 498.267957, 3.707904, 501.708078
G3_circuit, 39.763969, 493.203140, 39.627777, 494.898175, 39.589890, 495.371793
GL7d14, 7.373824, 635.739123, 7.363584, 636.623206, 7.352320, 637.598521
GL7d15, 32.004097, 486.368210, 32.056320, 485.575864, 31.986689, 486.632910
GL7d16, 98.262016, 377.475822, 98.224129, 377.621424, 98.193405, 377.739577
GL7d17, 193.854462, 343.061131, 193.788925, 343.177149, 193.820679, 343.120927
GL7d18, 274.767883, 331.595459, 274.831360, 331.518872, 274.820099, 331.532456
GL7d19, 290.322418, 329.103679, 290.330627, 329.094374, 290.322418, 329.103679
GL7d20, 230.618118, 331.831235, 230.582275, 331.882817, 230.704132, 331.707518
GL7d21, 136.245255, 341.497575, 136.195068, 341.623412, 136.655869, 340.471467
GL7d22, 57.851906, 365.114333, 57.814014, 365.353629, 57.917439, 364.701212
GL7d23, 15.843328, 435.533531, 15.880192, 434.522510, 15.758336, 437.882577
GL7d24, 6.306816, 241.066728, 5.160960, 294.589274, 2.893824, 525.382147
G_n_pin_pout, 4.665344, 550.041675, 4.643840, 552.588774, 4.621312, 555.282500
Ga10As10H30, 20.049919, 780.852051, 18.971647, 825.232531, 21.972992, 712.512002
Ga19As19H42, 27.359232, 831.353303, 26.655745, 853.294036, 31.172607, 729.653042
Ga3As3H12, 20.550655, 743.802280, 18.182144, 840.694265, 19.485697, 784.453565
Ga41As41H72, 56.346622, 839.988210, 56.213505, 841.977364, 65.329155, 724.492741
GaAsH6, 13.821952, 626.353725, 11.258880, 768.942497, 11.786240, 734.537165
Ge87H76, 24.119295, 837.670384, 24.126465, 837.421451, 27.718657, 728.896048
Ge99H100, 25.631744, 844.092812, 25.627647, 844.227754, 29.378559, 736.440855
Geo_1438, 198.909958, 812.835758, 198.874115, 812.982255, 199.574524, 810.129085
H2O, 8.065024, 703.636331, 8.086528, 701.765243, 8.044544, 705.427679
HEP-th-new, 2.849792, 316.930470, 2.805760, 321.904208, 1.634304, 552.642528
HTC_336_4438, 27.199488, 85.133086, 7.704576, 300.545587, 6.809600, 340.045871
HTC_336_9129, 27.080704, 83.511874, 7.669760, 294.867147, 6.798336, 332.663803
HV15R, 756.035583, 958.510510, 756.442139, 957.995351, 802.771973, 902.707216
Hamrle3, 35.747841, 394.889850, 35.785728, 394.471767, 35.734528, 395.036970
Hook_1498, 185.554947, 840.444633, 185.611267, 840.189616, 197.782532, 788.485504
IG5-15, 1.512448, 547.577877, 1.436672, 576.459384, 1.196032, 692.442182
IG5-16, 2.255872, 667.641849, 2.165760, 695.420791, 2.186240, 688.906336
IG5-17, 3.782656, 700.465628, 3.802112, 696.881209, 3.895296, 680.210288
IG5-18, 6.433792, 712.434334, 6.446080, 711.076228, 6.793216, 674.739953
IMDB, 25.430016, 380.774650, 25.439232, 380.636700, 25.261057, 383.321463
Ill_Stokes, 1.198080, 408.906002, 1.067008, 459.136268, 1.146880, 427.160703
JP, 44.000256, 799.096973, 44.036095, 798.446622, 44.201984, 795.450058
LargeRegFile, 33.314816, 379.925699, 33.314816, 379.925699, 33.269760, 380.440211
LeGresley_87936, 2.933760, 517.692857, 2.900992, 523.540432, 2.877440, 527.825627
Lin, 6.847488, 660.385830, 6.842368, 660.879964, 6.815744, 663.461546
Linux_call_graph, 7.771136, 398.243520, 7.768064, 398.401001, 7.759872, 398.821591
Long_Coup_dt0, 227.989502, 977.886340, 228.264954, 976.706306, 266.355713, 837.030365
Long_Coup_dt6, 228.025345, 977.732627, 228.262909, 976.715054, 266.379272, 836.956335
M6, 152.282104, 353.094098, 152.290298, 353.075100, 152.285187, 353.086951
ML_Geer, 314.147827, 903.564194, 314.586121, 902.305314, 329.634827, 861.112678
ML_Laplace, 78.259201, 905.789062, 78.316544, 905.125853, 82.050049, 863.940111
Maragal_6, 18.049025, 76.264323, 2.887680, 476.679069, 2.419712, 568.867949
Maragal_7, 33.957890, 90.505469, 5.483520, 560.474787, 4.797440, 640.628061
Maragal_8, 25.481216, 131.451432, 6.269952, 534.221394, 5.075968, 659.882517
NACA0015, 44.607487, 357.515505, 44.555264, 357.934549, 44.549122, 357.983895
NLR, 180.335617, 354.552463, 180.262909, 354.695470, 180.267014, 354.687393
NotreDame_actors, 10.724352, 350.998763, 10.703872, 351.670343, 10.444800, 360.393124
NotreDame_www, 6.183936, 384.934998, 6.192128, 384.425737, 6.146048, 387.307976
OPF_10000, 1.904640, 628.643831, 1.886208, 634.786897, 1.846272, 648.517751
OPF_3754, 0.716800, 565.260734, 0.741376, 546.522803, 0.729088, 555.733842
OPF_6000, 1.270784, 609.222391, 1.280000, 604.836014, 1.288192, 600.989650
PFlow_742, 120.783875, 787.145308, 120.850433, 786.711785, 131.120132, 725.094296
PR02R, 26.132481, 801.835404, 26.185728, 800.204909, 27.840511, 752.642361
Pres_Poisson, 2.236416, 819.372673, 2.237440, 818.997672, 2.317312, 790.768890
RFdevice, 2.762752, 338.750920, 2.746368, 340.771821, 2.234368, 418.858829
RM07R, 99.439613, 964.508001, 99.474434, 964.170380, 107.777023, 889.895636
Raj1, 218.812408, 15.238203, 8.422400, 395.885692, 6.955008, 479.411070
Reuters911, 6.773760, 111.895694, 2.330624, 325.215276, 1.715200, 441.904491
Rucci1, 30.234625, 659.687037, 30.219263, 660.022385, 30.200832, 660.425178
Serena, 199.337982, 828.749006, 199.350266, 828.697941, 213.005310, 775.572940
Si10H16, 3.625984, 618.415004, 3.641344, 615.806372, 3.107840, 721.518108
Si34H36, 16.526337, 798.745088, 16.367617, 806.490677, 18.785280, 702.695413
Si41Ge41H72, 44.211201, 869.210467, 44.447742, 864.584707, 51.219456, 750.278148
Si5H12, 3.378176, 559.713554, 3.405824, 555.169883, 2.772992, 681.866717
Si87H76, 35.426304, 770.438132, 35.451904, 769.881785, 39.888897, 684.244927
SiO, 5.733376, 588.343898, 5.662720, 595.684879, 4.848640, 695.699583
SiO2, 39.366657, 733.762267, 32.707584, 883.151973, 36.445183, 792.581226
Stanford, 211.765244, 27.955448, 14.391296, 411.359211, 14.883840, 397.746313
Stanford_Berkeley, 408.835083, 47.484777, 31.362047, 619.010693, 31.967232, 607.291952
StocF-1465, 67.749886, 793.710504, 67.750916, 793.698438, 67.729408, 793.950475
TF16, 1.037312, 533.497023, 1.024000, 540.432474, 1.030144, 537.209257
TF17, 2.402304, 624.699506, 2.412544, 622.047960, 2.407424, 623.370913
TF18, 6.603776, 619.299506, 6.626304, 617.194006, 6.400000, 639.017990
TF19, 19.643393, 569.608622, 19.625984, 570.113868, 18.978815, 589.554496
TSOPF_FS_b162_c1, 15.132672, 102.946946, 2.936832, 530.456773, 2.077696, 749.802828
TSOPF_FS_b162_c3, 63.333378, 72.810391, 6.324224, 729.153174, 5.220352, 883.336573
TSOPF_FS_b162_c4, 87.103485, 70.484472, 7.890944, 778.036594, 7.022592, 874.241753
TSOPF_FS_b300, 59.375614, 189.712771, 10.940416, 1029.605453, 11.536384, 976.416239
TSOPF_FS_b300_c1, 60.302338, 186.797275, 10.967040, 1027.105970, 11.353088, 992.180449
TSOPF_FS_b300_c2, 120.568832, 186.156841, 20.892672, 1074.286401, 23.649281, 949.065360
TSOPF_FS_b300_c3, 184.620026, 182.146984, 31.660032, 1062.158766, 35.362816, 950.941829
TSOPF_FS_b39_c19, 209.909760, 24.118250, 8.321024, 608.417430, 7.471104, 677.631566
TSOPF_FS_b39_c30, 329.910278, 24.219220, 11.815936, 676.219771, 11.764736, 679.162667
TSOPF_FS_b39_c7, 61.764606, 30.260126, 4.732928, 394.894002, 2.910208, 642.223789
TSOPF_FS_b9_c6, 20.195328, 18.757226, 2.158592, 175.488616, 1.115136, 339.696961
TSOPF_RS_b162_c3, 1.816576, 860.060596, 1.817600, 859.576051, 1.912832, 816.781308
TSOPF_RS_b162_c4, 2.361344, 881.124204, 2.357248, 882.655274, 2.491392, 835.130532
TSOPF_RS_b2052_c1, 16.563200, 1044.992272, 20.622335, 839.304358, 19.620865, 882.143377
TSOPF_RS_b2383, 37.575680, 1101.728375, 38.221825, 1083.103515, 38.116352, 1086.100594
TSOPF_RS_b2383_c1, 37.558273, 1102.238974, 38.179840, 1084.294553, 38.104065, 1086.450821
TSOPF_RS_b300_c1, 4.004864, 942.421964, 4.016128, 939.778797, 3.771392, 1000.763615
TSOPF_RS_b300_c2, 7.482368, 1007.214658, 7.443456, 1012.480029, 7.581696, 994.019107
TSOPF_RS_b300_c3, 10.815488, 1044.652778, 10.829824, 1043.269860, 11.438080, 987.790748
TSOPF_RS_b39_c19, 2.551808, 686.402456, 2.534400, 691.117175, 2.686976, 651.873105
TSOPF_RS_b39_c30, 3.883008, 712.016086, 3.892224, 710.330163, 4.189184, 659.976749
TSOPF_RS_b39_c7, 1.073152, 602.209000, 1.073152, 602.209000, 0.963584, 670.685437
TSOPF_RS_b678_c1, 11.813888, 952.649985, 11.796480, 954.055758, 10.978304, 1025.158343
TSOPF_RS_b678_c2, 21.616640, 1040.022378, 21.564417, 1042.541032, 21.403648, 1050.371836
Transport, 70.975487, 847.642955, 70.947838, 847.973289, 70.906883, 848.463063
Trefethen_20000, 2.240512, 633.530651, 2.405376, 590.108567, 2.243584, 632.663191
Trefethen_20000b, 2.253824, 629.753522, 2.255872, 629.181794, 2.181120, 650.745329
Wordnet3, 1.554432, 218.978915, 1.569792, 216.836264, 1.552384, 219.267807
Zd_Jac2, 6.892544, 610.174212, 6.524928, 644.551544, 6.280192, 669.669422
Zd_Jac2_db, 2.664448, 649.922170, 2.702336, 640.809949, 2.416640, 716.566724
Zd_Jac3, 7.841792, 625.539297, 7.263232, 675.367242, 6.803456, 721.008447
Zd_Jac3_db, 2.782208, 656.889040, 2.721792, 671.470095, 2.492416, 733.265229
Zd_Jac6, 7.130112, 614.671463, 6.635520, 660.487270, 6.343680, 690.872892
Zd_Jac6_db, 2.593792, 654.997049, 2.600960, 653.191925, 2.325504, 730.562507
Zhao1, 1.255424, 339.422914, 1.213440, 351.166684, 1.072128, 397.452223
Zhao2, 1.081344, 394.064864, 1.251328, 340.533963, 1.070080, 398.212903
a0nsdsil, 33.589249, 27.058868, 5.526528, 164.458962, 3.049472, 298.047338
a2nnsnsl, 32.826366, 27.078486, 5.437440, 163.475520, 3.055616, 290.903159
a5esindl, 36.861954, 17.709594, 3.653632, 178.674331, 2.513920, 259.678201
adaptive, 166.501373, 418.954613, 166.418427, 419.163430, 166.411270, 419.181455
af23560, 1.619968, 765.259139, 1.626112, 762.367766, 1.604608, 772.584528
af_0_k101, 62.881790, 714.510956, 62.869503, 714.650599, 63.890430, 703.230948
af_1_k101, 62.838783, 714.999968, 62.911488, 714.173670, 63.869953, 703.456411
af_2_k101, 62.874622, 714.592411, 62.889984, 714.417862, 63.890430, 703.230948
af_3_k101, 62.913536, 714.150417, 62.867455, 714.673886, 63.886337, 703.276004
af_4_k101, 62.831615, 715.081535, 62.875648, 714.580749, 63.880192, 703.343661
af_5_k101, 62.895103, 714.359712, 62.867455, 714.673886, 63.989761, 702.139327
af_shell1, 62.899200, 715.867923, 62.899200, 715.867923, 64.432129, 698.836446
af_shell10, 189.092865, 713.094870, 189.105148, 713.048551, 192.727036, 699.648348
af_shell2, 62.894081, 715.926192, 62.869503, 716.206075, 64.281601, 700.472909
af_shell3, 62.861313, 716.299389, 62.893055, 715.937873, 64.297981, 700.294459
af_shell4, 62.866432, 716.241060, 62.869503, 716.206075, 64.300034, 700.272107
af_shell5, 62.867455, 716.229412, 62.889984, 715.972831, 64.288765, 700.394852
af_shell6, 62.875648, 716.136073, 62.899200, 715.867923, 64.304131, 700.227491
af_shell7, 62.916607, 715.669872, 62.887936, 715.996153, 64.311295, 700.149489
af_shell8, 63.031296, 714.367672, 62.878719, 716.101099, 64.303101, 700.238707
af_shell9, 62.887936, 715.996153, 62.938110, 715.425356, 64.294914, 700.327865
airfoil_2d, 1.209344, 549.720562, 1.214464, 547.403058, 1.191936, 557.749133
ak2010, 2.335744, 237.941702, 2.359296, 235.566398, 1.432576, 387.952125
al2010, 6.771712, 465.175424, 6.769664, 465.316153, 6.712320, 469.291391
amazon-2008, 21.984257, 600.678633, 22.052864, 598.809898, 21.955584, 601.463096
amazon0302, 7.127040, 443.562146, 7.130112, 443.371022, 7.104512, 444.968637
amazon0312, 15.629312, 524.215438, 15.629312, 524.215438, 15.599616, 525.213337
amazon0505, 16.280577, 527.835690, 16.284672, 527.702956, 16.248833, 528.866879
amazon0601, 16.413696, 528.321782, 16.445440, 527.301983, 16.393215, 528.981849
apache1, 2.409472, 576.056101, 2.414592, 574.834599, 2.380800, 582.993546
apache2, 18.558975, 664.570487, 18.549761, 664.900605, 18.514944, 666.150929
appu, 7.784448, 609.413301, 7.766016, 610.859704, 7.209984, 657.969054
ar2010, 4.945920, 468.069359, 4.930560, 469.527508, 4.921344, 470.406802
as-Skitter, 255.694855, 222.170782, 111.682564, 508.655280, 109.538307, 518.612413
as-caida, 8.376320, 32.628974, 2.440192, 112.003777, 1.300480, 210.161416
astro-ph, 1.750016, 354.742545, 1.766400, 351.452178, 1.072128, 579.040084
atmosmodd, 40.389633, 558.710021, 40.427521, 558.186413, 40.371201, 558.965116
atmosmodj, 40.443905, 557.960288, 40.398849, 558.582561, 40.366081, 559.036005
atmosmodl, 47.267841, 558.912463, 47.258625, 559.021461, 47.207424, 559.627772
atmosmodm, 47.281151, 558.755131, 47.279102, 558.779340, 47.201279, 559.700634
audikw_1, 220.541946, 901.364713, 220.690430, 900.758264, 234.076157, 849.248087
aug3dcqp, 0.962560, 340.731384, 0.967680, 338.928579, 0.954368, 343.656118
auto, 35.916801, 472.503331, 35.935230, 472.261015, 35.886082, 472.907810
av41092, 9.785344, 440.535260, 5.894144, 731.368130, 5.601280, 769.607832
az2010, 7.000064, 437.424670, 7.016448, 436.403239, 7.001088, 437.360676
barrier2-1, 48.433151, 201.122038, 14.279680, 682.156316, 14.087168, 691.478533
barrier2-10, 56.491009, 176.625381, 14.619648, 682.488794, 14.448640, 690.566448
barrier2-11, 56.830975, 175.568798, 14.669824, 680.154456, 14.453760, 690.321814
barrier2-12, 56.681473, 176.031875, 14.633984, 681.820220, 14.448640, 690.566448
barrier2-2, 48.688129, 200.068768, 14.281728, 682.058517, 14.089216, 691.377996
barrier2-3, 49.061890, 198.544617, 14.299136, 681.228150, 14.093312, 691.177056
barrier2-4, 48.711681, 199.972036, 14.278656, 682.205249, 14.084096, 691.629346
barrier2-9, 56.453121, 176.743920, 14.636032, 681.724790, 14.445568, 690.713294
bauru5727, 1.041408, 356.487237, 1.034240, 358.957918, 1.014784, 365.840068
baxter, 10.090496, 28.307286, 2.375680, 120.232760, 1.284096, 222.440191
bayer01, 1.541120, 461.418589, 1.568768, 453.286546, 1.531904, 464.194524
bayer04, 0.803840, 506.630585, 0.804864, 505.986012, 0.793600, 513.167727
bbmat, 4.836352, 937.816032, 4.838400, 937.419069, 5.093376, 890.491528
bcircuit, 1.932288, 497.559605, 1.932288, 497.559605, 1.906688, 504.240071
bcsstk17, 1.658880, 661.496915, 1.645568, 666.848159, 1.385472, 792.036182
bcsstk18, 0.710656, 537.067733, 0.718848, 530.947301, 0.709632, 537.842728
bcsstk25, 1.024000, 630.602470, 1.027072, 628.716380, 1.014784, 636.329479
bcsstk29, 1.869824, 848.148936, 1.872896, 846.757811, 1.982464, 799.958695
bcsstk30, 6.341632, 824.920085, 6.291456, 831.498994, 6.394880, 818.051264
bcsstk31, 3.686400, 820.427792, 3.585024, 843.627507, 3.812352, 793.322601
bcsstk32, 5.901312, 873.981018, 5.891072, 875.500204, 6.365184, 810.288390
bcsstk35, 4.616192, 804.216417, 4.624384, 802.791753, 4.624384, 802.791753
bcsstk36, 3.625984, 807.074283, 3.612672, 810.048166, 3.654656, 800.742519
bcsstk37, 3.343360, 873.642433, 3.341312, 874.177922, 3.627008, 805.319743
bcsstk39, 6.722560, 795.618439, 6.359040, 841.100673, 6.702080, 798.049683
bcsstm36, 1.262592, 650.052739, 1.266688, 647.950693, 1.221632, 671.848280
belgium_osm, 26.442753, 300.114230, 26.518528, 299.256671, 26.365952, 300.988432
bfly, 1.128448, 446.025405, 1.117184, 450.522439, 1.085440, 463.698096
blockqp1, 215.543808, 7.601631, 4.610048, 355.415940, 2.562048, 639.521393
bloweya, 29.630465, 12.960412, 2.631680, 145.923151, 1.295360, 296.460481
bloweybl, 29.372416, 10.458793, 2.476032, 124.069478, 1.307648, 234.925617
bmw3_2, 32.277504, 895.326133, 32.289791, 894.985437, 35.231743, 820.251582
bmw7st_1, 20.800512, 903.321382, 20.806656, 903.054658, 22.751232, 825.869447
bmwcra_1, 29.571072, 921.462890, 29.601791, 920.506626, 31.623169, 861.667127
bodyy4, 0.644096, 484.650226, 0.636928, 490.104485, 0.613376, 508.923188
bodyy5, 0.662528, 499.540202, 0.660480, 501.089130, 0.653312, 506.586969
bodyy6, 0.709632, 486.103910, 0.712704, 484.008619, 0.708608, 486.806378
bone010, 192.112640, 954.990737, 192.265213, 954.232901, 205.348862, 893.434668
boneS01, 19.482624, 882.365182, 19.503103, 881.438656, 21.131264, 813.523949
boneS10, 154.244095, 920.613269, 154.374146, 919.837709, 166.109177, 854.854399
boyd1, 496.241669, 6.248470, 6.002688, 516.560480, 5.498880, 563.887812
boyd2, 560.975891, 6.847026, 12.926976, 297.131847, 12.987392, 295.749616
brack2, 2.973696, 631.127756, 2.947072, 636.829389, 2.915328, 643.763605
brainpc2, 41.107456, 11.171968, 2.521088, 182.163899, 1.418240, 323.817701
bratu3d, 0.899072, 494.863330, 0.893952, 497.697588, 0.884736, 502.881944
bundle1, 6.450176, 305.961672, 2.995200, 658.889761, 2.494464, 791.154582
bundle_adj, 95.739906, 540.345323, 59.565056, 868.506036, 61.789185, 837.243782
c-42, 3.990528, 70.749934, 1.847296, 152.833980, 1.034240, 272.982671
c-43, 7.905280, 40.050194, 1.917952, 165.076086, 0.995328, 318.094133
c-45, 6.972416, 64.051991, 2.021376, 220.937195, 1.215488, 367.422085
c-46, 4.377600, 76.255552, 2.060288, 162.024109, 1.112064, 300.177255
c-47, 6.279168, 86.187621, 2.189312, 247.194810, 1.282048, 422.126602
c-48, 3.191808, 133.205005, 2.088960, 203.529418, 1.096704, 387.675068
c-49, 5.083136, 79.090450, 2.197504, 182.947340, 1.112064, 361.514732
c-50, 6.245376, 79.367518, 2.413568, 205.372294, 1.273856, 389.117752
c-51, 5.246976, 99.068113, 2.358272, 220.419012, 1.303552, 398.762755
c-52, 5.516288, 94.076484, 2.367488, 219.199836, 1.307648, 396.859845
c-53, 13.745152, 69.323733, 2.694144, 353.680158, 1.807360, 527.213866
c-54, 6.356992, 157.737200, 2.866176, 349.850853, 1.727488, 580.457900
c-55, 9.761792, 105.803523, 3.001344, 344.123170, 1.879040, 549.659400
c-56, 5.722112, 170.409801, 3.016704, 323.234886, 1.800192, 541.666667
c-57, 32.493568, 31.923373, 3.191808, 324.989575, 2.034688, 509.810016
c-58, 18.613249, 75.996723, 3.915776, 361.242807, 2.231296, 633.957073
c-59, 12.081152, 101.825733, 3.747840, 328.234979, 2.078720, 591.793077
c-60, 7.585792, 100.762013, 2.869248, 266.397224, 1.602560, 476.961648
c-61, 9.132032, 86.907375, 2.966528, 267.531935, 1.617920, 490.531633
c-62, 19.870720, 72.061711, 4.250624, 336.872426, 2.276352, 629.040730
c-62ghs, 20.073471, 71.333855, 4.244480, 337.360062, 2.278400, 628.475296
c-63, 12.453888, 89.357014, 3.586048, 310.325538, 1.925120, 578.063831
c-64, 35.772415, 51.371230, 4.194304, 438.135377, 2.705408, 679.259060
c-64b, 35.764225, 51.382994, 4.197376, 437.814734, 2.690048, 683.137615
c-65, 11.168768, 82.636839, 3.163136, 291.783748, 1.775616, 519.792373
c-66, 21.013504, 60.792237, 4.121600, 309.942225, 2.177024, 586.790952
c-66b, 21.176319, 60.324833, 4.121600, 309.942225, 2.174976, 587.343426
c-67, 10.873856, 125.231900, 4.346880, 313.271499, 2.390016, 569.767548
c-67b, 10.883072, 125.125848, 4.350976, 312.976583, 2.384896, 570.990759
c-68, 12.726272, 113.857020, 4.331520, 334.518906, 2.617344, 553.605263
c-69, 21.099520, 75.706140, 4.702208, 339.704919, 2.743296, 582.278855
c-70, 23.234560, 72.607536, 4.962304, 339.963880, 2.916352, 578.463828
c-71, 34.743298, 63.334755, 5.616640, 391.774834, 3.629056, 606.344530
c-72, 27.048960, 66.965551, 5.266432, 343.942264, 3.294208, 549.858556
c-73, 142.380035, 23.001409, 8.016896, 408.504905, 6.892544, 475.142638
c-73b, 148.239365, 22.092252, 8.015872, 408.557103, 6.903808, 474.367390
c-big, 115.110909, 52.062730, 12.750848, 470.007034, 12.678144, 472.702309
ca-AstroPh, 2.679808, 378.448619, 2.768896, 366.272176, 1.999872, 507.117263
ca-CondMat, 1.553408, 308.068551, 1.577984, 303.270608, 1.246208, 384.009875
ca-HepPh, 1.976320, 307.007768, 1.984512, 305.740458, 1.307648, 463.997671
ca2010, 19.762177, 452.013823, 19.643393, 454.747159, 19.648512, 454.628677
cage10, 0.687104, 561.270503, 0.686080, 562.108226, 0.666624, 578.513817
cage11, 2.097152, 683.254396, 2.209792, 648.426814, 2.058240, 696.171663
cage12, 7.070720, 735.892811, 7.113728, 731.443784, 7.088128, 734.085515
cage13, 26.756096, 715.617038, 26.745855, 715.891036, 26.714111, 716.741719
cage14, 102.037506, 680.668277, 101.989372, 680.989518, 101.633026, 683.377206
caidaRouterLevel, 9.488384, 328.656370, 7.644160, 407.947767, 7.550976, 412.982110
cant, 11.388928, 900.778379, 11.410432, 899.080824, 12.181504, 842.170250
case39, 97.585152, 27.339504, 5.532672, 482.213591, 3.914752, 681.506669
case9, 20.205568, 18.747719, 2.137088, 177.254427, 1.092608, 346.701039
cat_ears_4_4, 0.805888, 422.134690, 0.800768, 424.833750, 0.926720, 367.093913
cbuckle, 4.217856, 410.606343, 3.976192, 435.562066, 2.607104, 664.292011
cca, 1.242112, 287.023898, 1.275904, 279.422138, 1.291264, 276.098322
ccc, 1.143808, 330.026856, 1.150976, 327.971547, 1.295360, 291.415027
cfd1, 5.403648, 866.194824, 5.443584, 859.840111, 5.397504, 867.180824
cfd2, 9.028608, 875.552311, 9.027584, 875.651649, 9.010176, 877.343477
ch7-7-b5, 1.307648, 414.408788, 1.311744, 413.114762, 1.253376, 432.352939
ch7-8-b3, 1.126400, 534.545457, 1.126400, 534.545457, 1.126400, 534.545457
ch7-8-b4, 3.735552, 483.552622, 3.735552, 483.552622, 3.693568, 489.049072
ch7-8-b5, 4.380672, 494.810662, 4.195328, 516.670706, 4.161536, 520.866115
ch7-9-b3, 1.894400, 572.108108, 2.000896, 541.658143, 1.889280, 573.658548
ch7-9-b4, 8.084480, 502.723225, 8.088576, 502.468647, 8.068096, 503.744120
ch7-9-b5, 11.789312, 551.585148, 11.782144, 551.920756, 11.737088, 554.039425
ch8-8-b3, 2.088960, 576.470607, 2.093056, 575.342476, 2.083840, 577.887007
ch8-8-b4, 9.525248, 505.697722, 9.544704, 504.666858, 9.515008, 506.241930
ch8-8-b5, 15.633408, 554.607992, 15.608832, 555.481192, 15.534080, 558.154268
chem_master1, 1.134592, 453.973353, 1.144832, 449.912785, 1.127424, 456.859672
chipcool0, 1.361920, 528.477444, 1.369088, 525.710525, 1.345536, 534.912484
chipcool1, 1.521664, 472.997974, 1.361920, 528.477444, 1.347584, 534.099540
circuit5M_dc, 103.583740, 474.371112, 103.604225, 474.277318, 103.568382, 474.441456
circuit_4, 23.622656, 33.335212, 4.240384, 185.706347, 2.093056, 376.227991
cit-HepPh, 2.745344, 393.116385, 2.683904, 402.115615, 1.928192, 559.715873
cit-HepTh, 2.965504, 304.564061, 2.787328, 324.032880, 1.805312, 500.293523
cit-Patents, 138.016769, 306.401223, 138.068985, 306.285346, 137.896957, 306.667440
citationCiteseer, 17.659904, 335.337750, 14.674944, 403.547207, 14.456832, 409.635574
ckt11752_dc_1, 11.538432, 73.888223, 3.421184, 249.198589, 1.729536, 492.938113
ckt11752_tr_0, 11.537408, 73.894782, 3.461120, 246.323233, 1.724416, 494.401717
cnr-2000, 22.382591, 367.846110, 12.450816, 661.269833, 13.278208, 620.064790
co2010, 5.425152, 459.878271, 5.438464, 458.752575, 5.408768, 461.271284
co9, 1.651712, 169.948859, 1.651712, 169.948859, 0.996352, 281.734322
coAuthorsCiteseer, 12.738560, 327.224284, 8.146944, 511.647810, 8.128512, 512.807988
coAuthorsDBLP, 11.054080, 452.837424, 11.063296, 452.460187, 10.911744, 458.744364
coPapersCiteseer, 92.243965, 890.117920, 92.181503, 890.721061, 101.327873, 810.320041
coPapersDBLP, 94.119934, 829.347505, 94.057472, 829.898259, 104.070145, 750.053079
cond-mat-2003, 1.553408, 395.613045, 1.568768, 391.739550, 1.259520, 487.922743
cond-mat-2005, 2.125824, 423.152703, 2.119680, 424.379242, 1.710080, 526.026938
conf5_4-8x8-05, 6.709248, 731.428564, 6.715392, 730.759366, 6.676480, 735.018425
conf5_4-8x8-10, 6.716416, 730.647977, 6.772736, 724.572112, 6.680576, 734.567767
conf5_4-8x8-15, 6.722560, 729.980206, 6.694912, 732.994804, 6.664192, 736.373672
conf5_4-8x8-20, 6.721536, 730.091390, 6.713344, 730.982296, 6.669312, 735.808383
conf6_0-8x8-20, 6.709248, 731.428564, 6.703104, 732.098990, 6.676480, 735.018425
conf6_0-8x8-30, 6.766592, 725.230021, 6.712320, 731.093838, 6.670336, 735.695451
conf6_0-8x8-80, 6.706176, 731.763649, 6.737920, 728.316130, 6.676480, 735.018425
consph, 16.378880, 939.431098, 16.376831, 939.548607, 17.367041, 885.978741
cont-201, 2.392064, 469.600795, 2.388992, 470.204658, 2.358272, 476.329772
cont-300, 5.047296, 501.214745, 5.061632, 499.795149, 5.017600, 504.181116
cont11_l, 40.797184, 337.780114, 40.807423, 337.695364, 40.753151, 338.145079
cont1_l, 44.412930, 405.330556, 44.408833, 405.367951, 44.381184, 405.620490
cop20k_A, 8.679424, 774.047580, 8.686592, 773.408867, 8.690688, 773.044350
copter1, 0.989184, 546.231872, 0.988160, 546.797920, 0.969728, 557.191134
copter2, 2.945024, 660.598050, 2.847744, 683.164332, 2.836480, 685.877280
crankseg_1, 33.518593, 810.665822, 26.719233, 1016.959508, 28.335104, 958.965162
crankseg_2, 41.748482, 867.602245, 35.376129, 1023.884674, 37.562366, 964.291653
crashbasis, 6.063104, 739.071084, 6.054912, 740.071019, 6.043648, 741.450385
crplat2, 2.691072, 914.141937, 2.695168, 912.752653, 2.945024, 835.314669
crystk02, 2.672640, 927.761465, 2.678784, 925.633638, 2.904064, 853.828473
crystk03, 4.742144, 945.356273, 4.744192, 944.948173, 5.216256, 859.431661
crystm02, 1.212416, 681.809514, 1.216512, 679.513909, 1.215488, 680.086376
crystm03, 2.009088, 743.845551, 1.973248, 757.355992, 1.974272, 756.963169
ct2010, 2.130944, 404.074961, 1.968128, 437.502609, 1.938432, 444.204971
ct20stif, 7.866368, 878.177253, 7.876608, 877.035568, 8.614912, 801.872991
cvxbqp1, 2.064384, 433.988099, 2.028544, 441.655741, 1.950720, 459.275602
cvxqp3, 0.724992, 432.422330, 0.720896, 434.879258, 0.716800, 437.364301
cyl6, 4.963328, 368.393345, 4.214784, 433.819834, 2.631680, 694.786962
cz10228, 0.556032, 473.646407, 0.566272, 465.081358, 0.552960, 476.277796
cz20468, 1.008640, 523.035507, 1.006592, 524.099676, 1.000448, 527.318327
cz40948, 1.845248, 571.792458, 1.958912, 538.614737, 1.826816, 577.561671
d_pretok, 6.354944, 661.324501, 6.386688, 658.037494, 6.331392, 663.784590
darcy003, 12.694528, 423.740030, 12.685312, 424.047860, 12.654592, 425.077293
dawson5, 3.406848, 759.525859, 3.346432, 773.238226, 3.375104, 766.669459
dbic1, 12.685312, 218.324785, 7.308288, 378.955789, 5.894144, 469.876211
dbir1, 12.620800, 218.463489, 4.477952, 615.724331, 4.454400, 618.979876
dbir2, 16.900097, 175.436097, 4.836352, 613.042045, 4.790272, 618.939153
dblp-2010, 8.893440, 464.997109, 8.886272, 465.372183, 8.825856, 468.557826
dc1, 642.103271, 3.055542, 5.505024, 356.396952, 3.892224, 504.075234
dc2, 642.864136, 3.051926, 5.223424, 375.610668, 3.893248, 503.942651
dc3, 642.041870, 3.055835, 5.521408, 355.339386, 3.877888, 505.938742
de2010, 0.826368, 359.529131, 0.816128, 364.040144, 0.797696, 372.451864
debr, 30.831615, 348.259497, 30.875648, 347.762829, 30.814207, 348.456245
degme, 3566.673828, 5.833578, 36.332542, 572.667650, 35.512321, 585.894439
delaunay_n15, 1.112064, 452.458562, 1.116160, 450.798151, 1.103872, 455.816351
delaunay_n16, 2.089984, 481.565423, 2.078720, 484.174855, 2.060288, 488.506473
delaunay_n17, 4.000768, 503.168648, 3.997696, 503.555338, 3.978240, 506.018016
delaunay_n18, 7.814144, 515.264046, 7.833600, 513.984311, 7.788544, 516.957653
delaunay_n19, 15.401984, 522.845216, 15.399936, 522.914764, 15.366144, 524.064701
delaunay_n20, 30.646273, 525.542290, 30.646273, 525.542290, 30.626816, 525.876161
delaunay_n21, 61.595650, 522.959156, 61.417473, 524.476301, 61.428738, 524.380122
delaunay_n22, 122.727425, 524.938004, 122.734589, 524.907363, 122.699776, 525.056292
deltaX, 1.500160, 422.225262, 1.513472, 418.511513, 1.522688, 415.978472
denormal, 4.105216, 721.017706, 4.086784, 724.269627, 4.064256, 728.284168
dictionary28, 1.263616, 360.769864, 1.255424, 363.123974, 1.233920, 369.452289
dielFilterV2clx, 84.077568, 770.618583, 84.117500, 770.252755, 90.255363, 717.871313
dielFilterV2real, 162.315262, 765.545493, 162.510849, 764.624134, 173.459457, 716.361731
dielFilterV3clx, 102.375427, 822.352539, 102.427650, 821.933258, 108.781570, 773.924224
dielFilterV3real, 276.753418, 826.090651, 276.864014, 825.760662, 294.818817, 775.470892
dixmaanl, 2.147328, 357.651423, 2.182144, 351.945108, 2.105344, 364.783550
e18, 0.848896, 471.851614, 0.844800, 474.139397, 0.854016, 469.022778
e40r0100, 1.912832, 740.848493, 1.908736, 742.438308, 2.024448, 700.002557
ecl32, 1.752064, 555.837233, 1.889280, 515.467490, 1.728512, 563.410825
ecology1, 24.399872, 524.173245, 24.407040, 524.019307, 24.370176, 524.811960
ecology2, 24.415232, 523.842539, 24.400896, 524.150298, 24.369152, 524.833073
email-Enron, 7.973888, 118.037114, 4.091904, 230.018760, 1.881088, 500.356555
email-EuAll, 7.915520, 135.848962, 6.093824, 176.459841, 4.714496, 228.086983
engine, 14.083072, 855.463008, 14.064640, 856.584089, 14.541824, 828.475616
enron, 6.109184, 115.715307, 3.695616, 191.287752, 1.935360, 365.268527
epb2, 0.963584, 465.002654, 0.983040, 455.799491, 0.972800, 460.597361
epb3, 2.540544, 467.175528, 2.534400, 468.308083, 2.512896, 472.315596
eu-2005, 83.660797, 588.590596, 59.376640, 829.315336, 63.775745, 772.111060
ex11, 3.103744, 904.773993, 3.108864, 903.283906, 3.321856, 845.366826
ex19, 1.010688, 658.254847, 1.020928, 651.652441, 0.898048, 740.818143
ex35, 1.040384, 561.535404, 1.040384, 561.535404, 1.029120, 567.681609
fcondp2, 32.157696, 899.114450, 31.306751, 923.553157, 33.422337, 865.093585
fe_body, 1.458176, 574.908701, 1.481728, 565.770576, 1.439744, 582.268850
fe_ocean, 3.853312, 544.237308, 3.854336, 544.092717, 3.835904, 546.707171
fe_rotor, 4.862976, 697.442609, 4.822016, 703.366992, 4.792320, 707.725461
fe_tooth, 3.630080, 638.351202, 3.654656, 634.058571, 3.588096, 645.820508
fem_filter, 5.899264, 751.261084, 6.164480, 718.939344, 5.584896, 793.548759
fem_hifreq_circuit, 65.711105, 788.488437, 66.537476, 778.695709, 69.892097, 741.320530
filter3D, 9.329664, 742.832547, 9.364480, 740.070802, 9.112576, 760.529031
finan512, 2.631680, 580.731515, 2.638848, 579.154041, 2.699264, 566.191188
finance256, 1.361920, 561.082707, 1.362944, 560.661154, 1.359872, 561.927718
fl2010, 12.904448, 465.460657, 12.933120, 464.428749, 12.923904, 464.759909
flickr, 84.654083, 297.484384, 49.155071, 512.322883, 51.886082, 485.356901
flower_7_4, 1.159168, 446.594521, 1.170432, 442.296599, 1.134592, 456.268028
flower_8_4, 2.085888, 460.562121, 2.067456, 464.668151, 2.058240, 466.748771
foldoc, 0.729088, 422.183984, 0.750592, 410.088680, 0.618496, 497.673840
fome12, 1.582080, 230.627831, 1.563648, 233.346433, 1.022976, 356.676662
fome13, 2.323456, 314.076679, 2.328576, 313.386092, 1.841152, 396.351512
fome20, 1.754112, 339.531523, 1.751040, 340.127197, 1.740800, 342.127937
fome21, 3.309568, 359.911827, 3.300352, 360.916837, 3.296256, 361.365324
ford1, 0.618496, 420.430463, 0.619520, 419.735531, 0.615424, 422.529134
ford2, 2.809856, 496.253655, 2.792448, 499.347260, 2.759680, 505.276432
fullb, 32.768002, 914.693472, 33.835007, 885.848121, 36.070400, 830.949391
fxm3_16, 1.914880, 524.401059, 1.868800, 537.331494, 1.847296, 543.586475
fxm4_6, 2.092032, 609.207061, 2.094080, 608.611255, 1.964032, 648.910305
g7jac040, 0.717824, 408.955074, 0.714752, 410.712740, 0.586752, 500.309775
g7jac040sc, 0.705536, 416.077644, 0.706560, 415.474628, 0.588800, 498.569554
g7jac050sc, 0.947200, 427.000000, 0.946176, 427.462125, 0.744448, 543.294356
g7jac060, 1.079296, 482.248580, 1.075200, 484.085732, 0.886784, 586.939943
g7jac060sc, 1.113088, 467.608091, 1.088512, 478.165594, 0.894976, 581.567493
g7jac080, 1.368064, 550.104772, 1.369088, 549.693322, 1.211392, 621.251034
g7jac080sc, 1.359872, 553.418681, 1.358848, 553.835730, 1.206272, 623.887943
g7jac100, 1.631232, 603.634643, 1.633280, 602.877729, 1.569792, 627.260261
g7jac100sc, 1.744896, 564.313363, 1.802240, 546.357950, 1.703936, 577.878612
g7jac120, 1.869824, 650.733826, 1.873920, 649.311488, 2.050048, 593.526441
g7jac120sc, 1.969152, 617.909525, 1.867776, 651.447356, 1.912832, 636.102777
g7jac140, 2.232320, 649.032090, 2.248704, 644.303291, 2.264064, 639.932137
g7jac140sc, 2.238464, 647.250652, 2.231296, 649.329950, 2.321408, 624.124384
g7jac160, 2.727936, 616.193687, 2.643968, 635.762949, 2.633728, 638.234830
g7jac160sc, 2.648064, 634.779607, 2.628608, 639.477993, 2.629632, 639.228973
g7jac180, 2.965504, 645.093247, 3.003392, 636.955340, 2.970624, 643.981392
g7jac180sc, 2.966528, 644.870569, 2.966528, 644.870569, 2.963456, 645.539065
g7jac200, 3.337216, 642.786150, 3.577856, 599.553510, 3.311616, 647.755113
g7jac200sc, 3.369984, 636.536024, 3.369984, 636.536024, 3.316736, 646.755175
ga2010, 7.682048, 472.559327, 7.678976, 472.748363, 7.621632, 476.305247
garon2, 1.412096, 708.134506, 1.231872, 811.735270, 1.242112, 805.043255
gas_sensor, 5.175296, 842.582636, 5.000192, 872.089363, 4.986880, 874.417382
gearbox, 26.047487, 892.440565, 26.065920, 891.809472, 28.208128, 824.082841
graphics, 0.583680, 517.342128, 0.587776, 513.736929, 0.576512, 523.774442
gridgena, 1.900544, 689.768302, 1.906688, 687.545659, 1.882112, 696.523385
gsm_106857, 111.421440, 499.929326, 111.489021, 499.626284, 115.666946, 481.579632
gupta1, 35.891201, 154.365901, 7.588864, 730.066807, 7.021568, 789.051354
gupta2, 45.623295, 238.378491, 14.500864, 749.997527, 13.725696, 792.354171
gupta3, 67.751938, 352.284730, 30.070784, 793.726343, 28.461056, 838.618684
gyro, 3.861504, 676.981556, 3.867648, 675.906162, 3.428352, 762.514161
gyro_k, 3.884032, 673.054968, 3.844096, 680.047293, 3.428352, 762.514161
gyro_m, 1.373184, 634.658853, 1.312768, 663.867014, 1.264640, 689.131593
halfb, 34.653183, 915.148885, 34.667519, 914.770454, 38.084606, 832.693966
hangGlider_4, 39.081985, 9.794843, 2.313216, 165.484730, 1.161216, 329.656079
hangGlider_5, 40.256512, 9.872434, 2.325504, 170.900480, 1.190912, 333.718828
hcircuit, 7.007232, 187.444098, 4.215808, 311.556965, 2.898944, 453.083731
helm2d03, 13.198336, 531.836270, 13.146112, 533.949001, 13.133824, 534.448567
helm3d01, 1.744896, 628.585661, 1.748992, 627.113595, 1.883136, 582.441534
hi2010, 0.965632, 329.072103, 0.970752, 327.336498, 0.855040, 371.634725
hollywood-2009, 392.835083, 742.198978, 402.670593, 724.070250, 404.970490, 719.958132
hood, 34.949120, 788.780848, 34.972672, 788.249652, 37.548031, 734.184870
human_gene1, 106.235901, 594.472166, 99.385345, 635.448675, 89.291779, 707.279966
human_gene2, 77.800446, 594.534812, 72.628227, 636.874602, 64.498688, 717.147509
hvdc1, 1.087488, 376.603088, 1.089536, 375.895223, 0.852992, 480.135055
hvdc2, 5.342208, 645.616745, 5.357568, 643.765794, 5.317632, 648.600496
iChem_Jacobian, 14.182400, 746.817522, 14.211072, 745.310745, 14.149632, 748.546980
ia2010, 5.446656, 479.963319, 5.594112, 467.311923, 5.434368, 481.048603
ibm_matrix_2, 19.382273, 139.556472, 4.464640, 605.854339, 3.369984, 802.651191
id2010, 4.174848, 446.568547, 4.144128, 449.878939, 4.119552, 452.562749
igbt3, 0.918528, 652.190621, 0.919552, 651.464345, 0.912384, 656.582511
il2010, 12.122112, 457.100851, 12.102656, 457.835675, 12.043264, 460.093515
image_interp, 5.039104, 361.554055, 5.016576, 363.177703, 4.987904, 365.265341
in-2004, 79.060989, 547.775281, 55.936001, 774.235824, 59.016193, 733.826653
in2010, 6.842368, 479.540548, 6.924288, 473.867213, 6.804480, 482.210679
inlet, 1.186816, 708.203206, 1.193984, 703.951525, 1.093632, 768.546360
inline_1, 105.781250, 890.988105, 106.058754, 888.656825, 113.526787, 830.199094
ins2, 1696.228394, 4.152624, 13.856768, 508.329158, 15.713280, 448.270454
internet, 2.534400, 209.307072, 2.470912, 214.685041, 2.469888, 214.774049
invextr1_new, 5.478400, 838.262114, 5.452800, 842.197684, 5.764096, 796.713922
jan99jac060, 0.801792, 406.072784, 0.781312, 416.716913, 0.786432, 414.003892
jan99jac060sc, 0.765952, 425.073534, 0.762880, 426.785220, 0.794624, 409.735840
jan99jac080, 1.009664, 434.893484, 1.000448, 438.899698, 1.198080, 366.500017
jan99jac080sc, 0.999424, 439.349394, 0.988160, 444.357507, 0.986112, 445.280374
jan99jac100, 1.207296, 457.722641, 1.197056, 461.638131, 1.183744, 466.829603
jan99jac100sc, 1.197056, 461.638131, 1.195008, 462.429291, 1.190912, 464.019773
jan99jac120, 1.409024, 472.750727, 1.427456, 466.646334, 1.375232, 484.367095
jan99jac120sc, 1.414144, 471.039089, 1.410048, 472.407405, 1.375232, 484.367095
jnlbrng1, 1.136640, 448.648667, 1.135616, 449.053223, 1.116160, 456.880720
juba40k, 1.040384, 356.655985, 1.059840, 350.108708, 1.032192, 359.486610
k1_san, 2.361344, 606.866844, 2.427904, 590.229887, 2.335744, 613.518219
k3plates, 1.212416, 800.099205, 1.213440, 799.424089, 1.284096, 755.436601
karted, 612.591614, 7.398230, 10.158080, 446.156498, 7.913472, 572.706056
kim1, 3.049472, 783.407464, 3.053568, 782.356669, 3.026944, 789.238011
kim2, 32.665600, 887.932607, 32.626686, 888.991641, 32.594944, 889.857372
kkt_power, 76.034050, 491.995590, 75.987968, 492.293952, 76.189697, 490.990496
kneser_10_4_1, 8.278016, 306.856751, 8.275968, 306.932705, 8.221696, 308.958778
kron_g500-logn16, 86.988800, 144.569423, 18.987007, 662.343493, 20.091904, 625.919815
kron_g500-logn17, 182.008835, 143.864454, 39.293953, 666.377385, 42.321918, 618.700724
kron_g500-logn18, 329.350159, 164.520110, 84.063232, 644.571032, 87.130112, 621.882876
kron_g500-logn19, 626.160645, 178.100300, 177.579010, 627.998762, 180.335617, 618.399184
kron_g500-logn20, 1103.068115, 207.107396, 374.435852, 610.127380, 376.429565, 606.895915
kron_g500-logn21, 2120.722412, 219.798843, 846.848022, 550.432095, 847.339539, 550.112806
ks2010, 6.001664, 478.501096, 6.086656, 471.819475, 5.986304, 479.728890
ky2010, 4.403200, 458.010450, 4.373504, 461.120329, 4.329472, 465.810069
la2010, 6.317056, 397.403944, 6.300672, 398.437344, 5.341184, 470.012449
laminar_duct3D, 10.881024, 901.815564, 10.889216, 901.137119, 11.290624, 869.099654
language, 63.462399, 49.065511, 9.964544, 312.489457, 9.976832, 312.104576
largebasis, 18.613249, 764.716366, 18.609152, 764.884726, 18.585600, 765.853999
ldoor, 147.033081, 810.005035, 147.099655, 809.638445, 158.672897, 750.585248
lhr10, 0.886784, 671.573313, 0.868352, 685.828423, 0.808960, 736.180361
lhr10c, 0.876544, 679.418809, 0.869376, 685.020610, 0.812032, 733.395348
lhr11, 0.892928, 670.129011, 0.877568, 681.858221, 0.819200, 730.440643
lhr11c, 0.878592, 681.063509, 0.877568, 681.858221, 0.826368, 724.104731
lhr14, 1.044480, 754.553946, 1.045504, 753.814906, 1.082368, 728.140954
lhr14c, 1.047552, 752.341161, 1.050624, 750.141316, 1.087488, 724.712769
lhr17, 1.252352, 780.815618, 1.252352, 780.815618, 1.349632, 724.535267
lhr17c, 1.252352, 780.815618, 1.254400, 779.540807, 1.347584, 725.636393
lhr34, 2.396160, 816.254312, 2.387968, 819.054438, 2.696192, 725.421565
lhr34c, 2.433024, 803.886808, 2.400256, 814.861376, 2.700288, 724.321183
lhr71, 4.730880, 826.889648, 4.716544, 829.402926, 5.331968, 733.672003
lhr71c, 4.740096, 825.281902, 4.842496, 807.830422, 5.337088, 732.968136
li, 4.283392, 807.021883, 4.282368, 807.214815, 4.638720, 745.203637
light_in_tissue, 1.600512, 649.526540, 1.604608, 647.868515, 1.660928, 625.900119
lowThrust_10, 21.368832, 26.596344, 2.447360, 232.222800, 1.104896, 514.376761
lowThrust_11, 21.364737, 26.816645, 2.411520, 237.580679, 1.105920, 518.057890
lowThrust_12, 21.502975, 26.738536, 2.442240, 235.422432, 1.120256, 513.238141
lowThrust_13, 21.659649, 26.581055, 2.457600, 234.267697, 1.211392, 475.268368
lowThrust_4, 15.363072, 26.819135, 2.251776, 182.977491, 1.183744, 348.068785
lowThrust_5, 18.774015, 27.049335, 2.309120, 219.921292, 1.207296, 420.629766
lowThrust_6, 19.609600, 27.069060, 2.589696, 204.971338, 1.264640, 419.734827
lowThrust_7, 20.256767, 26.736554, 2.531328, 213.957325, 1.207296, 448.602624
lowThrust_8, 20.689920, 26.781118, 2.567168, 215.840646, 1.251328, 442.808923
lowThrust_9, 21.175297, 26.547342, 2.425856, 231.731733, 1.274880, 440.941749
lp1, 1355.689941, 3.103331, 11.193344, 375.862223, 11.454464, 367.293940
lp_ken_18, 3.715072, 246.810232, 3.883008, 236.135944, 2.769920, 331.026789
lp_nug20, 2.049024, 380.809576, 2.058240, 379.104489, 2.009088, 388.379197
lp_nug30, 12.500992, 321.059965, 12.453888, 322.274299, 12.961792, 309.646074
lp_osa_60, 1006.166016, 3.582577, 9.636864, 374.049793, 10.999808, 327.702700
lp_pds_10, 1.256448, 219.244086, 1.049600, 262.451218, 0.904192, 304.657428
lp_pds_20, 1.793024, 332.163060, 1.790976, 332.542873, 1.746944, 340.924687
lpl1, 2.174976, 386.106383, 2.178048, 385.561843, 1.448960, 579.568926
lpl3, 2.571264, 100.084627, 2.583552, 99.608605, 1.170432, 219.870959
lung2, 2.561024, 492.367063, 2.535424, 497.338450, 2.516992, 500.980454
luxembourg_osm, 2.166784, 282.764644, 2.153472, 284.512608, 2.134016, 287.106521
m133-b3, 4.327424, 473.734022, 4.293632, 477.462434, 4.273152, 479.750793
m14b, 14.645248, 586.987118, 14.587904, 589.294540, 14.525440, 591.828683
m_t1, 25.946112, 962.346093, 25.959423, 961.852624, 27.970560, 892.693573
ma2010, 4.404224, 451.412471, 4.421632, 449.635267, 4.337664, 458.339222
mac_econ_fwd500, 6.177792, 527.676523, 6.180864, 527.414277, 6.150144, 530.048693
majorbasis, 6.061056, 739.320815, 6.072320, 737.949412, 6.039552, 741.953178
mario001, 1.144832, 460.992838, 1.146880, 460.169631, 1.126400, 468.536366
mario002, 12.946432, 415.495132, 12.711936, 423.159739, 12.665856, 424.699236
mark3jac040, 0.707584, 410.401578, 0.704512, 412.191134, 0.687104, 422.634136
mark3jac040sc, 0.690176, 420.752961, 0.703488, 412.791125, 0.688128, 422.005212
mark3jac060, 0.973824, 448.725015, 1.000448, 436.783526, 0.970752, 450.145042
mark3jac060sc, 0.992256, 440.389583, 1.164288, 375.318807, 0.967680, 451.574085
mark3jac080, 1.248256, 467.504114, 1.263616, 461.821325, 1.233920, 472.935693
mark3jac080sc, 1.240064, 470.592476, 1.244160, 469.043189, 1.234944, 472.543538
mark3jac100, 1.526784, 478.227717, 1.509376, 483.743200, 1.496064, 488.047587
mark3jac100sc, 1.537024, 475.041632, 1.526784, 478.227717, 1.500160, 486.715024
mark3jac120, 1.805312, 485.642361, 1.822720, 481.004200, 1.767424, 496.053016
mark3jac120sc, 1.911808, 458.589981, 1.781760, 492.061788, 1.773568, 494.334575
mark3jac140, 2.053120, 498.422718, 2.058240, 497.182851, 2.036736, 502.432124
mark3jac140sc, 2.055168, 497.926030, 2.056192, 497.678057, 2.032640, 503.444589
matrix-new_3, 53.737473, 127.612998, 8.078336, 848.887717, 8.127488, 843.753923
matrix_9, 17.655807, 307.613685, 7.336960, 740.247748, 6.524928, 832.372085
mc2depi, 10.539008, 510.159583, 10.533888, 510.407560, 10.518528, 511.152892
md2010, 4.000768, 448.155853, 4.047872, 442.940797, 3.980288, 450.461792
me2010, 2.052096, 418.508006, 2.078720, 413.147765, 2.007040, 427.903056
memchip, 78.246910, 484.544592, 78.212097, 484.760267, 78.201859, 484.823735
memplus, 2.132992, 151.404223, 1.935360, 166.865083, 1.067008, 302.663143
mi2010, 8.471552, 476.879614, 8.475648, 476.649152, 8.466432, 477.168019
minsurfo, 1.175552, 443.427696, 1.159168, 449.695228, 1.145856, 454.919562
mip1, 354.529266, 74.756076, 27.522049, 962.981233, 27.952127, 948.164560
mixtank_new, 5.997568, 851.562642, 5.912576, 863.803660, 6.266880, 814.967724
mk12-b3, 1.186816, 448.446946, 1.024000, 519.749975, 1.014784, 524.470243
mk12-b4, 1.800192, 443.472697, 1.895424, 421.191246, 1.798144, 443.977795
mk13-b5, 4.780032, 434.238418, 4.987904, 416.141443, 4.746240, 437.330084
mn2010, 6.672384, 470.803422, 6.629376, 473.857743, 6.611968, 475.105309
mo2010, 8.987648, 471.849151, 8.923136, 475.260513, 8.887296, 477.177109
mod2, 1.954816, 261.668415, 1.963008, 260.576415, 1.243136, 411.470330
mono_500Hz, 17.632256, 731.210890, 17.682432, 729.135967, 17.537024, 735.181614
mouse_gene, 120.016899, 617.881861, 112.970749, 656.420053, 106.612740, 695.566639
mri1, 2.686976, 561.951229, 2.663424, 566.920412, 2.651136, 569.548105
mri2, 2.446336, 595.604848, 2.452480, 594.112716, 2.430976, 599.368176
ms2010, 4.598784, 467.590740, 4.615168, 465.930765, 4.573184, 470.208239
msc10848, 4.653056, 676.594389, 4.265984, 737.984867, 3.632128, 866.773330
msc23052, 3.771392, 783.881324, 3.800064, 777.966838, 3.680256, 803.293012
msdoor, 64.062462, 808.847991, 64.087044, 808.537741, 68.866051, 752.428708
mt2010, 3.643392, 448.754908, 3.667968, 445.748181, 3.633152, 450.019728
mult_dcop_01, 70.687744, 6.999609, 2.728960, 181.309566, 1.398784, 353.726197
mult_dcop_02, 70.761475, 6.992316, 2.812928, 175.897345, 1.439744, 343.662874
mult_dcop_03, 70.584320, 7.007689, 2.723840, 181.593985, 1.390592, 355.699564
n4c6-b10, 6.268928, 594.749260, 6.272000, 594.457975, 6.233088, 598.169047
n4c6-b11, 4.086784, 520.433490, 4.080640, 521.217085, 4.026368, 528.242606
n4c6-b12, 2.022400, 421.348122, 2.017280, 422.417491, 1.957888, 435.231431
n4c6-b5, 1.623040, 490.343860, 1.615872, 492.519004, 1.604608, 495.976370
n4c6-b6, 3.320832, 561.829322, 3.322880, 561.483046, 3.295232, 566.194055
n4c6-b7, 5.320704, 628.233258, 5.318656, 628.475167, 5.284864, 632.493709
n4c6-b8, 7.704576, 594.781697, 7.692288, 595.731835, 7.687168, 596.128604
n4c6-b9, 8.008704, 596.336772, 7.986176, 598.018976, 7.949312, 600.792204
nasasrb, 7.989248, 857.896715, 8.002560, 856.469646, 8.452096, 810.917132
nc2010, 7.655424, 473.722572, 7.705600, 470.637887, 7.638016, 474.802238
ncvxbqp1, 1.967104, 455.450296, 1.972224, 454.267913, 1.943552, 460.969437
ncvxqp3, 2.989056, 428.197997, 3.019776, 423.841965, 2.974720, 430.261618
ncvxqp5, 2.540544, 428.220470, 2.498560, 435.415992, 2.506752, 433.993053
ncvxqp7, 3.542016, 415.555070, 3.550208, 414.596182, 3.511296, 419.190722
nd12k, 37.825535, 962.461521, 37.881855, 961.030598, 36.079617, 1009.035717
nd2010, 3.522560, 454.902632, 3.522560, 454.902632, 3.475456, 461.068061
nd24k, 74.194946, 990.795556, 74.267647, 989.825667, 73.223167, 1003.944867
nd6k, 19.905537, 887.046115, 19.937281, 885.633766, 17.617920, 1002.225520
ne2010, 4.941824, 473.401371, 4.946944, 472.911383, 4.916224, 475.866486
neos, 9.564160, 408.670756, 9.568256, 408.495810, 9.525248, 410.340268
neos1, 3.195904, 480.286765, 3.195904, 480.286765, 3.165184, 484.948234
neos2, 3.322880, 527.801998, 3.319808, 528.290406, 3.272704, 535.894105
neos3, 26.841087, 196.000310, 9.629696, 546.316467, 9.583616, 548.943248
net100, 6.351872, 819.442210, 6.339584, 821.030545, 6.270976, 830.013055
net125, 7.845888, 840.903144, 7.825408, 843.103901, 8.084480, 816.086102
net150, 8.979456, 889.839211, 9.008128, 887.006918, 9.633792, 829.400517
net4-1, 34.196480, 182.791362, 10.224640, 611.348780, 8.790016, 711.127374
net50, 3.250176, 744.486463, 3.267584, 740.520194, 2.948096, 820.771091
net75, 4.904960, 777.244234, 4.907008, 776.919839, 4.612096, 826.598609
netherlands_osm, 40.870911, 305.819918, 40.887295, 305.697372, 40.921089, 305.444914
nh2010, 1.465344, 409.765911, 1.552384, 386.790892, 1.464320, 410.052463
nj2010, 4.535296, 468.453379, 4.545536, 467.398058, 4.502528, 471.862614
nlpkkt120, 256.248840, 967.517462, 256.274445, 967.420797, 256.239624, 967.552261
nlpkkt80, 76.095490, 965.680894, 76.109825, 965.499003, 76.078079, 965.901888
nm2010, 4.668416, 455.675584, 4.717568, 450.927943, 4.637696, 458.693993
nmos3, 1.573888, 628.812644, 1.515520, 653.030415, 1.512448, 654.356825
ns3Da, 7.185408, 598.403510, 7.087104, 606.703886, 6.490112, 662.511457
nsct, 3.915776, 456.157164, 3.218432, 554.993645, 2.850816, 626.560702
nug08-3rd, 0.861184, 441.189060, 0.854016, 444.892083, 0.839680, 452.487796
nv2010, 2.539520, 420.360883, 2.499584, 427.077025, 2.457600, 434.372896
ny2010, 9.062400, 482.922041, 9.032704, 484.509674, 9.021440, 485.114667
obstclae, 1.147904, 440.695793, 1.141760, 443.067268, 1.114112, 454.062492
offshore, 14.990336, 724.549642, 15.000576, 724.055054, 14.915584, 728.180885
oh2010, 9.403392, 481.389532, 9.450496, 478.990154, 9.382912, 482.440265
ohne2, 45.510654, 622.330651, 34.577408, 819.109267, 36.722687, 771.258252
oilpan, 11.754496, 783.428024, 11.719680, 785.755363, 12.611584, 730.185954
ok2010, 6.982656, 467.131544, 6.991872, 466.515828, 6.927360, 470.860306
olafu, 2.916352, 891.113052, 2.916352, 891.113052, 3.179520, 817.355905
olesnik0, 3.076096, 619.354183, 3.092480, 616.072859, 3.044352, 625.812300
onera_dual, 2.276352, 471.436137, 2.269184, 472.925292, 2.245632, 477.885331
onetone1, 1.487872, 586.868546, 1.488896, 586.464919, 1.466368, 595.474877
onetone2, 1.358848, 428.839495, 1.188864, 490.155042, 1.181696, 493.128226
opt1, 5.608448, 881.255701, 5.713920, 864.988782, 5.478400, 902.175196
or2010, 5.394432, 464.840541, 5.446656, 460.383512, 5.369856, 466.967974
p010, 3.630080, 83.215797, 1.932288, 156.332799, 1.020928, 295.887656
p2p-Gnutella31, 1.473536, 256.935369, 1.415168, 267.532553, 1.397760, 270.864462
pa2010, 10.937344, 481.804624, 10.921984, 482.482199, 10.868736, 484.845946
packing-500x100x100-b050, 108.254211, 827.125365, 108.308479, 826.710935, 108.221443, 827.375810
para-10, 52.724735, 262.986175, 20.288511, 683.434890, 20.022272, 692.522627
para-4, 46.266369, 294.709613, 19.862528, 686.475749, 19.672064, 693.122176
para-5, 52.856831, 262.328943, 20.219904, 685.753825, 20.009983, 692.947937
para-6, 52.929535, 261.968606, 20.234240, 685.267980, 20.022272, 692.522627
para-7, 53.049343, 261.376968, 20.229120, 685.441399, 20.015104, 692.770633
para-8, 53.229568, 260.491995, 20.218880, 685.788564, 20.014080, 692.806087
para-9, 52.634624, 263.436409, 20.257792, 684.471279, 20.019199, 692.628922
parabolic_fem, 24.498177, 383.989395, 24.484863, 384.198184, 24.460287, 384.584202
patents, 128.283646, 298.753308, 128.243713, 298.846333, 128.172028, 299.013476
patents_main, 4.593664, 312.607545, 4.603904, 311.912271, 4.560896, 314.853508
pattern1, 46.222336, 516.373426, 31.423489, 759.558756, 31.576063, 755.888592
pcrystk02, 2.677760, 925.987611, 2.678784, 925.633638, 2.903040, 854.129650
pcrystk03, 4.754432, 942.912947, 4.765696, 940.684348, 5.145600, 871.232863
pct20stif, 7.910400, 873.289006, 7.876608, 877.035568, 8.616960, 801.682452
pdb1HYS, 11.507712, 966.534273, 11.476992, 969.121416, 12.062720, 922.063857
pds-100, 7.880704, 356.029759, 7.766016, 361.287579, 8.987648, 312.180130
pds-30, 2.495488, 349.440921, 2.490368, 350.159349, 2.491392, 350.015428
pds-40, 3.321856, 359.741058, 3.354624, 356.227103, 3.346432, 357.099146
pds-50, 4.264960, 354.641672, 4.182016, 361.675450, 4.170752, 362.652218
pds-60, 5.086208, 362.168824, 5.035008, 365.851641, 5.046272, 365.035018
pds-70, 5.827584, 366.132942, 5.821440, 366.519335, 5.807104, 367.424169
pds-80, 6.525952, 363.967527, 6.512640, 364.711478, 6.476800, 366.729646
pds-90, 7.107584, 365.270134, 7.145472, 363.333331, 7.080960, 366.643539
pds10, 0.926720, 413.419879, 0.909312, 421.334455, 0.789504, 485.272379
pfinan512, 2.635776, 579.829050, 2.626560, 581.863554, 2.685952, 568.997342
pkustk01, 2.834432, 884.555671, 2.833408, 884.875280, 3.091456, 811.013597
pkustk02, 2.449408, 846.571888, 2.463744, 841.645911, 2.390016, 867.609226
pkustk03, 8.803328, 910.322251, 8.813568, 909.264540, 9.464832, 846.699096
pkustk04, 31.003649, 348.338664, 12.695552, 850.673504, 12.582912, 858.288544
pkustk05, 6.069248, 930.126509, 6.059008, 931.698477, 7.004160, 805.973693
pkustk06, 7.047168, 934.237170, 7.109632, 926.029092, 8.156160, 807.209004
pkustk07, 7.285760, 849.896003, 7.350272, 842.436591, 6.950912, 890.838244
pkustk08, 9.347072, 883.728944, 9.356288, 882.858437, 9.259008, 892.134168
pkustk09, 4.545536, 891.890057, 4.508672, 899.182328, 4.849664, 835.958578
pkustk10, 12.035072, 916.571063, 12.057600, 914.858597, 12.723200, 866.998803
pkustk11, 14.170112, 942.678156, 14.202880, 940.503251, 16.335873, 817.700713
pkustk12, 36.615170, 525.233988, 20.716543, 928.317593, 22.578176, 851.775232
pkustk13, 19.892223, 851.542677, 19.878912, 852.112889, 21.495808, 788.017710
pkustk14, 40.174591, 945.409754, 40.203262, 944.735527, 43.287552, 877.421998
pli, 4.269056, 809.731980, 4.327424, 798.810332, 4.634624, 745.862240
pltexpa, 1.124352, 325.726327, 1.120256, 326.917291, 1.073152, 341.266716
poisson3Da, 1.513472, 596.688107, 1.514496, 596.284664, 1.464320, 616.716807
poisson3Db, 9.596928, 633.522484, 9.618432, 632.106087, 9.826304, 618.734081
pre2, 25.291777, 603.190599, 25.073664, 608.437686, 25.621504, 595.428044
preferentialAttachment, 9.691136, 264.150983, 7.012352, 365.059142, 5.324800, 480.754806
psse0, 0.547840, 478.654206, 0.546816, 479.550569, 0.544768, 481.353405
psse2, 0.661504, 446.060391, 0.666624, 442.634402, 0.653312, 451.653586
pwt, 1.482752, 563.030055, 1.477632, 564.980925, 1.448960, 576.160799
pwtk, 32.485374, 916.847226, 32.460800, 917.541320, 34.348034, 867.127520
qa8fk, 4.890624, 869.231043, 4.900864, 867.414834, 4.866048, 873.621132
qa8fm, 4.885504, 870.142045, 4.886528, 869.959658, 4.870144, 872.886374
raefsky3, 4.156416, 916.954928, 4.084736, 933.045906, 4.829184, 789.211187
raefsky4, 3.760128, 904.555414, 3.769344, 902.343771, 4.260864, 798.252264
rail_20209, 0.775168, 459.818361, 0.774144, 460.426591, 0.772096, 461.647891
rail_79841, 2.586624, 548.219537, 2.629632, 539.253311, 2.568192, 552.154106
rajat09, 0.789504, 342.324906, 0.796672, 339.244864, 0.697344, 387.566076
rajat10, 1.016832, 328.053879, 1.013760, 329.047989, 0.817152, 408.217407
rajat15, 11.122688, 102.092844, 3.948544, 287.586227, 1.890304, 600.721841
rajat16, 152.228867, 10.782233, 5.108736, 321.286328, 3.228672, 508.372181
rajat17, 152.274948, 10.778970, 5.111808, 321.093260, 3.226624, 508.694857
rajat18, 155.165695, 8.004128, 4.743168, 261.843163, 2.673664, 464.518368
rajat20, 152.294403, 10.170533, 5.009408, 309.201247, 3.031040, 511.017744
rajat21, 662.943726, 7.311371, 9.654272, 502.060348, 9.934848, 487.881373
rajat22, 11.087872, 45.544885, 2.697216, 187.228547, 1.559552, 323.808283
rajat23, 21.101568, 67.566603, 5.102592, 279.419025, 3.135488, 454.717500
rajat24, 575.115234, 8.672143, 9.766912, 510.650794, 10.131456, 492.276867
rajat25, 152.551422, 10.190148, 5.003264, 310.701497, 3.044352, 510.624781
rajat26, 13.636608, 46.801456, 3.150848, 202.552817, 1.628160, 391.984277
rajat28, 152.613892, 10.185977, 4.976640, 312.363669, 3.047424, 510.110034
rajat29, 2605.481934, 4.781323, 23.129087, 538.614039, 25.107456, 496.173372
rajat30, 2282.778564, 6.925317, 29.251583, 540.448189, 30.491648, 518.468705
ramage02, 8.883200, 826.038069, 8.870912, 827.182307, 8.511488, 862.112612
rel8, 5.165056, 407.334934, 5.163008, 407.496512, 5.160960, 407.658219
rel9, 159.361023, 380.193270, 159.331329, 380.264125, 159.245316, 380.469518
relat8, 5.529600, 617.610169, 5.531648, 617.381508, 5.517312, 618.985703
relat9, 173.140991, 575.980734, 173.162491, 575.909221, 173.110275, 576.082934
rgg_n_2_15_s0, 1.461248, 561.457588, 1.465344, 559.888208, 1.447936, 566.619496
rgg_n_2_16_s0, 2.846720, 615.336335, 2.818048, 621.597020, 2.796544, 626.376768
rgg_n_2_17_s0, 5.682176, 656.652537, 5.694464, 655.235545, 5.653504, 659.982805
rgg_n_2_18_s0, 11.791360, 671.855412, 11.803648, 671.155982, 11.712512, 676.378299
rgg_n_2_19_s0, 24.478720, 683.908395, 24.448000, 684.767750, 24.384512, 686.550625
rgg_n_2_20_s0, 51.131393, 690.086697, 51.171329, 689.548127, 51.096577, 690.556916
rgg_n_2_21_s0, 106.867714, 694.115479, 106.915840, 693.803035, 106.883072, 694.015742
rgg_n_2_22_s0, 222.597122, 698.297859, 222.733307, 697.870902, 222.595078, 698.304273
ri2010, 0.869376, 370.288573, 0.865280, 372.041432, 0.852992, 377.400961
rim, 3.393536, 765.654023, 3.357696, 773.826611, 3.675136, 706.987305
rlfprim, 1.609728, 509.845745, 1.631232, 503.124600, 1.686528, 486.628728
rma10, 6.990848, 869.342675, 6.996992, 868.579307, 7.522304, 807.923013
roadNet-CA, 37.935104, 373.401578, 37.912575, 373.623473, 37.914623, 373.603286
roadNet-PA, 20.885504, 377.990296, 20.919296, 377.379701, 20.854784, 378.547088
roadNet-TX, 26.869761, 366.169963, 26.719233, 368.232852, 26.702848, 368.458789
route, 11.852800, 44.661338, 3.077120, 172.031610, 1.574912, 336.121597
s3dkq4m2, 13.618176, 906.250627, 13.596672, 907.683947, 14.320640, 861.796770
s3dkt3m2, 11.668480, 823.488597, 11.652096, 824.646512, 12.332032, 779.178971
s4dkt3m2, 11.645952, 825.081537, 11.663360, 823.850113, 12.351488, 777.951618
sc2010, 4.910080, 465.672580, 4.956160, 461.342969, 4.896768, 466.938511
sc205-2r, 0.921600, 342.330561, 0.925696, 340.815813, 0.913408, 345.400792
scagr7-2r, 0.906240, 339.381361, 0.900096, 341.697953, 0.884736, 347.630208
scfxm1-2b, 0.795648, 357.310177, 0.791552, 359.159117, 0.768000, 370.173330
scfxm1-2r, 1.371136, 413.345795, 1.363968, 415.518014, 1.429504, 396.468471
scircuit, 4.773888, 514.229932, 4.779008, 513.679032, 4.768768, 514.782066
sctap1-2r, 1.115136, 427.837455, 1.127424, 423.174386, 1.105920, 431.402794
sd2010, 2.366464, 444.312005, 2.342912, 448.778417, 2.307072, 455.750126
sgpf5y6, 6.853632, 310.763485, 6.883328, 309.422793, 6.836224, 311.554820
shallow_water1, 1.624064, 516.519556, 1.627136, 515.544370, 1.603584, 523.116203
shallow_water2, 1.619968, 517.825519, 1.615872, 519.138141, 1.606656, 522.116012
shar_te2-b2, 3.481600, 441.617641, 3.478528, 442.007651, 3.463168, 443.968078
shar_te2-b3, 4.263936, 480.787699, 4.271104, 479.980836, 4.235264, 484.042573
shermanACb, 29.511681, 12.590996, 2.365440, 157.087670, 1.196032, 310.678498
ship_001, 12.404736, 958.442745, 12.386304, 959.868973, 12.910592, 920.889509
ship_003, 22.286337, 928.831290, 22.311935, 927.765640, 24.773632, 835.575785
shipsec1, 21.686272, 922.349150, 21.699583, 921.783344, 23.923712, 836.087411
shipsec5, 28.502016, 908.340157, 28.508160, 908.144408, 31.200256, 829.785675
shipsec8, 18.653185, 913.125643, 18.632704, 914.129352, 20.615168, 826.221826
shock-9, 0.847872, 430.495160, 0.846848, 431.015714, 0.833536, 437.899248
shuttle_eddy, 0.512000, 517.994975, 0.534528, 496.163777, 0.504832, 525.349868
shyy161, 1.818624, 464.191999, 1.836032, 459.790845, 1.786880, 472.438391
sinc15, 2.049024, 710.302312, 2.061312, 706.068071, 2.069504, 703.273124
sinc18, 3.247104, 767.759399, 3.271680, 761.992148, 3.240960, 769.214878
skirt, 0.804864, 625.063621, 0.804864, 625.063621, 0.791552, 635.575673
sls, 28.768255, 605.494428, 28.815359, 604.504638, 28.758017, 605.710000
smallworld, 3.775488, 678.055348, 3.714048, 689.272143, 3.700736, 691.751513
sme3Da, 4.074496, 549.690277, 4.084736, 548.312251, 3.368960, 664.807770
sme3Db, 9.004032, 591.681727, 8.845312, 602.298846, 8.172544, 651.880441
sme3Dc, 12.804096, 629.529740, 12.615680, 638.931831, 12.430336, 648.458687
smt, 10.619904, 904.730536, 10.518528, 913.450157, 10.402816, 923.610608
soc-Epinions1, 9.350144, 139.315787, 4.546560, 286.507332, 2.861056, 455.294367
soc-Slashdot0811, 13.809664, 167.853332, 5.779456, 401.075469, 4.601856, 503.709365
soc-Slashdot0902, 14.150656, 171.586949, 5.967872, 406.856545, 4.842496, 501.408340
soc-sign-Slashdot081106, 3.895296, 339.494602, 3.903488, 338.782142, 3.062784, 431.774496
soc-sign-Slashdot090216, 4.055040, 344.489278, 4.114432, 339.516562, 3.233792, 431.975134
soc-sign-Slashdot090221, 4.121600, 341.119242, 4.101120, 342.822722, 3.246080, 433.124616
soc-sign-epinions, 12.377088, 174.024164, 6.092800, 353.517639, 5.039104, 427.439546
south31, 1.016832, 282.975832, 1.005568, 286.145613, 0.648192, 443.909961
spal_004, 301.240326, 392.345869, 304.214020, 388.510686, 374.872070, 315.281950
sparsine, 6.725632, 589.596512, 6.694912, 592.301931, 6.539264, 606.399919
spmsrtls, 0.936960, 628.270504, 0.950272, 619.469273, 0.922624, 638.032747
srb1, 8.144896, 931.025950, 8.311808, 912.329719, 8.775680, 864.105058
stat96v2, 27.700224, 263.593214, 13.271040, 550.189816, 10.799104, 676.129355
stat96v3, 31.879168, 266.424904, 15.050752, 564.317606, 12.269568, 692.233325
std1_Jac2, 5.498880, 581.345913, 5.132288, 622.870613, 4.825088, 662.527055
std1_Jac2_db, 2.025472, 630.398153, 2.037760, 626.596728, 1.881088, 678.784697
std1_Jac3, 6.278144, 593.642158, 5.670912, 657.208403, 5.695488, 654.372531
std1_Jac3_db, 2.165760, 628.635922, 2.179072, 624.795610, 1.972224, 690.324508
stokes128, 2.099200, 681.212192, 2.095104, 682.543995, 2.071552, 690.303991
stokes64, 0.582656, 615.263593, 0.580608, 617.433851, 0.576512, 621.820626
stokes64s, 0.577536, 620.718099, 0.582656, 615.263593, 0.570368, 628.518860
stomach, 9.405440, 822.440907, 9.423872, 820.832338, 9.367552, 825.767398
stormG2_1000, 17.772545, 498.369560, 17.767424, 498.513208, 17.752064, 498.944544
stormg2-125, 2.451456, 452.439419, 2.473984, 448.319536, 2.415616, 459.152176
struct3, 3.676160, 817.335633, 3.836928, 783.089160, 3.649536, 823.298284
t2dah, 0.755712, 596.602325, 0.887808, 507.834473, 0.744448, 605.629293
t2dah_a, 0.760832, 592.587474, 0.765952, 588.626344, 0.748544, 602.315339
t2dah_e, 0.762880, 590.996623, 0.764928, 589.414337, 0.744448, 605.629293
t2em, 22.488064, 522.611907, 22.487040, 522.635711, 22.448128, 523.541654
t3dh, 14.229504, 782.978036, 14.277632, 780.338714, 15.810560, 704.680204
t3dh_a, 14.215168, 783.767649, 14.237696, 782.527527, 15.779840, 706.052056
t3dh_e, 14.205952, 784.276129, 14.211072, 783.993553, 15.789056, 705.639965
t3dl, 1.860608, 701.521746, 1.866752, 699.212825, 1.847296, 706.577051
t3dl_a, 1.864704, 699.980775, 1.864704, 699.980775, 1.845248, 707.361271
t60k, 1.329152, 344.530049, 1.339392, 341.896038, 1.323008, 346.130046
tandem_dual, 2.464768, 478.285223, 2.484224, 474.539350, 2.457600, 479.680186
tandem_vtx, 1.047552, 619.134904, 1.059840, 611.956543, 1.037312, 625.246773
ted_A, 1.551360, 700.638609, 1.699840, 639.438272, 1.422336, 764.195474
ted_AB, 1.886208, 708.994278, 1.880064, 711.311270, 1.714176, 780.147823
ted_AB_unscaled, 1.882112, 710.537259, 1.879040, 711.698909, 1.705984, 783.894059
ted_A_unscaled, 1.580032, 687.924502, 1.564672, 694.677686, 1.423360, 763.645689
ted_B, 0.622592, 594.486046, 0.617472, 599.415430, 0.626688, 590.600487
ted_B_unscaled, 0.625664, 591.567107, 0.629760, 587.719487, 0.622592, 594.486046
thermal1, 2.445312, 601.400748, 2.435072, 603.929787, 2.426880, 605.968384
thermal2, 33.737728, 651.069367, 33.736706, 651.089096, 33.671169, 652.356356
thermomech_TC, 3.779584, 481.954764, 3.790848, 480.522688, 3.746816, 486.169729
thermomech_TK, 3.766272, 483.658229, 3.818496, 477.043445, 3.744768, 486.435615
thermomech_dK, 9.649152, 755.127894, 9.581568, 760.454224, 9.550848, 762.900182
thermomech_dM, 8.017920, 454.379336, 7.989248, 456.010009, 7.968768, 457.181951
thread, 12.242944, 934.687204, 12.261376, 933.282082, 12.469248, 917.723591
tmt_sym, 19.651585, 661.893705, 19.622911, 662.860870, 19.574783, 664.490633
tmt_unsym, 22.352896, 525.081435, 22.363136, 524.840989, 22.439936, 523.044750
tn2010, 6.427648, 475.532096, 6.424576, 475.759498, 6.391808, 478.198492
tomographic1, 3.350528, 494.724175, 3.345408, 495.481334, 3.270656, 506.805713
torsion1, 1.141760, 443.067268, 1.139712, 443.863441, 1.120256, 451.572233
torso1, 23.816193, 915.437675, 21.960705, 992.784166, 23.544832, 925.988335
torso2, 4.169728, 634.499662, 4.190208, 631.398467, 4.151296, 637.316826
torso3, 13.221888, 857.543784, 13.189120, 859.674282, 13.163520, 861.346178
tp-6, 4485.590820, 6.584594, 57.281536, 515.625010, 57.338879, 515.109352
trans4, 642.116638, 3.055479, 5.186560, 378.280344, 3.879936, 505.671684
trans5, 642.149353, 3.055323, 5.335040, 367.752393, 3.887104, 504.739195
transient, 337.285126, 7.300003, 7.152640, 344.234079, 5.693440, 432.459535
trdheim, 5.074944, 976.253023, 5.088256, 973.698956, 5.434368, 911.684545
troll, 34.013184, 902.058582, 34.045952, 901.190377, 37.310463, 822.339948
ts-palko, 220.986374, 12.475302, 7.368704, 374.132512, 4.465664, 617.348671
tsyl201, 6.584320, 954.493380, 6.585344, 954.344993, 6.959104, 903.088941
tube1, 2.840576, 808.449911, 2.846720, 806.705042, 3.043328, 754.589490
tube2, 2.859008, 803.237802, 2.856960, 803.813604, 3.001344, 765.145010
turon_m, 6.602752, 655.581555, 6.617088, 654.161266, 6.560768, 659.776794
twotone, 5.059584, 619.421153, 5.040128, 621.812243, 5.195776, 603.184866
tx2010, 23.997440, 475.386381, 23.993343, 475.467556, 24.027136, 474.798844
usroads, 2.657280, 318.757229, 2.632704, 321.732786, 2.628608, 322.234127
usroads-48, 2.572288, 322.352702, 2.585600, 320.693082, 2.564096, 323.382591
ut2010, 3.295232, 444.426655, 3.294208, 444.564805, 3.268608, 448.046666
va2010, 7.666688, 468.187527, 7.665664, 468.250055, 7.636992, 470.008046
vanbody, 6.818816, 877.345674, 6.834176, 875.373831, 7.443456, 803.720576
venkat01, 4.840448, 908.500124, 4.692992, 937.045561, 4.678656, 939.916810
venkat25, 4.688896, 937.864127, 4.876288, 901.822775, 4.689920, 937.659399
venkat50, 4.685824, 938.479038, 4.697088, 936.228519, 4.689920, 937.659399
venturiLevel3, 86.806526, 475.052917, 86.878204, 474.660978, 86.799362, 475.092125
vfem, 4.816896, 762.455363, 5.155840, 712.331689, 4.804608, 764.405392
vibrobox, 1.495040, 587.034223, 1.488896, 589.456666, 1.200128, 731.288421
viscoplastic2, 1.628160, 599.569182, 1.632256, 598.064606, 1.582080, 617.032360
viscorocks, 3.496960, 850.837500, 3.513344, 846.869705, 3.616768, 822.652914
vsp_barth5_1Ksep_50in_5Kout, 1.202176, 433.581781, 1.197056, 435.436250, 1.183744, 440.333062
vsp_bcsstk30_500sep_10in_1Kout, 16.753664, 616.275899, 16.754688, 616.238225, 17.432575, 592.275050
vsp_befref_fxm_2_4_air02, 5.098496, 98.638282, 2.163712, 232.427825, 1.341440, 374.900774
vsp_bump2_e18_aa01_model1_crew1, 4.065280, 378.842573, 4.007936, 384.262902, 2.591744, 594.233517
vsp_c-30_data_data, 6.044672, 52.671523, 2.129920, 149.480769, 1.034240, 307.841582
vsp_c-60_data_cti_cs4, 8.343552, 147.938151, 3.643392, 338.785827, 2.333696, 528.916217
vsp_finan512_scagr7-2c_rlfddd, 6.940672, 407.214522, 6.515712, 433.773392, 5.148672, 548.945892
vsp_mod2_pgp2_slptsk, 10.425344, 191.222858, 5.122048, 389.212323, 3.938304, 506.198655
vsp_model1_crew1_cr42_south31, 79.214592, 12.279014, 4.024320, 241.699738, 2.008064, 484.385510
vsp_msc10848_300sep_100in_1Kout, 11.065344, 564.976872, 10.637312, 587.710824, 9.987072, 625.975598
vsp_p0291_seymourl_iiasa, 1.008640, 273.441611, 1.025024, 269.070914, 0.608256, 453.434357
vsp_sctap1-2b_and_seymourl, 7.459840, 96.658204, 3.189760, 226.052972, 1.635328, 440.923592
vsp_south31_slptsk, 77.172737, 12.599782, 3.941376, 246.705640, 1.823744, 533.166743
vsp_vibrobox_scagr7-2c_rlfddd, 6.235136, 357.682705, 5.601280, 398.159034, 3.723264, 598.990652
vt2010, 1.054720, 377.665033, 1.063936, 374.393649, 1.024000, 388.994982
wa2010, 5.260288, 461.082365, 5.291008, 458.405265, 5.219328, 464.700811
wang3, 0.955392, 474.726687, 0.947200, 478.832432, 0.943104, 480.912037
wang4, 0.952320, 476.333344, 0.954368, 475.311161, 0.934912, 485.202615
water_tank, 6.009856, 866.962397, 5.989376, 869.926901, 6.221824, 837.426327
wathen100, 1.788928, 674.872627, 1.783808, 676.809704, 1.775616, 679.932219
wathen120, 2.129920, 680.001200, 2.126848, 680.983395, 2.094080, 691.639374
watson_1, 7.818240, 345.479037, 7.758848, 348.123589, 7.566336, 356.980978
watson_2, 13.682688, 345.455589, 13.694976, 345.145622, 13.484032, 350.545080
wave, 7.226368, 750.553356, 7.197696, 753.543156, 7.174144, 756.017007
waveguide3D, 1.371136, 566.594494, 1.379328, 563.229394, 1.363968, 569.572066
web-BerkStan, 26.638336, 730.433127, 26.644480, 730.264707, 27.716608, 702.016754
web-Google, 36.208641, 360.933177, 36.187138, 361.147654, 36.156418, 361.454497
web-NotreDame, 23.229441, 164.991620, 8.026112, 477.524265, 8.443904, 453.897045
web-Stanford, 11.995136, 493.532728, 12.014592, 492.733522, 12.111872, 488.776009
webbase-1M, 34.386944, 231.197405, 20.178944, 393.983565, 20.315136, 391.342306
wheel_601, 18.453505, 301.150593, 18.661377, 297.796023, 19.012608, 292.294669
wi2010, 6.502400, 476.143313, 6.494208, 476.743940, 6.468608, 478.630686
wiki-Talk, 579.142639, 22.196276, 53.695488, 239.402044, 57.587711, 223.221401
wikipedia-20051105, 109.378563, 462.319840, 108.746750, 465.005894, 111.943680, 451.726080
wikipedia-20060925, 218.102783, 437.449190, 217.211899, 439.243367, 220.482559, 432.727587
wikipedia-20061104, 231.642105, 435.245059, 230.759430, 436.909909, 233.846786, 431.141617
wikipedia-20070206, 267.113464, 431.568645, 266.100739, 433.211108, 269.332489, 428.012960
windscreen, 4.098048, 926.030687, 4.141056, 916.413191, 4.519936, 839.595589
wing, 1.797120, 346.279207, 1.820672, 341.799768, 1.770496, 351.486406
wing_nodal, 0.812032, 475.964700, 0.809984, 477.168125, 0.802816, 481.428587
world, 2.082816, 244.448145, 2.086912, 243.968361, 1.242112, 409.898997
wv2010, 3.812352, 445.153109, 3.812352, 445.153109, 3.772416, 449.865621
wy2010, 2.545664, 429.993954, 2.495488, 438.639734, 2.462720, 444.476106
x104, 26.423296, 985.082159, 26.418177, 985.273048, 28.546047, 911.829132
xenon1, 3.569664, 847.045324, 3.559424, 849.482182, 3.540992, 853.903986
xenon2, 11.035648, 896.976867, 11.038720, 896.727262, 11.021312, 898.143660
