Dataset,ASpT,Sputnik,RoDe
12month1,35.802113,0.419840,0.093184
144,0.091936,0.882368,0.061440
192bit,0.073888,0.379904,0.052224
208bit,0.074976,0.389696,0.053248
2D_27628_bjtcai,0.084992,0.404160,0.056320
2D_54019_highK,0.087904,0.908480,0.059392
2cubes_sphere,0.094656,0.919712,0.064512
333SP,0.320704,1.799616,0.218112
3D_28984_Tetra,0.150528,0.409824,0.056320
3D_51448_3D,0.174080,0.917664,0.057344
3Dspectralwave,0.342016,1.577152,0.124928
3Dspectralwave2,0.225280,1.380896,0.077824
3dtube,7.391232,1.109536,0.056320
598a,0.099328,0.867072,0.060416
ABACUS_shell_hd,0.074624,0.404000,0.059392
ABACUS_shell_ld,0.073376,0.404032,0.053248
ABACUS_shell_md,0.080832,0.402592,0.055296
ABACUS_shell_ud,0.072544,0.403488,0.054272
AS365,0.332512,2.756416,0.228352
ASIC_100k,6.112256,1.148928,0.075776
ASIC_100ks,0.092576,1.270816,0.063488
ASIC_320k,8.251392,1.593120,0.105472
ASIC_320ks,0.123520,1.349376,0.071680
ASIC_680k,10.830848,1.415712,0.128000
ASIC_680ks,0.132384,6.543264,0.099328
Andrews,0.086784,0.896192,0.058368
Baumann,0.085856,0.873696,0.061440
BenElechi1,11.169792,0.910208,0.076800
Bump_2911,38.205406,2.341600,0.203776
CO,0.137760,0.900224,0.072704
Chebyshev4,12.642304,0.680192,0.077824
Chevron1,0.073536,0.394976,0.054272
Chevron2,0.080928,0.880320,0.061440
Chevron3,0.106752,2.654784,0.130048
Chevron4,0.142752,1.370496,0.090112
CoupCons3D,13.394592,1.177152,0.080896
Cube_Coup_dt0,37.265663,2.424608,0.160768
Cube_Coup_dt6,37.214497,6.784928,0.162816
CurlCurl_0,0.072032,0.394240,0.052224
CurlCurl_1,0.095520,0.910368,0.066560
CurlCurl_2,0.154432,1.375264,0.107520
CurlCurl_3,0.189056,1.427104,0.123904
CurlCurl_4,0.288256,1.639072,0.156672
D6-6,0.071808,0.952096,0.060416
Delor295K,0.097536,1.526656,0.083968
Delor338K,0.121664,1.352256,0.078848
Delor64K,0.094624,0.886080,0.059392
Dubcova1,0.090976,0.380928,0.052224
Dubcova2,0.100448,1.546528,0.059392
Dubcova3,0.120672,0.891040,0.063488
EAT_RS,0.131072,0.464224,0.053248
EAT_SR,0.103424,0.461920,0.053248
ESOC,0.134112,1.359904,0.074752
Emilia_923,0.333728,1.955616,0.114688
EternityII_E,5.863424,0.420864,0.059392
EternityII_Etilde,5.357568,0.407552,0.054272
F1,16.417791,1.998848,0.077824
F2,8.970240,0.448064,0.063488
FEM_3D_thermal1,0.091712,0.391392,0.055296
FEM_3D_thermal2,0.099104,1.582592,0.073728
Fault_639,0.247776,1.446240,0.091136
Flan_1565,48.598015,2.294912,0.131072
Franz11,0.072512,0.437632,0.057344
Freescale1,0.360640,1.779744,0.218112
Freescale2,19.617792,2.211168,0.331776
FullChip,50.700287,1.838240,0.430080
G2_circuit,0.075840,0.884576,0.064512
G3_circuit,0.175680,1.868160,0.141312
GL7d14,0.087968,0.938656,0.061440
GL7d15,0.137472,1.422976,0.079872
GL7d16,0.197344,1.434272,0.102400
GL7d17,0.278752,1.430432,0.147456
GL7d18,0.347136,1.728544,0.144384
GL7d19,0.372768,2.185952,0.134144
GL7d20,0.323584,2.202848,0.118784
GL7d21,0.265760,1.896224,0.142336
GL7d22,10.638208,1.386880,0.075776
GL7d23,6.583232,0.812192,0.061440
GL7d24,0.194560,0.415680,0.054272
G_n_pin_pout,0.082208,0.953600,0.061440
Ga10As10H30,9.126912,1.012960,0.083968
Ga19As19H42,10.685440,1.120992,0.070656
Ga3As3H12,9.371648,0.419456,0.060416
Ga41As41H72,14.747648,1.158592,0.074752
GaAsH6,7.361536,0.409856,0.056320
Ge87H76,10.428416,0.904512,0.067584
Ge99H100,10.454016,0.799328,0.064512
Geo_1438,0.439264,2.062880,0.123904
H2O,0.106528,0.401344,0.059392
HEP-th-new,0.114688,0.446144,0.056320
HTC_336_4438,0.263168,0.911808,0.072704
HTC_336_9129,0.241664,0.926816,0.067584
HV15R,104.152061,2.173600,0.212992
Hamrle3,0.153696,1.472416,0.120832
Hook_1498,0.427040,2.287680,0.125952
IG5-15,0.131072,0.411648,0.053248
IG5-16,0.140288,0.421280,0.064512
IG5-17,0.142336,0.410144,0.056320
IG5-18,0.149504,0.943776,0.056320
IMDB,0.154624,1.456576,0.087040
Ill_Stokes,0.072576,0.394592,0.053248
JP,11.966464,0.681568,0.081920
LargeRegFile,0.181600,1.524448,0.147456
LeGresley_87936,0.080096,0.392640,0.060416
Lin,0.094432,0.873920,0.068608
Linux_call_graph,0.093312,1.470656,0.073728
Long_Coup_dt0,33.030945,2.256544,0.125952
Long_Coup_dt6,34.058495,2.266816,0.129024
M6,0.302656,1.750176,0.215040
ML_Geer,43.107327,2.118272,0.126976
ML_Laplace,17.469440,1.973536,0.080896
Maragal_6,5.625856,0.455328,0.056320
Maragal_7,10.546176,0.920992,0.060416
Maragal_8,5.648384,0.459168,0.057344
NACA0015,0.146432,1.380736,0.096256
NLR,0.356416,1.909632,0.238592
NotreDame_actors,0.110464,1.394208,0.075776
NotreDame_www,0.105088,1.451904,0.075776
OPF_10000,0.097184,0.397472,0.056320
OPF_3754,0.090592,0.378880,0.052224
OPF_6000,0.092128,0.406400,0.056320
PFlow_742,17.093632,2.011392,0.094208
PR02R,14.020608,1.384128,0.068608
Pres_Poisson,4.296864,0.386048,0.055296
RFdevice,0.079712,0.901824,0.059392
RM07R,19.524609,5.355456,0.080896
Raj1,11.931648,1.371232,0.072704
Reuters911,0.138240,0.435200,0.055296
Rucci1,0.181376,1.512864,0.143360
Serena,0.449088,2.080896,0.124928
Si10H16,4.659200,0.403488,0.055296
Si34H36,8.658944,0.901728,0.067584
Si41Ge41H72,12.162048,5.771360,0.072704
Si5H12,11.793408,0.409568,0.056320
Si87H76,10.839040,0.928352,0.073728
SiO,4.902912,0.418496,0.055296
SiO2,13.784064,1.152928,0.069632
Stanford,6.946816,6.835200,0.091136
Stanford_Berkeley,13.887488,1.448000,0.096256
StocF-1465,0.233472,1.929312,0.116736
TF16,0.081376,0.381952,0.052224
TF17,0.084896,0.410176,0.055296
TF18,0.105984,0.954912,0.060416
TF19,0.118144,1.096320,0.072704
TSOPF_FS_b162_c1,5.367808,0.421888,0.055296
TSOPF_FS_b162_c3,12.116992,0.417408,0.058368
TSOPF_FS_b162_c4,8.623104,0.918464,0.060416
TSOPF_FS_b300,24.609793,0.404608,0.063488
TSOPF_FS_b300_c1,24.711168,0.394656,0.062464
TSOPF_FS_b300_c2,44.576767,0.838848,0.080896
TSOPF_FS_b300_c3,64.600067,0.632896,0.093184
TSOPF_FS_b39_c19,13.268992,0.418528,0.063488
TSOPF_FS_b39_c30,11.040768,0.914304,0.068608
TSOPF_FS_b39_c7,9.494528,0.432704,0.066560
TSOPF_FS_b9_c6,2.457600,0.399360,0.054272
TSOPF_RS_b162_c3,4.466688,0.399360,0.054272
TSOPF_RS_b162_c4,4.423680,0.409728,0.056320
TSOPF_RS_b2052_c1,12.019712,0.409568,0.060416
TSOPF_RS_b2383,14.905344,0.629792,0.062464
TSOPF_RS_b2383_c1,14.922752,0.617536,0.063488
TSOPF_RS_b300_c1,6.166528,0.394240,0.054272
TSOPF_RS_b300_c2,6.848512,0.390176,0.055296
TSOPF_RS_b300_c3,8.472576,0.914624,0.063488
TSOPF_RS_b39_c19,0.093120,0.397472,0.056320
TSOPF_RS_b39_c30,0.099328,0.909632,0.059392
TSOPF_RS_b39_c7,0.091328,0.378880,0.052224
TSOPF_RS_b678_c1,12.048384,0.382208,0.058368
TSOPF_RS_b678_c2,11.342848,0.401600,0.059392
Transport,0.265344,3.519360,0.125952
Trefethen_20000,0.093248,0.397792,0.055296
Trefethen_20000b,0.091040,0.397920,0.054272
Wordnet3,0.076352,0.980256,0.058368
Zd_Jac2,13.182976,0.418176,0.055296
Zd_Jac2_db,4.574208,0.427744,0.055296
Zd_Jac3,5.867520,0.420480,0.054272
Zd_Jac3_db,4.595712,0.423104,0.055296
Zd_Jac6,5.722112,0.421376,0.054272
Zd_Jac6_db,4.599808,0.422784,0.056320
Zhao1,0.071520,0.398144,0.055296
Zhao2,0.072288,0.398848,0.053248
a0nsdsil,0.166912,0.949600,0.062464
a2nnsnsl,0.168960,0.916736,0.061440
a5esindl,0.187392,0.908800,0.058368
adaptive,0.439520,5.770592,0.368640
af23560,0.111520,0.400384,0.054272
af_0_k101,0.197600,1.404032,0.086016
af_1_k101,0.198016,1.388608,0.086016
af_2_k101,0.193728,1.409920,0.086016
af_3_k101,0.202368,1.410720,0.087040
af_4_k101,0.199936,1.404256,0.084992
af_5_k101,0.200000,1.405280,0.087040
af_shell1,0.205600,1.429504,0.086016
af_shell10,0.390848,2.070624,0.128000
af_shell2,0.197280,1.417536,0.084992
af_shell3,0.199264,1.411488,0.084992
af_shell4,0.199328,5.307712,0.104448
af_shell5,0.198592,11.087456,0.105472
af_shell6,0.343136,1.424256,0.086016
af_shell7,0.201312,1.437472,0.086016
af_shell8,0.199072,8.107488,0.095232
af_shell9,0.199136,1.473888,0.102400
airfoil_2d,0.080736,0.384000,0.052224
ak2010,0.074656,0.973952,0.055296
al2010,0.087840,6.071392,0.071680
amazon-2008,0.133536,2.575680,0.108544
amazon0302,0.087584,0.947680,0.069632
amazon0312,0.096512,1.539680,0.103424
amazon0505,0.108352,1.638400,0.080896
amazon0601,0.112672,1.414240,0.130048
apache1,0.076768,0.402240,0.060416
apache2,0.122944,1.367744,0.099328
appu,0.204800,0.401408,0.056320
ar2010,0.076960,4.422240,0.065536
as-Skitter,32.525311,1.542752,0.131072
as-caida,0.116736,0.965216,0.057344
astro-ph,0.121856,0.444224,0.052224
atmosmodd,0.169824,1.460928,0.112640
atmosmodj,0.166720,1.623232,0.121856
atmosmodl,0.174848,1.488256,0.119808
atmosmodm,0.179872,1.482400,0.131072
audikw_1,31.898624,2.107200,0.100352
aug3dcqp,0.070272,0.401472,0.054272
auto,0.130112,1.693120,0.083968
av41092,6.436864,0.409472,0.055296
az2010,0.085152,0.899392,0.072704
barrier2-1,0.194560,0.895360,0.068608
barrier2-10,0.205824,0.905760,0.066560
barrier2-11,0.205824,0.912224,0.067584
barrier2-12,0.209920,1.017984,0.080896
barrier2-2,0.192512,0.906112,0.068608
barrier2-3,0.191488,0.892448,0.066560
barrier2-4,0.207872,0.899008,0.066560
barrier2-9,0.205824,0.910688,0.067584
bauru5727,0.073856,0.395552,0.053248
baxter,0.173056,0.900032,0.053248
bayer01,0.076576,0.402816,0.057344
bayer04,0.071232,0.393632,0.052224
bbmat,0.167936,0.410880,0.055296
bcircuit,0.079776,0.402176,0.058368
bcsstk17,4.204544,0.409600,0.054272
bcsstk18,0.076416,0.393216,0.052224
bcsstk25,0.080736,0.379904,0.052224
bcsstk29,4.338688,0.398336,0.057344
bcsstk30,9.328640,0.408128,0.055296
bcsstk31,11.009024,0.421728,0.055296
bcsstk32,5.475328,0.907296,0.057344
bcsstk35,10.193920,0.407808,0.054272
bcsstk36,4.587520,0.423392,0.055296
bcsstk37,4.469760,0.490464,0.055296
bcsstk39,5.178656,0.901536,0.056320
bcsstm36,0.082720,0.461952,0.245760
belgium_osm,0.141280,1.451072,0.119808
bfly,0.076448,0.367200,0.054272
blockqp1,12.515328,0.911968,0.064512
bloweya,0.156672,0.413280,0.053248
bloweybl,0.155648,0.414528,0.053248
bmw3_2,20.264959,0.914816,0.075776
bmw7st_1,9.604096,0.909120,0.068608
bmwcra_1,11.120640,1.136352,0.067584
bodyy4,0.072448,0.384480,0.052224
bodyy5,0.070336,0.386368,0.054272
bodyy6,0.072160,0.386528,0.053248
bone010,30.663679,2.589088,0.173056
boneS01,9.108480,0.914592,0.067584
boneS10,24.883200,4.940352,0.100352
boyd1,8.718336,0.920096,0.072704
boyd2,6.801408,1.398752,0.083968
brack2,0.086656,0.889696,0.058368
brainpc2,3.333120,0.405952,0.054272
bratu3d,0.073472,0.387936,0.053248
bundle1,8.247296,0.411648,0.054272
bundle_adj,26.884096,1.303680,0.112640
c-42,0.192512,0.401408,0.051200
c-43,2.577408,0.406528,0.052224
c-45,3.988480,0.394240,0.051200
c-46,3.528704,0.391168,0.051200
c-47,3.410944,0.389120,0.052224
c-48,0.164864,0.400352,0.050176
c-49,0.130048,0.406464,0.052224
c-50,2.836480,0.412000,0.052224
c-51,0.146432,0.417760,0.052224
c-52,0.140288,0.412160,0.053248
c-53,5.392384,0.425216,0.067584
c-54,4.439040,0.410784,0.055296
c-55,0.157696,0.410848,0.056320
c-56,5.718016,0.418272,0.056320
c-57,5.437440,0.415008,0.056320
c-58,4.806656,0.417984,0.055296
c-59,0.159744,0.403456,0.056320
c-60,0.141312,0.413568,0.058368
c-61,0.144384,0.410624,0.058368
c-62,0.160768,0.426528,0.055296
c-62ghs,0.159744,0.419104,0.057344
c-63,0.149504,0.412384,0.057344
c-64,7.051264,0.916224,0.059392
c-64b,6.993920,0.918912,0.059392
c-65,0.143360,0.420256,0.056320
c-66,5.071872,0.952960,0.059392
c-66b,4.743168,0.978720,0.057344
c-67,5.070848,0.917120,0.062464
c-67b,5.108736,0.911136,0.058368
c-68,0.161792,0.892864,0.059392
c-69,4.754432,0.906496,0.061440
c-70,0.166912,0.920768,0.061440
c-71,0.149504,0.417856,0.060416
c-72,4.770816,0.431712,0.060416
c-73,6.286336,0.927424,0.066560
c-73b,6.234112,0.909504,0.068608
c-big,0.239616,1.362592,0.075776
ca-AstroPh,0.114688,0.405760,0.056320
ca-CondMat,0.081472,0.419680,0.052224
ca-HepPh,0.111616,0.409600,0.052224
ca2010,0.164416,1.364352,0.086016
cage10,0.082112,0.392192,0.053248
cage11,0.094368,0.398208,0.055296
cage12,0.110848,0.888064,0.061440
cage13,0.157408,1.374208,0.084992
cage14,0.279392,1.288032,0.122880
cage15,0.776160,2.711520,0.296960
caidaRouterLevel,0.271936,0.903840,0.065536
cant,8.620480,0.406176,0.058368
case39,6.254592,0.923520,0.060416
case9,1.773568,0.403456,0.052224
cat_ears_4_4,0.073664,0.386688,0.053248
cbuckle,4.257760,0.402432,0.056320
cca,0.073408,0.387392,0.054272
ccc,0.065152,0.366944,0.054272
cfd1,0.099936,0.897952,0.058368
cfd2,0.110528,0.840064,0.063488
ch7-7-b5,0.073280,0.383232,0.055296
ch7-8-b3,0.073056,0.899200,0.059392
ch7-8-b4,0.079456,0.864512,0.063488
ch7-8-b5,0.094016,0.871904,0.065536
ch7-9-b3,0.073376,0.874176,0.064512
ch7-9-b4,0.082016,1.320416,0.071680
ch7-9-b5,0.104608,1.330720,0.073728
ch8-8-b3,0.073792,0.878688,0.064512
ch8-8-b4,0.099552,1.326304,0.074752
ch8-8-b5,0.116864,1.367808,0.088064
channel-500x100x100-b050,0.651232,2.475616,0.274432
chem_master1,0.071584,0.390848,0.055296
chipcool0,0.083776,0.398656,0.051200
chipcool1,0.081696,0.398272,0.052224
circuit5M,52.799488,2.802624,0.403456
circuit5M_dc,0.296832,1.750944,0.334848
circuit_4,13.292544,0.920800,0.060416
cit-HepPh,0.104448,0.460512,0.056320
cit-HepTh,0.112640,0.445248,0.054272
cit-Patents,0.302080,1.955296,0.264192
citationCiteseer,0.164864,1.884608,0.074752
ckt11752_dc_1,0.122880,0.402976,0.057344
ckt11752_tr_0,0.124928,0.405600,0.056320
cnr-2000,7.733248,1.411520,0.071680
co2010,0.083776,0.923296,0.066560
co9,1.534976,0.403456,0.052224
coAuthorsCiteseer,0.115040,0.906592,0.071680
coAuthorsDBLP,0.153504,1.711264,0.095232
coPapersCiteseer,28.068865,1.387232,0.196608
coPapersDBLP,18.141184,1.953024,0.087040
cond-mat-2003,0.081504,0.446240,0.061440
cond-mat-2005,0.092608,0.454144,0.055296
conf5_4-8x8-05,0.108384,0.867808,0.056320
conf5_4-8x8-10,0.108704,0.870016,0.055296
conf5_4-8x8-15,0.108192,0.863424,0.055296
conf5_4-8x8-20,0.112576,0.876960,0.055296
conf6_0-8x8-20,0.108160,1.499424,0.058368
conf6_0-8x8-30,0.110400,0.873888,0.057344
conf6_0-8x8-80,0.109216,0.915136,0.056320
consph,9.009152,0.925952,0.064512
cont-201,0.080832,0.403232,0.057344
cont-300,0.075840,0.886816,0.066560
cont11_l,0.152832,1.487392,0.121856
cont1_l,0.184800,1.519616,0.136192
cop20k_A,0.119520,0.983648,0.062464
copter1,0.084096,0.386624,0.053248
copter2,0.085312,1.200160,0.079872
crankseg_1,11.855872,0.678112,0.063488
crankseg_2,13.514752,0.390720,0.060416
crashbasis,0.101472,0.882816,0.064512
crplat2,4.550368,0.405824,0.054272
crystk02,4.460544,0.396288,0.055296
crystk03,5.624832,0.401536,0.053248
crystm02,0.091808,0.386048,0.060416
crystm03,0.098592,0.390240,0.055296
ct2010,0.077088,0.889088,0.060416
ct20stif,6.544384,0.920160,0.058368
cvxbqp1,0.075712,0.398048,0.057344
cvxqp3,0.072224,0.385632,0.052224
cyl6,5.855520,0.430080,0.073728
cz10228,0.071712,0.391168,0.052224
cz20468,0.073472,0.391552,0.053248
cz40948,0.085056,0.388512,0.055296
d_pretok,0.085792,0.870368,0.064512
darcy003,0.105792,1.354976,0.073728
dawson5,0.086848,0.928320,0.059392
dbic1,4.829184,0.908832,0.058368
dbir1,11.830272,0.408160,0.056320
dbir2,5.932032,0.419072,0.056320
dblp-2010,0.115392,1.392288,0.071680
dc1,7.612416,0.915104,0.075776
dc2,5.782528,0.913568,0.072704
dc3,5.847040,0.925728,0.076800
de2010,0.073600,0.904992,0.055296
debr,0.122464,1.410880,0.098304
degme,14.541824,0.940448,0.138240
delaunay_n15,0.074976,0.394368,0.053248
delaunay_n16,0.079808,0.390400,0.057344
delaunay_n17,0.077696,0.888704,0.062464
delaunay_n18,0.088288,1.358400,0.070656
delaunay_n19,0.110304,7.688128,0.105472
delaunay_n20,0.147712,1.398272,0.098304
delaunay_n21,0.213088,1.532064,0.145408
delaunay_n22,0.352896,1.873376,0.244736
deltaX,0.114208,0.898208,0.057344
denormal,0.091648,0.891168,0.061440
dictionary28,0.075488,0.440992,0.055296
dielFilterV2clx,0.262144,2.669984,0.090112
dielFilterV2real,0.411648,1.973408,0.112640
dielFilterV3clx,17.473536,1.941632,0.081920
dielFilterV3real,33.779713,2.177888,0.112640
dixmaanl,0.077056,0.404928,0.056320
e18,0.083808,0.388448,0.054272
e40r0100,0.121856,0.396480,0.055296
ecl32,0.076512,0.393024,0.057344
ecology1,0.127936,1.400480,0.141312
ecology2,0.134272,1.418912,0.103424
email-Enron,4.422656,0.416992,0.056320
email-EuAll,0.153152,1.421312,0.070656
engine,0.183296,0.919776,0.068608
enron,4.431872,0.454208,0.056320
epb2,0.090720,0.397376,0.052224
epb3,0.076960,0.393504,0.059392
eu-2005,14.648320,2.568960,0.092160
ex11,4.633600,0.410112,0.056320
ex19,0.081184,0.397312,0.052224
ex35,0.074144,0.393312,0.053248
fcondp2,11.072512,0.909344,0.070656
fe_body,0.073568,0.454560,0.054272
fe_ocean,0.085280,0.900672,0.065536
fe_rotor,0.093056,0.910080,0.062464
fe_tooth,0.089056,0.401184,0.060416
fem_filter,5.666816,0.406336,0.060416
fem_hifreq_circuit,15.648768,1.313312,0.081920
filter3D,0.104160,0.808032,0.062464
finan512,0.077408,0.389760,0.059392
finance256,0.073472,0.595360,0.057344
fl2010,0.104096,1.381984,0.078848
flickr,22.465536,1.449792,0.093184
flower_7_4,0.077696,0.387968,0.053248
flower_8_4,0.087232,0.396512,0.055296
foldoc,0.082016,0.389120,0.052224
fome12,0.074304,0.400352,0.053248
fome13,0.082784,0.402368,0.055296
fome20,0.087296,0.452288,0.054272
fome21,0.093792,0.950880,0.061440
ford1,0.071264,0.386208,0.052224
ford2,0.086112,0.882144,0.061440
fullb,11.000832,0.929376,0.072704
fxm3_16,0.080928,0.393856,0.055296
fxm4_6,0.121856,0.403200,0.055296
g7jac040,0.103424,0.406528,0.051200
g7jac040sc,0.103424,0.402432,0.051200
g7jac050sc,0.103424,0.391168,0.052224
g7jac060,0.111616,0.401472,0.053248
g7jac060sc,0.104448,0.397184,0.052224
g7jac080,0.105472,0.419968,0.053248
g7jac080sc,0.106496,0.419264,0.055296
g7jac100,0.104448,0.406560,0.057344
g7jac100sc,0.105472,0.405056,0.055296
g7jac120,0.115712,0.419808,0.056320
g7jac120sc,0.113664,0.414816,0.056320
g7jac140,0.108544,0.430848,0.066560
g7jac140sc,0.107520,0.409984,0.057344
g7jac160,0.116736,0.910400,0.059392
g7jac160sc,0.114688,0.917088,0.059392
g7jac180,0.116736,0.945952,0.058368
g7jac180sc,0.116736,0.916096,0.059392
g7jac200,0.115712,1.320736,0.061440
g7jac200sc,0.116736,0.916192,0.059392
ga2010,0.086944,1.343744,0.071680
garon2,0.102624,0.386048,0.054272
gas_sensor,0.101376,0.877088,0.057344
gearbox,10.406912,1.136256,0.069632
graphics,0.072608,0.388416,0.053248
great-britain_osm,0.446976,2.364096,0.407552
gridgena,0.083520,0.885312,0.058368
gsm_106857,0.292864,2.648096,0.090112
gupta1,10.228736,0.425088,0.057344
gupta2,12.337152,0.441120,0.070656
gupta3,29.611008,0.425984,0.081920
gyro,4.475904,0.406560,0.057344
gyro_k,4.549632,0.405536,0.055296
gyro_m,0.091168,0.403008,0.055296
halfb,10.985472,0.930784,0.076800
hangGlider_4,0.182272,0.405504,0.053248
hangGlider_5,0.187392,0.406528,0.053248
hcircuit,0.096256,0.894496,0.061440
helm2d03,0.095232,1.568352,0.076800
helm3d01,0.091776,0.398624,0.056320
hi2010,0.073376,0.417280,0.051200
hollywood-2009,53.766144,3.063392,0.136192
hood,0.149216,0.892352,0.070656
hugetrace-00000,0.306944,1.962976,0.264192
hugetric-00000,0.373984,2.224064,0.437248
hugetric-00010,0.401984,2.212352,0.361472
hugetric-00020,0.434016,2.279712,0.374784
human_gene1,25.488384,0.416320,0.070656
human_gene2,21.391359,0.420864,0.067584
hvdc1,0.082688,0.398944,0.052224
hvdc2,0.094528,0.998528,0.078848
iChem_Jacobian,0.105216,1.388672,0.074752
ia2010,0.085504,0.891968,0.067584
ibm_matrix_2,0.176128,0.917632,0.058368
id2010,0.075968,0.897728,0.063488
igbt3,0.090080,0.395264,0.052224
il2010,0.108416,1.397376,0.075776
image_interp,0.078880,0.954880,0.067584
in-2004,21.567488,1.588224,0.114688
in2010,0.086656,1.350048,0.071680
inlet,0.096576,0.403456,0.054272
inline_1,18.210815,1.936544,0.084992
ins2,11.575296,1.397632,0.106496
internet,0.084832,0.938272,0.062464
invextr1_new,9.984000,0.442400,0.074752
italy_osm,0.397280,6.467840,0.358400
jan99jac060,0.070272,0.404096,0.051200
jan99jac060sc,0.070368,0.407904,0.054272
jan99jac080,0.072384,0.398784,0.052224
jan99jac080sc,0.071680,0.403968,0.051200
jan99jac100,0.072192,0.416384,0.054272
jan99jac100sc,0.073312,0.410336,0.053248
jan99jac120,0.072480,0.404160,0.055296
jan99jac120sc,0.075552,0.405632,0.054272
jnlbrng1,0.072416,0.389568,0.054272
juba40k,0.074528,0.391776,0.055296
k1_san,0.078464,0.939456,0.060416
k3plates,0.099520,0.411648,0.055296
karted,7.793664,0.919392,0.068608
kim1,0.093344,0.395424,0.055296
kim2,0.163456,1.422656,0.082944
kkt_power,0.216864,1.554848,0.149504
kneser_10_4_1,0.095584,1.346592,0.073728
kron_g500-logn16,10.863616,1.104768,0.077824
kron_g500-logn17,11.801600,0.972160,0.071680
kron_g500-logn18,16.664576,5.542144,0.080896
kron_g500-logn19,23.118849,1.978560,0.122880
kron_g500-logn20,38.940674,2.006176,0.116736
kron_g500-logn21,69.391357,2.236256,0.224256
ks2010,0.086912,0.895072,0.067584
ky2010,0.083296,0.908288,0.067584
la2010,0.084160,0.937120,0.067584
laminar_duct3D,0.179200,0.417888,0.061440
language,5.236736,1.364736,0.084992
largebasis,0.123968,1.999968,0.079872
ldoor,19.639999,1.954848,0.101376
lhr10,0.112640,0.392192,0.051200
lhr10c,0.113664,0.393216,0.052224
lhr11,0.114688,0.392192,0.053248
lhr11c,0.112640,0.393216,0.053248
lhr14,0.119808,0.386048,0.052224
lhr14c,0.112640,0.387072,0.054272
lhr17,0.112640,0.388096,0.056320
lhr17c,0.114688,0.389120,0.055296
lhr34,0.117760,0.422912,0.060416
lhr34c,0.114688,0.416128,0.057344
lhr71,0.123904,0.403904,0.058368
lhr71c,0.122880,0.402624,0.061440
li,4.629504,0.419616,0.053248
light_in_tissue,0.083776,0.390656,0.054272
ljournal-2008,37.947392,2.850176,0.311296
lowThrust_10,0.184320,0.408256,0.053248
lowThrust_11,0.185344,0.407424,0.054272
lowThrust_12,0.186368,0.416192,0.051200
lowThrust_13,0.188416,0.405600,0.052224
lowThrust_4,0.169984,0.397312,0.051200
lowThrust_5,0.179200,0.402432,0.052224
lowThrust_6,0.175104,0.402176,0.053248
lowThrust_7,0.179200,0.415584,0.052224
lowThrust_8,0.185344,0.407520,0.052224
lowThrust_9,0.186368,0.411008,0.054272
lp1,7.321600,1.963648,0.103424
lp_ken_18,4.531328,0.952000,0.061440
lp_nug20,0.094560,0.363520,0.053248
lp_nug30,0.113856,0.873376,0.058368
lp_osa_60,11.010048,0.416768,0.072704
lp_pds_10,0.074432,0.397088,0.051200
lp_pds_20,0.084768,0.455424,0.054272
lpl1,0.158720,0.414816,0.057344
lpl3,0.204800,0.403456,0.051200
lung2,0.090304,0.886016,0.060416
luxembourg_osm,0.078464,0.880768,0.060416
m133-b3,0.084352,0.869984,0.066560
m14b,0.098432,0.897408,0.066560
m_t1,10.808320,0.673216,0.064512
ma2010,0.083072,0.889248,0.065536
mac_econ_fwd500,0.084576,1.686464,0.069632
majorbasis,0.093664,2.863552,0.066560
mario001,0.072480,0.386624,0.053248
mario002,0.104672,1.378688,0.104448
mark3jac040,0.072448,0.385536,0.053248
mark3jac040sc,0.072288,0.383488,0.052224
mark3jac060,0.072416,0.388096,0.054272
mark3jac060sc,0.071264,0.391584,0.053248
mark3jac080,0.073280,0.388768,0.054272
mark3jac080sc,0.074336,0.387328,0.053248
mark3jac100,0.074464,0.403552,0.055296
mark3jac100sc,0.074368,0.404448,0.055296
mark3jac120,0.075552,0.394944,0.055296
mark3jac120sc,0.076416,0.394848,0.056320
mark3jac140,0.074016,0.392544,0.057344
mark3jac140sc,0.076832,0.390304,0.057344
matrix-new_3,6.681600,0.806304,0.062464
matrix_9,0.150528,0.888256,0.060416
mc2depi,0.098240,1.578816,0.079872
md2010,0.083232,0.895520,0.063488
me2010,0.079840,0.899712,0.060416
memchip,0.246784,1.675552,0.171008
memplus,0.193536,0.397216,0.052224
mi2010,0.096544,1.521952,0.086016
minsurfo,0.073280,0.398208,0.059392
mip1,12.950528,0.397888,0.067584
mixtank_new,9.744384,0.415200,0.053248
mk12-b3,0.072576,0.370496,0.055296
mk12-b4,0.075968,0.373248,0.056320
mk13-b5,0.075936,0.902208,0.064512
mn2010,0.088288,0.913600,0.069632
mo2010,0.087392,1.530848,0.087040
mod2,0.093952,0.412480,0.054272
mono_500Hz,8.764416,0.902304,0.069632
mouse_gene,21.472256,0.415360,0.064512
mri1,0.090816,1.235904,0.060416
mri2,0.086816,0.860992,0.058368
ms2010,0.084640,0.889280,0.069632
msc10848,4.944896,0.409600,0.054272
msc23052,4.699712,0.424608,0.054272
msdoor,13.191328,1.281312,0.081920
mt2010,0.081504,0.900896,0.064512
mult_dcop_01,0.240640,0.412832,0.055296
mult_dcop_02,0.241664,0.408096,0.054272
mult_dcop_03,0.244736,0.409056,0.054272
n4c6-b10,0.084096,0.855520,0.063488
n4c6-b11,0.084672,0.872096,0.060416
n4c6-b12,0.077696,0.372288,0.055296
n4c6-b5,0.083456,0.372928,0.055296
n4c6-b6,0.075392,0.867584,0.061440
n4c6-b7,0.080032,0.873664,0.065536
n4c6-b8,0.084608,0.871488,0.066560
n4c6-b9,0.085312,0.864480,0.065536
nasasrb,6.431680,0.943456,0.057344
nc2010,0.087904,1.419136,0.071680
ncvxbqp1,0.075328,0.391680,0.055296
ncvxqp3,0.080864,0.394240,0.058368
ncvxqp5,0.077248,0.390496,0.055296
ncvxqp7,0.080672,0.393504,0.061440
nd12k,12.857344,0.643072,0.062464
nd2010,0.078912,0.901952,0.067584
nd24k,17.283072,0.976128,0.064512
nd6k,10.295296,0.418336,0.059392
ne2010,0.082336,0.898048,0.066560
neos,0.101088,8.423232,0.092160
neos1,0.079712,0.901760,0.062464
neos2,0.080064,0.888736,0.063488
neos3,0.125312,1.365344,0.077824
net100,10.742784,0.407296,0.055296
net125,9.928704,0.424992,0.054272
net150,6.971392,0.917984,0.056320
net4-1,6.984704,0.902432,0.062464
net50,0.160768,0.398336,0.055296
net75,4.827136,0.422656,0.054272
netherlands_osm,0.190336,2.299648,0.159744
nh2010,0.073472,0.921952,0.055296
nj2010,0.080672,1.071744,0.086016
nlpkkt120,0.654144,2.314528,0.221184
nlpkkt80,0.266016,2.008160,0.105472
nm2010,0.082464,0.916736,0.064512
nmos3,0.081504,0.392960,0.055296
ns3Da,5.244928,0.413248,0.054272
nsct,4.754432,0.420672,0.054272
nug08-3rd,0.071616,0.389600,0.053248
nv2010,0.082240,0.405792,0.058368
ny2010,0.096608,1.416672,0.072704
obstclae,0.071360,0.389472,0.054272
offshore,0.115072,0.891968,0.068608
oh2010,0.095680,1.400928,0.074752
ohne2,11.332608,0.924832,0.071680
oilpan,7.254016,0.407328,0.057344
ok2010,0.085344,1.378144,0.071680
olafu,4.491264,0.399360,0.055296
olesnik0,0.079712,0.394784,0.060416
onera_dual,0.079904,0.399136,0.058368
onetone1,0.097280,0.419840,0.055296
onetone2,0.072256,0.403840,0.055296
opt1,5.582848,0.399360,0.053248
or2010,0.083584,0.909856,0.068608
p010,1.918976,0.401408,0.052224
p2p-Gnutella31,0.076608,0.949984,0.056320
pa2010,0.104384,1.361824,0.076800
packing-500x100x100-b050,0.321440,2.270464,0.148480
para-10,0.207872,0.928800,0.069632
para-4,0.197632,0.907328,0.068608
para-5,0.208896,0.919840,0.067584
para-6,0.208896,0.928288,0.103424
para-7,0.398336,0.922656,0.071680
para-8,0.207872,1.026336,0.080896
para-9,0.202752,0.925088,0.069632
parabolic_fem,0.113344,1.530560,0.078848
patents,0.293536,5.587776,0.226304
patents_main,0.085408,0.970432,0.083968
pattern1,12.173312,0.400352,0.058368
pcrystk02,4.419584,0.398336,0.055296
pcrystk03,5.252096,0.402912,0.054272
pct20stif,6.546432,0.902848,0.056320
pdb1HYS,9.924608,1.107168,0.057344
pds-100,0.084000,0.955296,0.065536
pds-30,0.090848,0.444928,0.055296
pds-40,0.091584,2.207072,0.062464
pds-50,0.087360,0.461632,0.059392
pds-60,0.094560,0.938944,0.060416
pds-70,0.093120,0.944128,0.062464
pds-80,0.093536,0.954784,0.064512
pds-90,0.083136,0.956768,0.065536
pds10,0.080928,0.394016,0.053248
pfinan512,0.079616,0.390368,0.059392
pkustk01,4.965376,0.421088,0.056320
pkustk02,4.400128,0.417792,0.056320
pkustk03,6.506016,0.410048,0.056320
pkustk04,8.750080,0.931840,0.056320
pkustk05,7.343104,0.913600,0.057344
pkustk06,6.261760,0.909888,0.056320
pkustk07,6.396928,0.410624,0.053248
pkustk08,7.465984,0.418880,0.054272
pkustk09,6.389760,0.416736,0.054272
pkustk10,8.035168,0.897728,0.061440
pkustk11,8.614912,0.889664,0.067584
pkustk12,10.664960,1.047488,0.078848
pkustk13,13.416448,0.926464,0.067584
pkustk14,11.977728,1.945664,0.069632
pli,4.584448,0.421920,0.054272
pltexpa,0.075424,0.386496,0.053248
poisson3Da,0.118304,0.395264,0.054272
poisson3Db,0.311296,0.405632,0.057344
pre2,0.167936,1.389248,0.089088
preferentialAttachment,4.717568,0.911072,0.063488
psse0,0.072800,0.899104,0.054272
psse2,0.071488,0.901696,0.055296
pwt,0.073472,0.394816,0.054272
pwtk,10.970112,0.928608,0.074752
qa8fk,0.099936,1.115808,0.081920
qa8fm,0.101248,0.888768,0.060416
raefsky3,5.008384,0.409664,0.053248
raefsky4,4.692992,0.407712,0.056320
rail_20209,0.072288,0.393824,0.053248
rail_79841,0.077728,0.402880,0.058368
rajat09,0.072160,0.904352,0.054272
rajat10,0.071200,0.400672,0.053248
rajat15,0.132096,0.403232,0.056320
rajat16,4.792320,1.130944,0.067584
rajat17,4.852736,0.909728,0.063488
rajat18,4.775936,1.063232,0.064512
rajat20,5.254144,0.416128,0.063488
rajat21,6.811648,1.385920,0.086016
rajat22,0.129024,0.405024,0.053248
rajat23,0.151552,0.892640,0.080896
rajat24,6.779904,1.588672,0.095232
rajat25,4.830208,0.418272,0.062464
rajat26,0.120832,0.912608,0.058368
rajat28,5.338112,0.418848,0.061440
rajat29,14.611456,1.402592,0.134144
rajat30,15.767552,1.926144,0.163840
rajat31,0.340896,6.394336,0.294912
ramage02,6.837248,0.403808,0.053248
rel8,0.086368,1.413024,0.077824
rel9,0.561792,2.996896,0.498688
relat8,0.096064,1.381856,0.071680
relat9,0.714304,4.372992,0.646144
rgg_n_2_15_s0,0.077824,0.452096,0.054272
rgg_n_2_16_s0,0.080960,0.945024,0.059392
rgg_n_2_17_s0,0.083968,0.952640,0.063488
rgg_n_2_18_s0,0.105280,1.416448,0.071680
rgg_n_2_19_s0,0.134944,1.614528,0.088064
rgg_n_2_20_s0,0.189280,1.455616,0.099328
rgg_n_2_21_s0,0.302048,1.464480,0.144384
rgg_n_2_22_s0,0.517216,2.664736,0.247808
ri2010,0.072480,0.390112,0.053248
rim,0.133120,0.420096,0.055296
rlfprim,0.102048,0.406464,0.056320
rma10,6.224896,0.926176,0.057344
roadNet-CA,0.174176,1.642688,0.141312
roadNet-PA,0.142400,1.464576,0.103424
roadNet-TX,0.143264,1.602848,0.115712
route,3.415040,0.403392,0.054272
s3dkq4m2,8.945664,0.873888,0.061440
s3dkt3m2,0.127904,0.883552,0.061440
s4dkt3m2,0.122432,0.869536,0.061440
sc2010,0.076640,0.911296,0.066560
sc205-2r,0.082848,0.406688,0.054272
scagr7-2r,0.073312,0.398176,0.053248
scfxm1-2b,0.072224,0.394208,0.052224
scfxm1-2r,0.076480,0.388640,0.055296
scircuit,0.094560,4.365952,0.066560
sctap1-2r,0.077728,0.388384,0.054272
sd2010,0.084800,0.405120,0.059392
sgpf5y6,0.081600,0.889760,0.071680
shallow_water1,0.078752,0.882656,0.060416
shallow_water2,0.078752,0.871648,0.060416
shar_te2-b2,0.076672,0.877312,0.066560
shar_te2-b3,0.077184,0.878976,0.067584
shermanACb,0.159744,0.408896,0.052224
ship_001,8.449024,0.422848,0.055296
ship_003,10.117120,0.912736,0.068608
shipsec1,9.747104,1.502048,0.072704
shipsec5,10.681440,0.907968,0.070656
shipsec8,9.137152,0.931520,0.066560
shock-9,0.073472,0.395008,0.053248
shuttle_eddy,0.080448,0.391168,0.051200
shyy161,0.079552,0.885120,0.060416
sinc15,0.158720,0.411648,0.054272
sinc18,0.179200,0.399264,0.054272
skirt,0.081792,0.386048,0.051200
sls,0.163712,1.498048,0.132096
smallworld,0.083008,0.878560,0.064512
sme3Da,0.217088,0.398336,0.056320
sme3Db,5.449728,0.407968,0.054272
sme3Dc,6.627328,3.530848,0.060416
smt,8.011776,0.407232,0.052224
soc-Epinions1,4.419584,0.448736,0.058368
soc-LiveJournal1,28.105728,9.252448,0.335872
soc-Slashdot0811,0.186368,0.449440,0.060416
soc-Slashdot0902,0.195584,0.470656,0.061440
soc-sign-Slashdot081106,0.139264,0.464512,0.078848
soc-sign-Slashdot090216,0.141312,0.464544,0.059392
soc-sign-Slashdot090221,0.140288,0.461536,0.060416
soc-sign-epinions,4.623360,0.956608,0.064512
south31,0.073504,0.393696,0.052224
spal_004,35.081215,1.667072,0.094208
sparsine,0.098400,0.997408,0.069632
spmsrtls,0.074624,0.389760,0.054272
srb1,6.519808,0.901440,0.056320
stat96v2,0.194560,0.408832,0.053248
stat96v3,0.189440,0.419616,0.053248
std1_Jac2,11.048960,0.415168,0.053248
std1_Jac2_db,4.457472,0.428416,0.061440
std1_Jac3,11.339776,0.422240,0.054272
std1_Jac3_db,4.480000,0.417984,0.054272
stokes128,0.084608,0.893376,0.057344
stokes64,0.080768,0.377856,0.051200
stokes64s,0.082048,0.377856,0.050176
stomach,0.095616,0.897376,0.067584
stormG2_1000,0.106848,1.455424,0.083968
stormg2-125,0.090464,0.447904,0.057344
struct3,0.089888,0.898752,0.059392
t2dah,0.081568,0.396288,0.051200
t2dah_a,0.082080,0.397312,0.051200
t2dah_e,0.085824,0.401408,0.051200
t2em,0.126944,1.567936,0.149504
t3dh,0.163840,1.097312,0.060416
t3dh_a,0.158720,0.899360,0.059392
t3dh_e,0.163840,0.928864,0.071680
t3dl,0.091520,0.395040,0.056320
t3dl_a,0.090912,0.396832,0.055296
t60k,0.074208,0.922400,0.057344
tandem_dual,0.083200,0.895328,0.062464
tandem_vtx,0.082656,0.390720,0.053248
ted_A,4.431872,0.407552,0.054272
ted_AB,4.371456,0.415744,0.057344
ted_AB_unscaled,4.365312,0.408576,0.057344
ted_A_unscaled,4.352000,0.406528,0.055296
ted_B,0.082944,0.391168,0.052224
ted_B_unscaled,0.083776,0.389120,0.051200
thermal1,0.080768,0.404256,0.060416
thermal2,0.169920,1.389344,0.106496
thermomech_TC,0.082816,0.886240,0.063488
thermomech_TK,0.083840,0.888576,0.063488
thermomech_dK,0.096224,0.924992,0.066560
thermomech_dM,0.086560,1.820064,0.070656
thread,8.505344,0.412256,0.053248
tmt_sym,0.123968,1.375936,0.090112
tmt_unsym,0.125920,2.299840,0.165888
tn2010,0.290720,0.908192,0.069632
tomographic1,0.084672,0.942656,0.073728
torsion1,0.072096,0.389568,0.054272
torso1,16.762880,0.647200,0.070656
torso2,0.087168,0.920672,0.061440
torso3,0.114848,0.957632,0.074752
tp-6,19.043327,0.750592,0.190464
trans4,5.812224,1.016992,0.086016
trans5,5.816320,1.083776,0.093184
transient,5.513216,0.960064,0.070656
trdheim,5.487616,0.617536,0.055296
troll,10.964992,0.935168,0.072704
ts-palko,5.548032,0.427840,0.057344
tsyl201,6.531072,0.419456,0.053248
tube1,4.327808,0.401568,0.055296
tube2,4.337184,0.406528,0.056320
turon_m,0.082496,0.900384,0.065536
twotone,0.117760,0.891424,0.062464
tx2010,0.133952,2.624800,0.096256
usroads,0.093120,0.970656,0.063488
usroads-48,0.080064,0.950272,0.063488
ut2010,0.084256,3.855264,0.076800
va2010,0.085376,1.572640,0.073728
vanbody,6.172672,1.051136,0.069632
venkat01,0.101344,0.885472,0.084992
venkat25,0.102304,0.884576,0.058368
venkat50,0.107296,0.895136,0.058368
venturiLevel3,0.288608,1.855232,0.235520
vfem,0.091232,0.875616,0.061440
vibrobox,0.132096,0.395264,0.052224
viscoplastic2,0.125536,0.413408,0.079872
viscorocks,0.099168,0.395936,0.056320
vsp_barth5_1Ksep_50in_5Kout,0.072480,0.393024,0.055296
vsp_bcsstk30_500sep_10in_1Kout,0.166912,0.484448,0.065536
vsp_befref_fxm_2_4_air02,3.448832,0.396288,0.051200
vsp_bump2_e18_aa01_model1_crew1,4.559872,0.901984,0.058368
vsp_c-30_data_data,2.138112,0.403456,0.051200
vsp_c-60_data_cti_cs4,0.121632,0.403744,0.060416
vsp_finan512_scagr7-2c_rlfddd,0.176128,0.888896,0.062464
vsp_mod2_pgp2_slptsk,6.492160,0.887456,0.062464
vsp_model1_crew1_cr42_south31,5.037056,0.425312,0.058368
vsp_msc10848_300sep_100in_1Kout,0.202752,0.420000,0.053248
vsp_p0291_seymourl_iiasa,0.140288,0.400384,0.051200
vsp_sctap1-2b_and_seymourl,9.713664,0.406688,0.055296
vsp_south31_slptsk,5.107712,0.416352,0.056320
vsp_vibrobox_scagr7-2c_rlfddd,0.182272,0.405216,0.059392
vt2010,0.072512,0.395232,0.053248
wa2010,0.085344,1.296448,0.066560
wang3,0.072608,0.389504,0.053248
wang4,0.072576,0.387808,0.052224
water_tank,5.338048,1.008864,0.070656
wathen100,0.081472,0.389888,0.055296
wathen120,0.082976,0.393824,0.056320
watson_1,0.085632,0.912000,0.068608
watson_2,0.096128,1.369888,0.073728
wave,0.095456,0.889504,0.063488
waveguide3D,0.081536,0.401824,0.052224
web-BerkStan,10.175488,1.438400,0.088064
web-Google,0.139584,1.425056,0.095232
web-NotreDame,5.785600,1.385056,0.071680
web-Stanford,0.097536,1.575968,0.070656
webbase-1M,9.633792,1.406112,0.096256
wheel_601,0.152576,1.368640,0.091136
wi2010,0.088608,0.888800,0.071680
wiki-Talk,10.488832,3.120832,0.175104
wikipedia-20051105,16.375809,1.704864,0.132096
wikipedia-20060925,17.695744,1.734464,0.196608
wikipedia-20061104,17.992704,2.444288,0.203776
wikipedia-20070206,19.851265,2.344512,0.228352
windscreen,0.153600,0.422080,0.054272
wing,0.076192,0.874880,0.057344
wing_nodal,0.080864,0.393216,0.053248
world,0.102656,0.411424,0.055296
wv2010,0.080960,0.895776,0.065536
wy2010,0.081856,0.404704,0.057344
x104,10.936320,0.388768,0.063488
xenon1,0.097920,1.741056,0.059392
xenon2,0.099360,0.900128,0.067584
