Dataset,No_pipeline_time,No_pipeline_time,complete_time,complete_gflops
12month1, 12.663808, 1143.402161, 12.602368,1148.976516
144, 1.827840, 752.376063, 1.756160,783.085268
192bit, 0.204800, 482.196887, 0.196608,502.288394
208bit, 0.290816, 659.674275, 0.275456,696.459079
2D_27628_bjtcai, 0.343040, 826.302264, 0.328704,862.340344
2D_54019_highK, 0.726016, 878.362148, 0.709632,898.641801
2cubes_sphere, 1.517568, 694.696360, 1.331200,791.953844
333SP, 26.362881, 539.358745, 26.305536,540.534513
3D_28984_Tetra, 0.242688, 1580.089661, 0.225280,1702.187487
3D_51448_3D, 0.752640, 898.477881, 0.722944,935.384179
3Dspectralwave, 44.479488, 484.186706, 43.211777,498.391378
3Dspectralwave2, 19.085312, 480.293757, 19.033089,481.611593
3dtube, 3.739648, 549.975683, 3.695616,556.528469
598a, 1.313792, 722.850746, 1.288192,737.215799
ABACUS_shell_hd, 0.271360, 515.292434, 0.253952,550.614927
ABACUS_shell_ld, 0.269312, 519.211038, 0.260096,537.608240
ABACUS_shell_md, 0.268288, 521.192774, 0.258048,541.875004
ABACUS_shell_ud, 0.269312, 519.211038, 0.259072,539.733190
AS365, 30.469120, 477.569988, 30.442495,477.987665
ASIC_100k, 0.976896, 625.106795, 0.951296,641.928840
ASIC_100ks, 0.842752, 439.618783, 0.807936,458.563047
ASIC_320k, 2.604032, 647.700541, 2.581504,653.352809
ASIC_320ks, 2.412544, 484.880887, 2.367488,494.108746
ASIC_680k, 4.840448, 511.922609, 4.834304,512.573225
ASIC_680ks, 3.803136, 391.958793, 3.765248,395.902904
Andrews, 0.773120, 629.266568, 0.741376,656.210305
Baumann, 0.847872, 574.147783, 0.822272,592.022881
BenElechi1, 19.014656, 442.622649, 18.900991,445.284443
Bump_2911, 185.576447, 440.503829, 140.515335,581.766647
CO, 14.343168, 342.063650, 14.292992,343.264490
Chebyshev4, 2.629632, 1308.839809, 2.603008,1322.226823
Chevron1, 0.300032, 705.275195, 0.282624,748.716016
Chevron2, 0.745472, 689.537247, 0.723968,710.018536
Chevron3, 2.705408, 807.416938, 2.677760,815.753620
Chevron4, 5.054464, 807.386063, 4.992000,817.488701
CoupCons3D, 31.255552, 457.080230, 31.150080,458.627880
Cube_Coup_dt0, 158.438400, 513.839650, 96.930817,839.897310
Cube_Coup_dt6, 168.084473, 484.351296, 124.701698,652.853436
CurlCurl_0, 0.105472, 687.760932, 0.096256,753.610351
CurlCurl_1, 2.012160, 786.282100, 1.992704,793.959069
CurlCurl_2, 6.952960, 821.225054, 6.861824,832.132233
CurlCurl_3, 10.510336, 824.764840, 10.483712,826.859356
CurlCurl_4, 20.371456, 833.035928, 20.339712,834.336040
D6-6, 0.391168, 240.314137, 0.374784,250.819677
Delor295K, 2.214912, 693.863577, 2.190336,701.648846
Delor338K, 3.108864, 867.012291, 3.069952,878.001790
Delor64K, 0.733184, 569.256300, 0.681984,611.993237
Dubcova1, 0.252928, 640.204988, 0.239616,675.771883
Dubcova2, 0.817152, 806.880459, 0.798720,825.500799
Dubcova3, 3.129344, 743.751844, 3.053568,762.208487
EAT_RS, 0.399360, 521.782050, 0.382976,544.104284
EAT_SR, 0.601088, 346.666319, 0.587776,354.517636
ESOC, 3.486720, 1104.981434, 3.459072,1113.813426
Emilia_923, 68.668419, 382.174692, 60.250111,435.573173
EternityII_E, 1.316864, 730.818422, 1.271808,756.708920
EternityII_Etilde, 1.088512, 688.214993, 1.053696,710.954786
F1, 29.874176, 574.936437, 29.688831,578.525713
F2, 5.978112, 566.791367, 5.877760,576.468321
FEM_3D_thermal1, 0.348160, 791.801474, 0.330752,833.475269
FEM_3D_thermal2, 2.336768, 955.658450, 2.315264,964.534504
Fault_639, 47.590401, 384.811237, 47.517696,385.400016
Flan_1565, 131.347458, 572.069451, 106.068993,708.405598
Franz11, 0.193536, 1090.370379, 0.183296,1151.284948
Freescale1, 23.196672, 522.015479, 23.174145,522.522933
Freescale2, 27.029505, 545.600572, 26.978304,546.636042
FullChip, 29.102079, 585.458976, 29.119488,585.108974
G2_circuit, 0.945152, 492.059867, 0.926720,501.846673
G3_circuit, 9.007104, 544.340188, 8.955904,547.452121
GL7d14, 1.673216, 700.421900, 1.597440,733.647033
GL7d15, 4.984832, 780.656999, 4.965376,783.715859
GL7d16, 13.959168, 664.286263, 13.928448,665.751419
GL7d17, 28.337152, 586.720304, 28.321793,587.038503
GL7d18, 41.123840, 553.886636, 41.108479,554.093618
GL7d19, 45.457409, 525.470865, 43.780094,545.602847
GL7d20, 35.322880, 541.619876, 35.308544,541.839779
GL7d21, 20.918272, 556.061992, 20.892672,556.743351
GL7d22, 8.862720, 595.826143, 8.840192,597.344503
GL7d23, 2.607104, 661.682525, 2.584576,667.450008
GL7d24, 0.643072, 591.054928, 0.618496,614.540562
G_n_pin_pout, 1.092608, 587.157933, 1.036288,619.068662
Ga10As10H30, 7.160832, 546.585251, 7.133184,548.703797
Ga19As19H42, 8.709120, 652.912934, 8.622080,659.504094
Ga3As3H12, 4.271104, 894.711580, 4.211712,907.328465
Ga41As41H72, 18.382849, 643.677420, 18.241535,648.663861
GaAsH6, 3.856384, 561.240203, 3.830784,564.990799
Ge87H76, 7.754752, 651.343163, 7.684096,657.332351
Ge99H100, 7.964672, 679.110545, 7.884800,685.989858
Geo_1438, 106.262527, 380.381331, 72.434685,558.023849
H2O, 4.157440, 341.246290, 4.142080,342.511757
HEP-th-new, 0.462848, 487.841530, 0.444416,508.074612
HTC_336_4438, 1.498112, 386.415765, 1.452032,398.678605
HTC_336_9129, 1.464320, 386.111029, 1.433600,394.384835
HV15R, 197.776382, 916.019450, 130.765823,1385.430906
Hamrle3, 7.739392, 455.993826, 7.709696,457.750210
Hook_1498, 89.280510, 436.681699, 89.034752,437.887049
IG5-15, 0.241664, 856.750504, 0.231424,894.659830
IG5-16, 0.698368, 539.155049, 0.685056,549.631936
IG5-17, 1.329152, 498.366723, 1.186816,558.136335
IG5-18, 2.194432, 522.191432, 2.170880,527.856702
IMDB, 6.315008, 383.337006, 6.282240,385.336497
Ill_Stokes, 0.254976, 480.341357, 0.241664,506.800832
JP, 9.823232, 894.829526, 9.700352,906.164850
LargeRegFile, 9.912320, 319.227849, 9.889792,319.955010
LeGresley_87936, 0.773120, 491.122525, 0.742400,511.444834
Lin, 1.734656, 651.711933, 1.712128,660.287065
Linux_call_graph, 2.236416, 345.955799, 2.192384,352.904016
Long_Coup_dt0, 112.837631, 493.957151, 83.295235,669.149383
Long_Coup_dt6, 113.603584, 490.626728, 106.087425,525.387008
M6, 28.205055, 476.598183, 28.195841,476.753935
ML_Geer, 112.637955, 630.011280, 105.458687,672.900301
ML_Laplace, 30.195711, 586.890701, 29.945856,591.787459
Maragal_6, 0.250880, 1371.668351, 0.239616,1436.148465
Maragal_7, 0.800768, 959.508451, 0.779264,985.986400
Maragal_8, 0.860160, 973.523073, 0.836608,1000.929476
NACA0015, 8.287232, 481.097530, 8.218624,485.113686
NLR, 34.581505, 462.230009, 33.427456,478.188030
NotreDame_actors, 2.911232, 323.250968, 3.017728,311.843391
NotreDame_www, 1.677312, 354.795860, 1.651712,360.294883
OPF_10000, 0.457728, 653.958335, 0.432128,692.699921
OPF_3754, 0.252928, 400.488378, 0.238592,424.552041
OPF_6000, 0.332800, 581.573075, 0.316416,611.686902
PFlow_742, 56.120319, 423.529576, 55.892990,425.252165
PR02R, 11.192320, 468.043006, 11.071488,473.151112
Pres_Poisson, 1.065984, 429.757440, 1.056768,433.505354
RFdevice, 0.618496, 378.290562, 0.541696,431.923431
RM07R, 28.317696, 846.734706, 27.962368,857.494461
Raj1, 1.648640, 505.614896, 1.618944,514.889295
Reuters911, 0.319488, 593.100982, 0.311296,608.708909
Rucci1, 8.507392, 586.119408, 8.463360,589.168796
Serena, 104.173569, 396.456502, 103.866371,397.629071
Si10H16, 0.480256, 1167.274808, 0.468992,1195.309784
Si34H36, 6.182912, 533.742455, 6.139904,537.481131
Si41Ge41H72, 12.994560, 739.325489, 12.833792,748.586996
Si5H12, 1.178624, 401.063194, 1.160192,407.434903
Si87H76, 15.684608, 435.040751, 15.625216,436.694382
SiO, 1.873920, 450.018793, 1.854464,454.740116
SiO2, 10.624000, 679.729122, 10.544128,684.878032
Stanford, 2.953216, 501.147915, 2.896896,510.891015
Stanford_Berkeley, 7.019520, 691.409209, 6.956032,697.719732
StocF-1465, 15.069184, 892.115239, 15.030272,894.424890
TF16, 0.187392, 738.295779, 0.177152,780.971852
TF17, 0.589824, 636.087217, 0.566272,662.542924
TF18, 1.690624, 604.764159, 1.643520,622.096964
TF19, 4.734976, 590.765729, 4.712448,593.589864
TSOPF_FS_b162_c1, 0.482304, 807.510604, 0.478208,814.427186
TSOPF_FS_b162_c3, 1.385472, 832.086069, 1.367040,843.305220
TSOPF_FS_b162_c4, 1.857536, 826.288607, 1.836032,835.966243
TSOPF_FS_b300, 1.935360, 1455.066833, 1.911808,1472.992089
TSOPF_FS_b300_c1, 1.944576, 1448.170729, 1.916928,1469.057785
TSOPF_FS_b300_c2, 4.103168, 1367.523393, 4.063232,1380.964295
TSOPF_FS_b300_c3, 6.428672, 1307.734383, 6.349824,1323.972958
TSOPF_FS_b39_c19, 3.001344, 421.699084, 2.979840,424.742262
TSOPF_FS_b39_c30, 4.726784, 422.600716, 4.697088,425.272531
TSOPF_FS_b39_c7, 1.043456, 447.791971, 1.029120,454.029865
TSOPF_FS_b9_c6, 0.196608, 481.679670, 0.180224,525.468746
TSOPF_RS_b162_c3, 0.630784, 619.215731, 0.622592,627.363309
TSOPF_RS_b162_c4, 0.820224, 634.167457, 0.805888,645.448700
TSOPF_RS_b2052_c1, 3.294208, 1313.549094, 3.213312,1346.618106
TSOPF_RS_b2383, 5.827584, 1775.958705, 5.702656,1814.864606
TSOPF_RS_b2383_c1, 5.823488, 1777.207705, 5.706752,1813.561984
TSOPF_RS_b300_c1, 0.786432, 1199.808714, 0.768000,1228.604156
TSOPF_RS_b300_c2, 1.595392, 1180.955961, 1.574912,1196.313024
TSOPF_RS_b300_c3, 2.405376, 1174.289346, 2.375680,1188.967957
TSOPF_RS_b39_c19, 1.303552, 335.922026, 1.293312,338.581762
TSOPF_RS_b39_c30, 2.157568, 320.356553, 2.106368,328.143524
TSOPF_RS_b39_c7, 0.707584, 228.333929, 0.521216,309.977913
TSOPF_RS_b678_c1, 1.443840, 1948.709627, 1.390592,2023.328915
TSOPF_RS_b678_c2, 2.844672, 1975.780487, 2.768896,2029.851302
Transport, 16.855040, 892.342480, 16.842752,892.993463
Trefethen_20000, 0.345088, 1028.312299, 0.334848,1059.759216
Trefethen_20000b, 0.353280, 1004.411210, 0.338944,1046.893919
Wordnet3, 0.458752, 185.496649, 0.431104,197.393110
Zd_Jac2, 0.988160, 1064.010995, 0.957440,1098.150380
Zd_Jac2_db, 0.632832, 684.100940, 0.616448,702.283032
Zd_Jac3, 1.122304, 1092.696204, 1.092608,1122.394590
Zd_Jac3_db, 0.669696, 682.250600, 0.651264,701.559539
Zd_Jac6, 1.003520, 1091.825880, 0.975872,1122.759073
Zd_Jac6_db, 0.617472, 687.855522, 0.602112,705.402854
Zhao1, 0.247808, 429.888956, 0.237568,448.418631
Zhao2, 0.250880, 424.624995, 0.238592,446.494101
a0nsdsil, 0.527360, 430.866487, 0.501760,452.849484
a2nnsnsl, 0.533504, 416.533102, 0.505856,439.299109
a5esindl, 0.447488, 364.708230, 0.359424,454.066958
adaptive, 35.444736, 492.009007, 35.338242,493.491719
af23560, 0.180224, 1719.659077, 0.169984,1823.253034
af_0_k101, 34.336769, 327.125478, 34.183167,328.595421
af_1_k101, 34.312191, 327.359800, 34.178047,328.644640
af_2_k101, 34.300926, 327.467309, 34.181122,328.615078
af_3_k101, 34.323456, 327.252362, 34.217983,328.261076
af_4_k101, 34.320385, 327.281643, 34.187263,328.556043
af_5_k101, 34.301952, 327.457513, 34.180096,328.624943
af_shell1, 34.332672, 327.876606, 34.238464,328.778764
af_shell10, 102.923264, 327.528363, 74.822655,450.535845
af_shell2, 34.325504, 327.945073, 34.232319,328.837787
af_shell3, 34.340862, 327.798409, 34.227200,328.886971
af_shell4, 34.333694, 327.866843, 34.235394,328.808255
af_shell5, 34.357246, 327.642090, 34.235394,328.808255
af_shell6, 34.350079, 327.710458, 34.238464,328.778764
af_shell7, 34.329601, 327.905935, 34.227200,328.886971
af_shell8, 34.376705, 327.456629, 34.237438,328.788618
af_shell9, 34.328575, 327.915737, 34.237438,328.788618
airfoil_2d, 0.225280, 737.749994, 0.212992,780.312509
ak2010, 0.385024, 360.867676, 0.362496,383.294504
al2010, 1.981440, 397.442517, 1.863680,422.555631
amazon-2008, 5.380096, 613.626289, 5.310464,621.672302
amazon0302, 1.624064, 486.631866, 1.585152,498.577591
amazon0312, 3.202048, 639.678593, 3.173376,645.458195
amazon0505, 3.301376, 650.749049, 3.279872,655.015622
amazon0601, 3.306496, 655.657343, 3.283968,660.155135
apache1, 0.610304, 568.565438, 0.591872,586.271649
apache2, 4.723712, 652.757158, 4.534272,680.029047
appu, 1.562624, 758.971177, 1.544192,768.030526
ar2010, 1.446912, 399.995563, 1.410048,410.452975
as-Skitter, 25.761791, 551.280822, 25.669632,553.260034
as-caida, 0.167936, 406.867385, 0.150528,453.920072
astro-ph, 0.335872, 462.084611, 0.329728,470.694865
atmosmodd, 8.125440, 694.303748, 8.079360,698.263624
atmosmodj, 8.112128, 695.443048, 8.084480,697.821381
atmosmodl, 9.694208, 681.298184, 9.660416,683.681390
atmosmodm, 9.697280, 681.082370, 9.691136,681.514134
audikw_1, 83.233795, 597.079371, 82.711555,600.849323
aug3dcqp, 0.168960, 485.284076, 0.157696,519.947261
auto, 5.767168, 735.664723, 5.610496,756.208016
av41092, 1.072128, 1005.194550, 1.037312,1038.932595
az2010, 1.912832, 400.192046, 1.840128,416.003769
barrier2-1, 5.614592, 433.734720, 5.594112,435.322631
barrier2-10, 5.777408, 431.757014, 5.753856,433.524301
barrier2-11, 5.786624, 431.069394, 5.750784,433.755904
barrier2-12, 5.776384, 431.833572, 5.751808,433.678664
barrier2-2, 5.776384, 421.586164, 5.644288,431.452735
barrier2-3, 5.618688, 433.418527, 5.598208,435.004119
barrier2-4, 5.615616, 433.655647, 5.595136,435.242941
barrier2-9, 5.774336, 431.986732, 5.749760,433.833136
bauru5727, 0.321536, 288.652464, 0.301056,308.288693
baxter, 0.235520, 303.195645, 0.226304,315.542994
bayer01, 0.422912, 420.360168, 0.401408,442.879479
bayer04, 0.280576, 362.869538, 0.272384,373.782911
bbmat, 1.533952, 739.203105, 1.515520,748.193424
bcircuit, 0.537600, 447.092873, 0.522240,460.242662
bcsstk17, 0.642048, 427.282695, 0.628736,436.329384
bcsstk18, 0.235520, 405.135861, 0.227328,419.735356
bcsstk25, 0.290816, 555.107817, 0.281600,573.275003
bcsstk29, 0.882688, 449.164740, 0.867328,457.119251
bcsstk30, 2.421760, 540.034865, 2.177024,600.744387
bcsstk31, 1.467392, 515.272168, 1.455104,519.623507
bcsstk32, 2.952192, 436.763127, 2.930688,439.967913
bcsstk35, 2.077696, 446.698787, 2.062336,450.025764
bcsstk36, 1.632256, 448.219879, 1.745920,419.039603
bcsstk37, 1.607680, 454.210600, 1.599488,456.536886
bcsstk39, 3.478528, 384.400572, 3.457024,386.791680
bcsstm36, 0.370688, 553.532471, 0.539648,380.225335
belgium_osm, 6.833152, 290.343556, 6.808576,291.391558
bfly, 0.277504, 453.431739, 0.261120,481.882369
blockqp1, 0.515072, 795.269651, 0.496640,824.784799
bloweya, 0.247808, 387.419947, 0.229376,418.551892
bloweybl, 0.225280, 340.909088, 0.218112,352.112665
bmw3_2, 16.225281, 445.275697, 16.160769,447.053195
bmw7st_1, 10.514432, 446.756125, 10.464256,448.898302
bmwcra_1, 12.396544, 549.520982, 12.293120,554.144193
bodyy4, 0.187392, 416.454926, 0.178176,437.995688
bodyy5, 0.199680, 414.362178, 0.190464,434.411951
bodyy6, 0.201728, 427.499997, 0.193536,445.595242
bone010, 79.379456, 577.812580, 64.321533,713.080763
boneS01, 8.962048, 479.544127, 8.898560,482.965501
boneS10, 67.199997, 528.270710, 66.785278,531.551129
boyd1, 0.971776, 797.702179, 0.948224,817.515517
boyd2, 2.732032, 351.479799, 2.715648,353.600357
brack2, 0.750592, 625.100619, 0.730112,642.634979
brainpc2, 0.235520, 487.486402, 0.225280,509.644882
bratu3d, 0.234496, 474.334066, 0.219136,507.581776
bundle1, 0.556032, 887.316986, 0.541696,910.799838
bundle_adj, 14.984192, 863.119795, 14.958592,864.596901
c-42, 0.178176, 396.138648, 0.167936,420.293452
c-43, 0.175104, 452.028490, 0.161792,489.220742
c-45, 0.174080, 641.367650, 0.163840,681.453142
c-46, 0.229376, 363.830910, 0.215040,388.086313
c-47, 0.296960, 455.605609, 0.300032,450.940715
c-48, 0.276480, 384.444459, 0.260096,408.661396
c-49, 0.268288, 374.623110, 0.262144,383.403321
c-50, 0.307200, 403.385398, 0.285696,433.747760
c-51, 0.296960, 437.607764, 0.288768,450.022173
c-52, 0.299008, 433.895531, 0.287744,450.880805
c-53, 0.325632, 731.550694, 0.310272,767.766069
c-54, 0.359424, 697.459055, 0.371712,674.402550
c-55, 0.473088, 545.792753, 0.460800,560.347232
c-56, 0.391168, 623.200264, 0.386048,631.465535
c-57, 0.354304, 731.931026, 0.350208,740.491563
c-58, 0.534528, 661.586425, 0.517120,683.857668
c-59, 0.563200, 546.063639, 0.548864,560.326485
c-60, 0.398336, 479.720445, 0.384000,497.629996
c-61, 0.382976, 518.074872, 0.382976,518.074872
c-62, 0.658432, 543.684870, 0.632832,565.678609
c-62ghs, 0.653312, 547.945706, 0.629760,568.437984
c-63, 0.491520, 566.020848, 0.473088,588.073598
c-64, 0.545792, 841.746038, 0.536576,856.203526
c-64b, 0.579584, 792.668945, 0.537600,854.572650
c-65, 0.433152, 532.695048, 0.431104,535.225648
c-66, 0.521216, 612.729646, 0.510976,625.008747
c-66b, 0.518144, 616.362388, 0.505856,631.334795
c-67, 0.567296, 600.107145, 0.504832,674.359748
c-67b, 0.526336, 646.808105, 0.496640,685.483252
c-68, 0.736256, 492.007995, 0.701440,516.428849
c-69, 0.766976, 520.669226, 0.743424,537.164257
c-70, 0.831488, 507.224438, 0.802816,525.339622
c-71, 1.095680, 502.075935, 1.073152,512.615722
c-72, 0.875520, 517.220766, 0.860160,526.456849
c-73, 1.340416, 610.806934, 1.319936,620.284118
c-73b, 1.336320, 612.679099, 1.318912,620.765708
c-big, 2.814976, 532.241501, 2.802688,534.575059
ca-AstroPh, 0.494592, 512.629388, 0.488448,519.077575
ca-CondMat, 0.324608, 368.564671, 0.317440,376.887093
ca-HepPh, 0.338944, 447.526451, 0.319488,474.779664
ca2010, 4.899840, 455.768820, 4.877312,457.873959
cage10, 0.223232, 431.895067, 0.217088,444.118516
cage11, 0.473088, 757.199681, 0.455680,786.126383
cage12, 1.548288, 840.168657, 1.526784,852.002044
cage13, 5.620736, 851.628580, 5.567488,859.773627
cage14, 21.650433, 801.989673, 21.629951,802.749067
cage15, 87.227394, 727.841446, 69.987328,907.131546
caidaRouterLevel, 1.952768, 399.230473, 1.910784,408.002410
cant, 5.083136, 504.555668, 5.010432,511.877068
case39, 1.516544, 439.804191, 1.501184,444.304233
case9, 0.195584, 484.201573, 0.187392,505.368862
cat_ears_4_4, 0.235520, 361.108688, 0.215040,395.500003
cbuckle, 0.998400, 433.663473, 0.987136,438.611901
cca, 0.279552, 318.827824, 0.263168,338.677034
ccc, 0.549888, 171.620107, 0.266240,354.461537
cfd1, 1.256448, 931.318233, 1.299456,900.494484
cfd2, 2.033664, 971.770524, 2.006016,985.163979
ch7-7-b5, 0.261120, 518.823546, 0.247808,546.694227
ch7-8-b3, 0.306176, 491.638785, 0.293888,512.195117
ch7-8-b4, 0.880640, 512.790715, 0.841728,536.496368
ch7-8-b5, 1.009664, 536.713965, 0.917504,590.624992
ch7-9-b3, 0.504832, 536.713965, 0.478208,566.595283
ch7-9-b4, 1.830912, 554.949666, 1.765376,575.551053
ch7-9-b5, 2.555904, 636.057714, 2.533376,641.713829
ch8-8-b3, 0.576512, 522.202506, 0.555008,542.435430
ch8-8-b4, 2.102272, 572.820254, 2.065408,583.044127
ch8-8-b5, 3.385344, 640.290376, 3.330048,650.922493
channel-500x100x100-b050, 52.211712, 1046.358263, 48.061440,1136.714936
chem_master1, 0.187392, 687.161899, 0.138240,931.486147
chipcool0, 0.302080, 595.656769, 0.290816,618.727974
chipcool1, 0.305152, 589.660237, 0.289792,620.914308
circuit5M, 74.030083, 514.595484, 74.086403,514.204291
circuit5M_dc, 22.228992, 552.624395, 22.202368,553.287093
circuit_4, 0.611328, 322.030985, 0.588800,334.352166
cit-HepPh, 0.510976, 528.028540, 0.495616,544.393091
cit-HepTh, 0.458752, 492.197259, 0.446464,505.743977
cit-Patents, 26.510336, 398.792635, 26.481665,399.224401
citationCiteseer, 3.442688, 430.044246, 3.336192,443.771884
ckt11752_dc_1, 0.466944, 456.454213, 0.440320,484.053795
ckt11752_tr_0, 0.472064, 451.503536, 0.444416,479.592468
cnr-2000, 4.822016, 426.862412, 4.761600,432.278493
co2010, 1.609728, 387.473765, 1.528832,407.976401
co9, 0.234496, 299.265833, 0.224256,312.930944
coAuthorsCiteseer, 2.289664, 455.128572, 2.271232,458.822159
coAuthorsDBLP, 2.996224, 417.667474, 2.932736,426.709160
coPapersCiteseer, 26.242048, 782.217965, 25.964544,790.578158
coPapersDBLP, 29.851648, 653.717105, 29.574144,659.851148
cond-mat-2003, 0.230400, 666.827789, 0.210944,728.331321
cond-mat-2005, 0.471040, 477.426620, 0.460800,488.036119
conf5_4-8x8-05, 3.582976, 342.406392, 3.564544,344.176964
conf5_4-8x8-10, 3.623936, 338.536315, 3.573760,343.289395
conf5_4-8x8-15, 3.579904, 342.700221, 3.564544,344.176964
conf5_4-8x8-20, 3.575808, 343.092779, 3.563520,344.275866
conf6_0-8x8-20, 3.578880, 342.798276, 3.561472,344.473841
conf6_0-8x8-30, 3.581952, 342.504279, 3.562496,344.374825
conf6_0-8x8-80, 3.578880, 342.798276, 3.562496,344.374825
consph, 6.839296, 562.441994, 6.656000,577.930757
cont-201, 0.541696, 518.425083, 0.520192,539.856025
cont-300, 1.205248, 524.742460, 1.134592,557.420437
cont11_l, 8.415232, 409.390909, 8.397824,410.239515
cont1_l, 9.918464, 453.747626, 9.899008,454.639440
cop20k_A, 2.716672, 618.246102, 2.696192,622.942218
copter1, 0.268288, 503.492392, 0.245760,549.645847
copter2, 0.688128, 706.800601, 0.661504,735.247711
crankseg_1, 5.807104, 1169.790359, 5.714944,1188.654611
crankseg_2, 7.435264, 1217.881300, 7.329792,1235.406010
crashbasis, 1.501184, 746.255123, 1.476608,758.675431
crplat2, 1.299456, 473.279157, 1.284096,478.940390
crystk02, 1.067008, 580.963881, 1.046528,592.333058
crystk03, 2.046976, 547.516860, 1.966080,570.044936
crystm02, 0.297984, 693.524475, 0.283648,728.576227
crystm03, 0.437248, 854.464302, 0.421888,885.573435
ct2010, 0.559104, 385.018298, 0.543744,395.894519
ct20stif, 3.776512, 457.304614, 3.750912,460.425716
cvxbqp1, 0.311296, 719.506611, 0.250880,892.775500
cvxqp3, 0.203776, 384.616831, 0.194560,402.835513
cyl6, 1.142784, 400.000560, 0.983040,465.000663
cz10228, 0.209920, 313.646335, 0.195584,336.636127
cz20468, 0.286720, 459.991059, 0.269312,489.724345
cz40948, 0.428032, 616.249984, 0.410624,642.375316
d_pretok, 1.538048, 683.119162, 1.488896,705.670558
darcy003, 2.727936, 492.971560, 2.674688,502.785682
dawson5, 0.797696, 810.957162, 0.778240,831.231059
dbic1, 1.456128, 475.493583, 1.418240,488.196316
dbir1, 0.667648, 1032.424245, 0.631808,1090.989697
dbir2, 0.711680, 1041.509899, 0.684032,1083.606812
dblp-2010, 2.549760, 405.471871, 2.511872,411.587843
dc1, 0.979968, 500.519848, 0.953344,514.497859
dc2, 1.035264, 473.785849, 0.956416,512.845283
dc3, 1.087488, 451.033405, 0.952320,515.051086
de2010, 0.269312, 275.798485, 0.249856,297.274596
debr, 5.774336, 464.876097, 5.739520,467.696024
degme, 14.420992, 360.697652, 14.388224,361.519118
delaunay_n15, 0.275456, 456.663550, 0.262144,479.853517
delaunay_n16, 0.555008, 453.355632, 0.487424,516.215876
delaunay_n17, 1.012736, 496.936318, 0.984064,511.415201
delaunay_n18, 1.973248, 510.116761, 1.920000,524.264012
delaunay_n19, 3.755008, 536.140922, 3.717120,541.605726
delaunay_n20, 7.391232, 544.764130, 7.327744,549.483999
delaunay_n21, 14.500864, 555.346373, 14.472192,556.446622
delaunay_n22, 28.916737, 556.980981, 28.862465,558.028303
deltaX, 0.228352, 693.452929, 0.206848,765.544571
denormal, 0.899072, 823.052400, 0.878592,842.237749
dictionary28, 0.348160, 327.345589, 0.335872,339.321652
dielFilterV2clx, 41.140224, 393.724981, 40.952831,395.526599
dielFilterV2real, 80.023552, 388.197331, 64.015358,485.273070
dielFilterV3clx, 37.125118, 566.925416, 36.078590,583.370162
dielFilterV3real, 97.297409, 587.434479, 83.132416,687.527871
dixmaanl, 0.410624, 467.577933, 0.208896,919.111536
e18, 0.247808, 404.096083, 0.231424,432.704639
e40r0100, 0.765952, 462.535099, 0.750592,472.000345
ecl32, 0.418816, 581.318765, 0.396288,614.365298
ecology1, 5.554176, 575.682169, 5.515264,579.743777
ecology2, 5.553152, 575.787263, 5.519360,579.312493
email-Enron, 0.423936, 555.045278, 0.406528,578.812978
email-EuAll, 1.323008, 203.195152, 1.305600,205.904404
engine, 5.219328, 577.064090, 5.188608,580.480665
enron, 0.478208, 369.570392, 0.457728,386.105986
epb2, 0.257024, 435.824220, 0.246784,453.908192
epb3, 0.613376, 483.748940, 0.599040,495.325878
eu-2005, 21.633024, 569.060039, 21.563393,570.897623
ex11, 0.851968, 824.029456, 0.837632,838.132640
ex19, 0.246784, 673.960058, 0.231424,718.691913
ex35, 0.273408, 534.194765, 0.265216,550.694995
fcondp2, 15.716352, 459.926198, 15.648768,461.912532
fe_body, 0.377856, 554.654492, 0.354304,591.524590
fe_ocean, 0.955392, 548.758037, 0.933888,561.393904
fe_rotor, 1.179648, 718.783612, 1.158144,732.129754
fe_tooth, 0.924672, 626.510239, 0.909312,637.093180
fem_filter, 1.150976, 962.636836, 1.126400,983.639778
fem_hifreq_circuit, 33.238014, 389.707748, 33.106945,391.250587
filter3D, 2.701312, 641.390005, 2.670592,648.767957
finan512, 0.710656, 537.636897, 0.700416,545.497054
finance256, 0.347136, 550.324498, 0.468992,407.336249
fl2010, 3.446784, 435.660648, 3.422208,438.789264
flickr, 10.686464, 589.139380, 10.560512,596.165906
flower_7_4, 0.274432, 471.590479, 0.264192,489.869214
flower_8_4, 0.553984, 433.532820, 0.537600,446.745254
foldoc, 0.221184, 347.910879, 0.210944,364.799763
fome12, 0.302080, 301.966096, 0.277504,328.708491
fome13, 0.531456, 343.275534, 0.504832,361.379289
fome20, 0.434176, 342.934848, 0.412672,360.804889
fome21, 0.819200, 363.510947, 0.790528,376.695272
ford1, 0.204800, 317.425008, 0.198656,327.242280
ford2, 0.752640, 463.170063, 0.743424,468.911847
fullb, 15.757312, 475.536016, 15.674368,478.052405
fxm3_16, 0.583680, 430.100896, 0.570368,440.139144
fxm4_6, 0.537600, 592.671450, 0.526336,605.355042
g7jac040, 0.245760, 298.622403, 0.240640,304.976064
g7jac040sc, 0.243712, 301.131836, 0.239616,306.279372
g7jac050sc, 0.286720, 352.656241, 0.281600,359.068184
g7jac060, 0.295936, 439.697249, 0.295936,439.697249
g7jac060sc, 0.293888, 442.761320, 0.276480,470.638907
g7jac080, 0.384000, 489.959996, 0.375808,500.640326
g7jac080sc, 0.379904, 495.242585, 0.363520,517.563385
g7jac100, 0.435200, 565.641169, 0.424960,579.271102
g7jac100sc, 0.424960, 579.271102, 0.412672,596.519832
g7jac120, 0.517120, 588.237620, 0.499712,608.729520
g7jac120sc, 0.528384, 575.697707, 0.503808,603.780462
g7jac140, 0.612352, 591.509184, 0.599040,604.653875
g7jac140sc, 0.614400, 589.537472, 0.590848,613.037232
g7jac160, 0.733184, 573.163423, 0.720896,582.933234
g7jac160sc, 0.737280, 569.979158, 0.719872,583.762448
g7jac180, 0.864256, 553.373800, 0.842752,567.493938
g7jac180sc, 0.857088, 558.001773, 0.844800,566.118185
g7jac200, 0.978944, 547.813806, 0.962560,557.138299
g7jac200sc, 0.977920, 548.387437, 0.963584,556.546224
ga2010, 2.129920, 426.098557, 2.098176,432.545143
garon2, 0.442368, 565.114293, 0.432128,578.505612
gas_sensor, 1.162240, 937.976299, 1.130496,964.314403
gearbox, 12.297216, 472.583255, 12.222464,475.473583
graphics, 0.203776, 370.458539, 0.192512,392.134297
great-britain_osm, 33.091583, 315.498406, 33.054722,315.850238
gridgena, 0.246784, 1328.018664, 0.232448,1409.922927
gsm_106857, 35.575809, 391.437653, 35.557377,391.640571
gupta1, 1.256448, 1102.388930, 1.242112,1115.112288
gupta2, 3.631104, 748.781375, 3.608576,753.455933
gupta3, 4.184064, 1426.123837, 4.130816,1444.507164
gyro, 1.180672, 553.533693, 1.164288,561.323088
gyro_k, 1.184768, 551.620048, 1.246208,524.424322
gyro_m, 0.387072, 562.881949, 0.370688,587.760718
halfb, 17.166336, 461.846105, 17.086464,464.005044
hangGlider_4, 0.208896, 458.125008, 0.193536,494.484131
hangGlider_5, 0.218112, 455.534023, 0.206848,480.340357
hcircuit, 0.799744, 410.588983, 0.730112,449.747536
helm2d03, 2.968576, 591.138117, 2.945024,595.865566
helm3d01, 0.412672, 664.460277, 0.397312,690.148221
hi2010, 0.279552, 284.171233, 0.263168,301.862832
hollywood-2009, 82.548737, 882.998969, 63.183872,1153.624283
hood, 16.889856, 408.043674, 16.807936,410.032449
hugetrace-00000, 25.214975, 349.208758, 24.128511,364.933007
hugetric-00000, 32.107521, 348.171054, 32.068607,348.593543
hugetric-00010, 36.758530, 344.243723, 36.692993,344.858569
hugetric-00020, 39.662594, 344.692397, 39.598080,345.253979
human_gene1, 12.003328, 1315.349468, 11.929600,1323.478728
human_gene2, 8.461312, 1366.663694, 8.361984,1382.897644
hvdc1, 0.267264, 383.096252, 0.252928,404.810241
hvdc2, 1.500160, 574.775179, 1.422336,606.224360
iChem_Jacobian, 3.033088, 873.010011, 3.006464,880.741015
ia2010, 1.620992, 403.178314, 1.548288,422.110618
ibm_matrix_2, 0.745472, 907.117085, 0.716800,943.401819
id2010, 1.209344, 385.406426, 1.181696,394.423724
igbt3, 0.258048, 580.372028, 0.246784,606.862029
il2010, 3.102720, 446.465343, 3.056640,453.195993
image_interp, 1.301504, 349.962132, 1.231872,369.743881
in-2004, 15.789056, 685.722696, 15.712256,689.074416
in2010, 1.909760, 429.529491, 1.891328,433.715490
inlet, 0.411648, 510.452419, 0.399360,526.158652
inline_1, 42.596352, 553.156737, 42.349567,556.380155
ins2, 2.637824, 667.576654, 2.591744,679.445885
internet, 0.811008, 163.521154, 0.782336,169.514071
invextr1_new, 1.991680, 576.439902, 1.972224,582.126494
italy_osm, 30.208000, 297.202456, 30.161921,297.656505
jan99jac060, 0.216064, 376.723923, 0.200704,405.554860
jan99jac060sc, 0.215040, 378.517860, 0.200704,405.554860
jan99jac080, 0.294912, 372.226549, 0.278528,394.122236
jan99jac080sc, 0.289792, 378.803002, 0.274432,400.004659
jan99jac100, 0.333824, 413.845848, 0.316416,436.614084
jan99jac100sc, 0.326656, 422.927098, 0.313344,440.894605
jan99jac120, 0.369664, 450.488211, 0.346112,481.142734
jan99jac120sc, 0.372736, 446.775404, 0.347136,479.723464
jnlbrng1, 0.264192, 482.558167, 0.242688,525.316455
juba40k, 0.330752, 280.466344, 0.305152,303.995387
k1_san, 0.579584, 618.124997, 0.559104,640.766912
k3plates, 0.660480, 367.177313, 0.646144,375.323906
karted, 2.832384, 400.024614, 2.809856,403.231833
kim1, 0.608256, 981.897124, 0.582656,1025.038399
kim2, 6.522880, 1111.658150, 6.465536,1121.517639
kkt_power, 18.605057, 502.664649, 18.564096,503.773741
kneser_10_4_1, 2.192384, 289.657870, 2.136064,297.295055
kron_g500-logn16, 3.330048, 944.124553, 3.249152,967.631004
kron_g500-logn17, 7.015424, 933.108335, 6.829056,958.573279
kron_g500-logn18, 14.788608, 915.987596, 14.472192,936.014482
kron_g500-logn19, 30.107649, 926.005539, 29.597696,941.960121
kron_g500-logn20, 64.450562, 886.158165, 63.664127,897.104755
kron_g500-logn21, 128.568314, 906.390382, 104.798210,1111.975889
ks2010, 1.794048, 400.184800, 1.690624,424.666112
ky2010, 1.296384, 388.910947, 1.260544,399.968540
la2010, 1.524736, 411.616005, 1.502208,417.788856
laminar_duct3D, 3.831808, 640.211937, 3.801088,645.386063
language, 2.322432, 335.189037, 2.296832,338.924976
largebasis, 4.088832, 870.288651, 4.065280,875.330613
ldoor, 72.835075, 408.791833, 59.217918,502.793492
lhr10, 0.183296, 812.266084, 0.179200,830.832172
lhr10c, 0.326656, 455.785639, 0.313344,475.149099
lhr11, 0.334848, 446.752694, 0.320512,466.735228
lhr11c, 0.330752, 452.285237, 0.319488,468.231186
lhr14, 0.427008, 461.417862, 0.416768,472.754898
lhr14c, 0.424960, 463.641580, 0.410624,479.828557
lhr17, 0.493568, 495.299530, 0.486400,502.598676
lhr17c, 0.496640, 492.235828, 0.484352,504.723845
lhr34, 0.931840, 524.734889, 0.907264,538.948931
lhr34c, 0.923648, 529.388858, 0.904192,540.780029
lhr71, 2.008064, 487.025745, 1.983488,493.060154
lhr71c, 2.006016, 487.522967, 1.985536,492.551578
li, 1.536000, 562.628745, 1.511424,571.777206
light_in_tissue, 0.340992, 762.169661, 0.319488,813.469579
ljournal-2008, 98.067459, 515.714502, 97.216515,520.228596
lowThrust_10, 0.153600, 925.020789, 0.135168,1051.160030
lowThrust_11, 0.251904, 568.600077, 0.239616,597.759065
lowThrust_12, 0.250880, 572.941320, 0.237568,605.045782
lowThrust_13, 0.248832, 578.438781, 0.235520,611.133139
lowThrust_4, 0.218112, 472.262309, 0.209920,490.692064
lowThrust_5, 0.234496, 541.400115, 0.227328,558.471278
lowThrust_6, 0.246784, 537.730806, 0.227328,583.752809
lowThrust_7, 0.251904, 537.502518, 0.233472,579.936940
lowThrust_8, 0.250880, 552.155606, 0.230400,601.236121
lowThrust_9, 0.251904, 557.898858, 0.235520,596.709226
lp1, 3.044352, 345.488558, 2.992128,351.518664
lp_ken_18, 0.774144, 296.106980, 0.729088,314.405720
lp_nug20, 0.296960, 656.896560, 0.290816,670.774627
lp_nug30, 3.244032, 309.303986, 3.184640,315.072354
lp_osa_60, 0.997376, 903.537580, 0.969728,929.298449
lp_pds_10, 0.250880, 274.502548, 0.230400,298.902783
lp_pds_20, 0.432128, 344.560121, 0.418816,355.511919
lpl1, 0.394240, 532.525985, 0.381952,549.658195
lpl3, 0.234496, 274.358627, 0.212992,302.058297
lung2, 0.786432, 400.849595, 0.736256,428.167592
luxembourg_osm, 0.650240, 235.562991, 0.621568,246.429150
m133-b3, 1.117184, 458.753420, 1.059840,483.574896
m14b, 2.683904, 800.752595, 2.659328,808.152681
m_t1, 8.791040, 710.073495, 8.686592,718.611479
ma2010, 1.294336, 384.004165, 1.240064,400.810273
mac_econ_fwd500, 1.777664, 458.449395, 1.713152,475.713151
majorbasis, 1.549312, 723.073366, 1.484800,754.489665
mario001, 0.273408, 482.574914, 0.257024,513.336673
mario002, 2.754560, 488.206785, 2.672640,503.170961
mark3jac040, 0.240640, 301.688830, 0.230400,315.097228
mark3jac040sc, 0.238592, 304.278435, 0.227328,319.355289
mark3jac060, 0.294912, 370.431845, 0.277504,393.669285
mark3jac060sc, 0.286720, 381.015615, 0.274432,398.076021
mark3jac080, 0.340992, 427.843464, 0.320512,455.181714
mark3jac080sc, 0.349184, 417.806077, 0.324608,449.438094
mark3jac100, 0.427008, 427.480513, 0.402432,453.586202
mark3jac100sc, 0.408576, 446.765338, 0.395264,461.811853
mark3jac120, 0.498688, 439.521293, 0.475136,461.307909
mark3jac120sc, 0.544768, 402.343768, 0.482304,454.451957
mark3jac140, 0.586752, 436.011128, 0.568320,450.152046
mark3jac140sc, 0.595968, 429.268680, 0.760832,336.250836
matrix-new_3, 1.733632, 988.906545, 1.719296,997.152335
matrix_9, 1.445888, 939.071325, 1.377280,985.850374
mc2depi, 2.640896, 508.972697, 2.698240,498.155827
md2010, 1.174528, 381.635788, 1.144832,391.535102
me2010, 0.615424, 348.872725, 0.589824,364.014744
memchip, 16.856064, 562.321629, 16.817152,563.622739
memplus, 0.189440, 426.182439, 0.176128,458.393895
mi2010, 2.362368, 427.527614, 2.306048,437.969043
minsurfo, 0.263168, 495.189675, 0.245760,530.265638
mip1, 5.384192, 1230.603250, 5.312512,1247.207396
mixtank_new, 2.126848, 600.337330, 2.107392,605.879777
mk12-b3, 0.283648, 469.088424, 0.268288,495.944681
mk12-b4, 0.393216, 507.568341, 0.366592,544.430881
mk13-b5, 1.024000, 506.756226, 0.970752,534.553006
mn2010, 1.870848, 419.780391, 1.841152,426.551040
mo2010, 2.501632, 423.804752, 2.436096,435.205977
mod2, 0.334848, 381.899862, 0.311296,410.793604
mono_500Hz, 5.363712, 600.931672, 5.296128,608.600178
mouse_gene, 14.821376, 1250.833015, 14.638080,1266.495790
mri1, 0.662528, 569.768179, 0.589824,639.999977
mri2, 0.590848, 616.507769, 0.535552,680.162492
ms2010, 1.346560, 399.230038, 1.313792,409.187454
msc10848, 0.901120, 873.421868, 0.882688,891.660397
msc23052, 1.647616, 448.575971, 1.640448,450.536056
msdoor, 31.870975, 406.457543, 31.710209,408.518230
mt2010, 1.134592, 360.259459, 1.067008,383.078208
mult_dcop_01, 0.266240, 464.605768, 0.239616,516.228618
mult_dcop_02, 0.258048, 479.355163, 0.243712,507.552535
mult_dcop_03, 0.260096, 475.433046, 0.240640,513.872341
n4c6-b10, 1.310720, 711.143573, 1.268736,734.676147
n4c6-b11, 0.716800, 741.803598, 0.698368,761.381951
n4c6-b12, 0.320512, 664.666540, 0.307200,693.468717
n4c6-b5, 0.333824, 596.008420, 0.317440,626.770155
n4c6-b6, 0.768000, 607.337495, 0.747520,623.976859
n4c6-b7, 1.136640, 735.202733, 1.077248,775.736708
n4c6-b8, 1.569792, 729.800621, 1.549312,739.447705
n4c6-b9, 1.569792, 760.591961, 1.548288,771.155760
nasasrb, 4.111360, 416.768984, 4.083712,419.590637
nc2010, 2.173952, 417.045435, 2.114560,428.759102
ncvxbqp1, 0.402432, 556.564893, 0.377856,592.764249
ncvxqp3, 0.706560, 452.865932, 0.633856,504.810179
ncvxqp5, 0.533504, 509.796056, 0.520192,522.842000
ncvxqp7, 0.815104, 451.446290, 0.751616,489.579359
nd12k, 5.741568, 1585.177655, 5.761024,1579.824254
nd2010, 1.107968, 361.567708, 1.045504,383.169696
nd24k, 11.848704, 1551.056152, 11.633664,1579.726349
nd6k, 2.757632, 1600.751011, 2.699264,1635.365107
ne2010, 1.442816, 405.364615, 1.408000,415.388184
neos, 2.661376, 367.159004, 2.605056,375.096790
neos1, 0.854016, 449.333030, 0.825344,464.942603
neos2, 0.900096, 487.121019, 0.823296,532.561405
neos3, 2.515968, 522.747235, 2.448384,537.176903
net100, 1.883136, 691.000531, 1.823744,713.503627
net125, 2.208768, 746.754789, 2.190336,753.038807
net150, 2.633728, 758.456446, 2.622464,761.714191
net4-1, 2.611200, 598.462478, 2.741248,570.070764
net50, 0.926720, 652.762415, 0.911360,663.764026
net75, 1.374208, 693.554410, 1.355776,702.983408
netherlands_osm, 10.758144, 290.457585, 10.710016,291.762829
nh2010, 0.325632, 460.986627, 0.288768,519.836005
nj2010, 1.349632, 393.547034, 1.270784,417.965344
nlpkkt120, 52.547585, 1179.527231, 51.227650,1209.919004
nlpkkt80, 16.124928, 1139.291327, 16.106497,1140.595022
nm2010, 1.337344, 397.669395, 1.302528,408.298931
nmos3, 0.351232, 704.435147, 0.330752,748.053439
ns3Da, 1.829888, 587.436700, 1.816576,591.741473
nsct, 0.495616, 901.004669, 0.477184,935.807408
nug08-3rd, 0.204800, 463.800012, 0.196608,483.124983
nv2010, 0.749568, 356.043381, 0.734208,363.491987
ny2010, 2.475008, 442.062472, 2.436096,449.123590
obstclae, 0.261120, 484.333349, 0.242688,521.118143
offshore, 3.247104, 836.225381, 3.222528,842.602682
oh2010, 2.585600, 437.683185, 2.553856,443.123514
ohne2, 15.012864, 471.640105, 14.917632,474.650987
oilpan, 5.711872, 403.055299, 5.665792,406.333364
ok2010, 1.995776, 408.590291, 1.933312,421.791566
olafu, 1.202176, 540.436553, 1.187840,546.959059
olesnik0, 0.792576, 600.949601, 0.742400,641.565525
onera_dual, 0.730112, 367.462299, 0.546816,490.637882
onetone1, 0.419840, 519.951210, 0.427008,511.223018
onetone2, 0.346112, 420.909748, 0.329728,441.824524
opt1, 1.413120, 874.390832, 1.386496,891.181256
or2010, 1.583104, 395.986413, 1.505280,416.459179
p010, 0.165888, 455.246923, 0.162816,463.836470
p2p-Gnutella31, 0.396288, 238.843665, 0.352256,268.699128
pa2010, 2.997248, 439.541776, 2.931712,449.367373
packing-500x100x100-b050, 23.158785, 966.585733, 23.141376,967.312858
para-10, 8.288256, 418.238680, 8.272896,419.015203
para-4, 8.137728, 418.886700, 8.120320,419.784662
para-5, 8.305664, 417.362067, 8.266752,419.326601
para-6, 8.288256, 418.238680, 8.273920,418.963332
para-7, 8.342528, 415.517812, 8.276992,418.807845
para-8, 8.287232, 418.290323, 8.264704,419.430536
para-9, 8.295424, 417.877245, 8.262656,419.534473
parabolic_fem, 4.445184, 529.057937, 4.377600,537.225854
patents, 23.284737, 411.483756, 23.263231,411.864146
patents_main, 1.507328, 238.172124, 1.398784,256.654000
pattern1, 4.000768, 1491.462690, 3.884032,1536.289213
pcrystk02, 1.069056, 579.850915, 1.046528,592.333058
pcrystk03, 1.990656, 563.007325, 1.970176,568.859803
pct20stif, 3.780608, 456.809156, 3.755008,459.923475
pdb1HYS, 3.427328, 811.317012, 3.377152,823.371180
pds-100, 1.729536, 405.566150, 1.711104,409.934911
pds-30, 0.645120, 337.931535, 0.608256,358.412258
pds-40, 0.817152, 365.601493, 0.790528,377.914508
pds-50, 0.976896, 387.076132, 0.955392,395.788450
pds-60, 1.163264, 395.883020, 1.139712,404.063912
pds-70, 1.367040, 390.198959, 1.309696,407.283535
pds-80, 1.465344, 405.234989, 1.454080,408.374124
pds-90, 1.605632, 404.231518, 1.581056,410.514897
pds10, 0.259072, 369.708490, 0.247808,386.513438
pfinan512, 0.720896, 529.999996, 0.698368,547.096764
pkustk01, 1.171456, 535.063384, 1.159168,540.735422
pkustk02, 0.793600, 653.225788, 0.779264,665.243124
pkustk03, 4.495360, 445.674270, 4.469760,448.226810
pkustk04, 3.958784, 682.013045, 3.921920,688.423619
pkustk05, 2.768896, 509.694878, 2.741248,514.835657
pkustk06, 3.241984, 507.692689, 3.194880,515.177883
pkustk07, 1.619968, 955.595731, 1.590272,973.440147
pkustk08, 2.112512, 977.542059, 2.079744,992.944007
pkustk09, 2.187264, 463.377816, 2.173952,466.215239
pkustk10, 6.194176, 445.216551, 6.159360,447.733172
pkustk11, 6.502400, 513.574022, 6.457344,517.157465
pkustk12, 7.583744, 633.972197, 7.523328,639.063323
pkustk13, 7.869440, 538.128410, 7.789568,543.646234
pkustk14, 13.118464, 723.816616, 12.999680,730.430509
pli, 1.534976, 563.004084, 1.511424,571.777206
pltexpa, 0.300032, 305.159993, 0.273408,334.875942
poisson3Da, 0.382976, 589.508697, 0.366592,615.855464
poisson3Db, 2.351104, 646.490902, 2.332672,651.599231
pre2, 6.134784, 621.691056, 6.099968,625.239429
preferentialAttachment, 1.220608, 524.313131, 1.114112,574.431286
psse0, 0.204800, 320.100008, 0.190464,344.193540
psse2, 0.251904, 292.840435, 0.241664,305.248931
pwt, 0.319488, 653.259237, 0.302080,690.904649
pwtk, 16.848896, 441.929925, 16.775167,443.872252
qa8fk, 1.131520, 939.241489, 1.107968,959.206932
qa8fm, 1.202176, 884.039094, 1.108992,958.321231
raefsky3, 1.552384, 613.773080, 1.530880,622.394659
raefsky4, 1.571840, 540.965374, 1.545216,550.286212
rail_20209, 0.391168, 227.802684, 0.194560,458.003275
rail_79841, 0.647168, 547.785815, 0.631808,561.103135
rajat09, 0.214016, 315.708724, 0.197632,341.881477
rajat10, 0.243712, 342.182258, 0.219136,380.557828
rajat15, 0.484352, 586.116552, 0.472064,601.373388
rajat16, 0.845824, 485.138467, 0.820224,500.280126
rajat17, 0.845824, 485.138467, 0.828416,495.332979
rajat18, 0.791552, 392.256626, 0.745472,416.503255
rajat20, 0.788480, 491.107965, 0.776192,498.882745
rajat21, 2.632704, 460.270806, 2.587648,468.285037
rajat22, 0.326656, 386.489012, 0.308224,409.601339
rajat23, 0.926720, 384.625681, 0.856064,416.371102
rajat24, 2.598912, 479.766302, 2.546688,489.604679
rajat25, 0.798720, 486.566505, 0.781312,497.407445
rajat26, 0.473088, 337.259202, 0.381952,417.731247
rajat28, 0.878592, 442.333180, 0.787456,493.526510
rajat29, 5.148672, 604.896318, 5.143552,605.498478
rajat30, 6.018048, 656.731453, 6.001664,658.524232
rajat31, 25.574400, 508.414741, 25.535488,509.189480
ramage02, 1.118208, 1640.540219, 1.091584,1680.553521
rel8, 1.518592, 346.358311, 1.453056,361.979833
rel9, 40.151039, 377.250439, 40.071167,378.002396
relat8, 1.597440, 534.470351, 1.570816,543.529158
relat9, 43.461632, 573.643183, 43.421696,574.170778
rgg_n_2_15_s0, 0.202752, 1011.616191, 0.189440,1082.702719
rgg_n_2_16_s0, 0.727040, 602.336274, 0.710656,616.222994
rgg_n_2_17_s0, 1.444864, 645.599736, 1.392640,669.809745
rgg_n_2_18_s0, 2.768896, 715.275029, 2.738176,723.299803
rgg_n_2_19_s0, 5.531648, 756.610030, 5.506048,760.127831
rgg_n_2_20_s0, 11.264000, 783.138641, 11.247616,784.279419
rgg_n_2_21_s0, 23.158785, 800.760217, 23.128063,801.823890
rgg_n_2_22_s0, 47.747070, 813.867179, 47.690750,814.828312
ri2010, 0.161792, 497.428812, 0.150528,534.651365
rim, 1.343488, 483.494196, 1.288192,504.248298
rlfprim, 0.411648, 498.431275, 0.395264,519.091645
rma10, 2.957312, 513.764048, 2.905088,522.999877
roadNet-CA, 10.788864, 328.232603, 10.769408,328.825585
roadNet-PA, 6.108160, 323.113578, 6.041600,326.673293
roadNet-TX, 7.673856, 320.533102, 7.605248,323.424668
route, 0.261120, 506.818644, 0.251904,525.360750
s3dkq4m2, 7.078912, 435.853749, 7.023616,439.285165
s3dkt3m2, 6.574080, 365.407029, 6.497280,369.726254
s4dkt3m2, 6.532096, 367.755629, 6.492160,370.017852
sc2010, 1.495040, 382.345875, 1.402880,407.463517
sc205-2r, 0.253952, 310.582161, 0.235520,334.888580
scagr7-2r, 0.254976, 301.558730, 0.236544,325.056821
scfxm1-2b, 0.265216, 267.982633, 0.243712,291.628160
scfxm1-2r, 0.495616, 285.883271, 0.334848,423.142219
scircuit, 1.286144, 477.177541, 1.245184,492.874200
sctap1-2r, 0.291840, 408.697387, 0.278528,428.230691
sd2010, 0.739328, 355.541885, 0.714752,367.766824
sgpf5y6, 1.768448, 301.091489, 1.747968,304.619222
shallow_water1, 0.475136, 441.379299, 0.444416,471.889415
shallow_water2, 0.488448, 429.350110, 0.438272,478.504674
shar_te2-b2, 1.080320, 355.805687, 1.056768,363.735486
shar_te2-b3, 1.076224, 476.213144, 1.053696,486.394541
shermanACb, 0.262144, 354.367677, 0.235520,394.426622
ship_001, 3.536896, 840.371673, 3.192832,930.931288
ship_003, 9.767936, 529.800962, 9.702400,533.379540
shipsec1, 10.803200, 462.879394, 10.744832,465.393832
shipsec5, 13.904896, 465.475005, 13.830144,467.990895
shipsec8, 8.986624, 473.834832, 8.930304,476.823137
shock-9, 0.246784, 369.761408, 0.233472,390.844291
shuttle_eddy, 0.203776, 325.373741, 0.195584,339.001965
shyy161, 0.481280, 438.513299, 0.445440,473.795983
sinc15, 0.843776, 431.224217, 0.835584,435.451907
sinc18, 1.195008, 521.543470, 1.177600,529.253249
skirt, 0.240640, 522.659576, 0.227328,553.265760
sls, 7.484416, 581.842933, 7.453696,584.240985
smallworld, 0.950272, 673.488669, 0.923648,692.901885
sme3Da, 1.019904, 549.000367, 1.004544,557.394867
sme3Db, 2.513920, 529.802175, 2.501632,532.404580
sme3Dc, 3.845120, 524.077237, 3.793920,531.149792
smt, 2.539520, 945.862894, 2.501632,960.188303
soc-Epinions1, 0.759808, 428.602592, 0.733184,444.166388
soc-LiveJournal1, 93.155327, 474.004184, 89.539581,493.145200
soc-Slashdot0811, 1.162240, 498.605715, 1.123328,515.877406
soc-Slashdot0902, 1.200128, 505.793533, 1.177600,515.469554
soc-sign-Slashdot081106, 0.783360, 422.038396, 0.762880,433.368273
soc-sign-Slashdot090216, 0.844800, 413.387123, 0.816128,427.910124
soc-sign-Slashdot090221, 0.845824, 415.558412, 0.824320,426.399059
soc-sign-epinions, 1.269760, 424.078625, 1.243136,433.161021
south31, 0.214016, 336.118413, 0.200704,358.412002
spal_004, 29.894655, 988.390705, 29.938688,986.937006
sparsine, 2.418688, 409.871921, 2.410496,411.264869
spmsrtls, 0.248832, 591.427464, 0.236544,622.150979
srb1, 4.271104, 443.861199, 4.235264,447.617282
stat96v2, 3.125248, 584.080939, 3.108864,587.159078
stat96v3, 3.639296, 583.451032, 3.618816,586.752988
std1_Jac2, 0.721920, 1107.031008, 0.858112,931.332811
std1_Jac2_db, 0.507904, 628.491692, 0.498688,640.106504
std1_Jac3, 0.882688, 1055.574263, 0.854016,1091.013182
std1_Jac3_db, 0.550912, 617.827577, 0.536576,634.334478
stokes128, 0.482304, 741.234066, 0.417792,855.689354
stokes64, 0.178176, 502.995688, 0.169984,527.236452
stokes64s, 0.181248, 494.470355, 0.171008,524.079324
stomach, 2.172928, 889.976398, 2.145280,901.446349
stormG2_1000, 4.438016, 498.944544, 4.375552,506.067292
stormg2-125, 0.747520, 370.938342, 0.700416,395.884487
struct3, 0.882688, 850.996243, 0.860160,873.284233
t2dah, 0.209920, 536.942063, 0.193536,582.397491
t2dah_a, 0.209920, 536.942063, 0.199680,564.477563
t2dah_e, 0.209920, 536.942063, 0.196608,573.297506
t2em, 5.093376, 576.853621, 5.061632,580.471356
t3dh, 6.746112, 412.881858, 6.505472,428.154502
t3dh_a, 6.616064, 420.997616, 6.517760,427.347323
t3dh_e, 6.559744, 424.612188, 6.508544,427.952429
t3dl, 0.379904, 858.938675, 0.362496,900.187175
t3dl_a, 0.382976, 852.048807, 0.363520,897.651417
t60k, 0.326656, 350.470205, 0.308224,371.428580
tandem_dual, 0.643072, 458.293186, 0.614400,479.680186
tandem_vtx, 0.289792, 559.518549, 0.273408,593.047762
ted_A, 0.524288, 518.294679, 0.513024,529.674430
ted_AB, 0.537600, 621.889308, 0.529408,631.512357
ted_AB_unscaled, 0.538624, 620.707000, 0.526336,635.198183
ted_A_unscaled, 0.532480, 510.320912, 0.521216,521.349484
ted_B, 0.222208, 416.414183, 0.214016,432.353458
ted_B_unscaled, 0.237568, 389.490831, 0.219136,422.251753
thermal1, 0.689152, 533.486254, 0.676864,543.171309
thermal2, 8.651776, 634.713627, 8.623104,636.824079
thermomech_TC, 0.835584, 545.004605, 0.814080,559.400943
thermomech_TK, 0.860160, 529.433040, 0.816128,557.997166
thermomech_dK, 2.065408, 881.949681, 2.039808,893.018308
thermomech_dM, 1.627136, 559.752992, 1.560576,583.626983
thread, 2.977792, 960.722138, 2.926592,977.529704
tmt_sym, 5.015552, 648.346386, 4.999168,650.471257
tmt_unsym, 5.170176, 567.538247, 5.081088,577.489034
tn2010, 1.854464, 412.053412, 1.793024,426.172915
tomographic1, 0.990208, 418.494688, 0.937984,441.795174
torsion1, 0.254976, 496.004008, 0.244736,516.757320
torso1, 3.335168, 1634.268555, 3.237888,1683.368861
torso2, 0.918528, 720.089867, 0.896000,738.194977
torso3, 3.016704, 939.630405, 2.971648,953.877075
tp-6, 14.729216, 501.313060, 14.710784,501.941173
trans4, 1.051648, 466.404567, 0.950272,516.161086
trans5, 1.022976, 479.476958, 0.952320,515.051086
transient, 1.334272, 461.334411, 1.273856,483.214413
trdheim, 1.847296, 670.497506, 1.829888,676.876054
troll, 16.772097, 457.335252, 16.686081,459.692787
ts-palko, 1.639424, 420.402491, 1.620992,425.182816
tsyl201, 1.892352, 830.274966, 1.862656,843.511890
tube1, 1.421312, 403.933725, 1.406976,408.049495
tube2, 1.410048, 407.160492, 1.397760,410.739917
turon_m, 1.584128, 683.127010, 1.539072,703.125399
twotone, 1.532928, 511.115568, 1.486848,526.955924
tx2010, 6.262784, 455.390778, 6.218752,458.615189
usroads, 0.876544, 241.581484, 0.793600,266.830637
usroads-48, 0.838656, 247.176432, 0.777216,266.716068
ut2010, 1.025024, 357.184046, 0.968704,377.950587
va2010, 2.137088, 419.899365, 2.107392,425.816312
vanbody, 3.342336, 447.475881, 3.321856,450.234661
venkat01, 1.079296, 1018.614808, 1.076224,1021.522389
venkat25, 1.117184, 984.069623, 1.079296,1018.614808
venkat50, 1.081344, 1016.685598, 1.094656,1004.321805
venturiLevel3, 20.125696, 512.251763, 20.041727,514.397952
vfem, 1.167360, 786.532930, 1.127424,814.393732
vibrobox, 0.434176, 505.347880, 0.419840,522.603649
viscoplastic2, 0.457728, 533.173939, 0.437248,558.146966
viscorocks, 1.256448, 592.015063, 1.243136,598.354590
vsp_barth5_1Ksep_50in_5Kout, 0.290816, 448.085373, 0.280576,464.438884
vsp_bcsstk30_500sep_10in_1Kout, 5.078016, 508.312683, 5.045248,511.614062
vsp_befref_fxm_2_4_air02, 0.235520, 533.826075, 0.230400,545.688898
vsp_bump2_e18_aa01_model1_crew1, 0.633856, 607.433362, 0.617472,623.551002
vsp_c-30_data_data, 0.200704, 396.581646, 0.189440,420.162169
vsp_c-60_data_cti_cs4, 0.678912, 454.524898, 0.665600,463.615383
vsp_finan512_scagr7-2c_rlfddd, 1.363968, 518.036781, 1.342464,526.334871
vsp_mod2_pgp2_slptsk, 1.058816, 470.706016, 1.010688,493.120593
vsp_model1_crew1_cr42_south31, 0.390144, 623.280855, 0.365568,665.182051
vsp_msc10848_300sep_100in_1Kout, 2.465792, 633.839301, 2.307072,677.445650
vsp_p0291_seymourl_iiasa, 0.226304, 304.683265, 0.210944,326.868937
vsp_sctap1-2b_and_seymourl, 0.380928, 473.222434, 0.368640,488.996520
vsp_south31_slptsk, 0.458752, 529.893966, 0.417792,581.844373
vsp_vibrobox_scagr7-2c_rlfddd, 1.084416, 514.147766, 1.070080,521.035865
vt2010, 0.307200, 324.162485, 0.292864,340.030600
wa2010, 1.531904, 395.818855, 1.466368,413.509089
wang3, 0.227328, 498.783778, 0.215040,527.285718
wang4, 0.228352, 496.625571, 0.214016,529.892331
water_tank, 2.274304, 572.737809, 2.178048,598.049218
wathen100, 0.361472, 834.987582, 0.348160,866.913606
wathen120, 0.413696, 875.249091, 0.394240,918.443201
watson_1, 2.000896, 337.478573, 1.982464,340.616291
watson_2, 3.513344, 336.343445, 3.476480,339.909977
wave, 1.743872, 777.547689, 1.720320,788.192715
waveguide3D, 0.330752, 587.205908, 0.317440,611.830639
web-BerkStan, 8.719360, 557.882758, 8.672256,560.912932
web-Google, 8.038400, 406.452165, 8.017920,407.490365
web-NotreDame, 2.233344, 429.027381, 2.194432,436.634970
web-Stanford, 3.529728, 419.295228, 3.475456,425.842848
webbase-1M, 5.203968, 381.928371, 5.180416,383.664748
wheel_601, 4.905984, 283.189057, 4.877312,284.853810
wi2010, 1.889280, 409.689710, 1.820672,425.127945
wiki-Talk, 11.337728, 283.452075, 11.316224,283.990700
wikipedia-20051105, 28.532736, 443.068972, 28.467199,444.088994
wikipedia-20060925, 55.430145, 430.311364, 55.229439,431.875137
wikipedia-20061104, 58.831871, 428.428842, 58.583038,430.248603
wikipedia-20070206, 67.799042, 425.071627, 67.533821,426.740979
windscreen, 1.849344, 513.008717, 1.795072,528.518979
wing, 0.520192, 299.074788, 0.328704,473.302181
wing_nodal, 0.232448, 415.682825, 0.218112,443.004681
world, 0.332800, 382.467307, 0.313344,406.215275
wv2010, 1.352704, 313.645901, 1.100800,385.419754
wy2010, 0.765952, 357.274403, 0.742400,368.608625
x104, 9.271296, 701.873792, 9.179136,708.920661
xenon1, 0.831488, 909.113286, 0.808960,934.430356
xenon2, 2.382848, 1038.538881, 2.361344,1047.996487
