Dataset,Sputnik_time,Sputnik_gflops,cuSPARSE_time,cuSPARSE_gflops,ours_time,ours_gflops
12month1, 122.690559, 472.076266, 76.489731, 757.216694, 46.937088, 1233.977300
144, 8.645632, 636.262600, 7.264256, 757.254722, 3.931136, 1399.313661
192bit, 0.495616, 797.019646, 0.614400, 642.929136, 0.315392, 1252.459465
208bit, 0.945152, 811.906839, 0.932864, 822.601528, 0.525312, 1460.799202
2D_27628_bjtcai, 1.296384, 874.601121, 1.252352, 905.351595, 0.681984, 1662.530012
2D_54019_highK, 3.123200, 816.732803, 2.325504, 1096.889005, 1.496064, 1705.020594
2cubes_sphere, 5.861376, 719.454950, 4.269056, 987.805265, 2.575360, 1637.439326
333SP, 140.761093, 404.061944, 105.277443, 540.250593, 70.686722, 804.623549
3D_28984_Tetra, 4.491264, 341.524178, 1.725440, 888.976248, 0.897024, 1709.960092
3D_51448_3D, 6.947840, 389.318337, 2.518016, 1074.227286, 1.453056, 1861.539845
3Dspectralwave, 79.347710, 1085.671007, 74.781693, 1151.959857, 52.763649, 1632.667746
3Dspectralwave2, 33.708031, 1087.759323, 30.471169, 1203.308781, 22.453247, 1633.003214
3dtube, 5.408768, 1521.023237, 6.739968, 1220.608510, 4.050944, 2030.850681
598a, 5.939200, 639.598284, 5.498880, 690.813792, 2.965504, 1280.963428
ABACUS_shell_hd, 1.035264, 540.267054, 0.841728, 664.489073, 0.477184, 1172.124469
ABACUS_shell_ld, 0.868352, 644.115569, 0.854016, 654.928053, 0.480256, 1164.626887
ABACUS_shell_md, 0.851968, 656.502411, 0.852992, 655.714287, 0.476160, 1174.645186
ABACUS_shell_ud, 0.849920, 658.084357, 0.855040, 654.143702, 0.481280, 1162.148939
AS365, 151.976959, 382.982719, 115.763199, 502.789744, 84.091904, 692.154019
ASIC_100k, 109.041664, 22.401137, 3.378176, 723.069875, 2.003968, 1218.910322
ASIC_100ks, 3.594240, 412.314821, 2.149376, 689.483114, 1.478656, 1002.233343
ASIC_320k, 237.691910, 28.383515, 10.655744, 633.135715, 6.425600, 1049.945808
ASIC_320ks, 12.169216, 384.510051, 5.807104, 805.769249, 4.337664, 1078.734033
ASIC_680k, 461.840393, 21.461395, 17.282047, 573.528050, 12.414976, 798.369549
ASIC_680ks, 22.159361, 269.082244, 10.109952, 589.784262, 7.823360, 762.164925
Andrews, 3.036160, 640.939293, 2.813952, 691.552045, 1.637376, 1188.483463
Baumann, 3.860480, 504.397206, 2.612224, 745.424314, 1.515520, 1284.849682
BenElechi1, 21.017599, 1601.765720, 25.310207, 1330.106438, 16.451584, 2046.323931
Bump_2911, 229.668869, 1423.739068, 249.502716, 1310.561050, 185.705475, 1760.791068
CO, 16.991232, 1155.013716, 17.680384, 1109.993215, 13.846528, 1417.330456
Chebyshev4, 71.024643, 193.835091, 14.772224, 931.956337, 7.590912, 1813.625083
Chevron1, 1.436672, 589.153611, 1.290240, 656.017832, 0.642048, 1318.313394
Chevron2, 3.429376, 599.561829, 2.686976, 765.218191, 1.460224, 1408.087276
Chevron3, 14.042112, 622.240377, 10.521600, 830.441137, 5.293056, 1650.760782
Chevron4, 26.110975, 625.162965, 18.706432, 872.620413, 9.862144, 1655.179030
CoupCons3D, 37.238785, 1534.560821, 46.453758, 1230.151926, 28.283903, 2020.413516
Cube_Coup_dt0, 201.665543, 1614.791126, 269.115387, 1210.067296, 146.122757, 2228.590094
Cube_Coup_dt6, 201.748474, 1614.127344, 269.082611, 1210.214690, 146.151428, 2228.152900
CurlCurl_0, 0.420864, 689.434329, 0.529408, 548.080294, 0.258048, 1124.434533
CurlCurl_1, 10.180608, 621.623177, 6.372352, 993.118653, 3.718144, 1702.059378
CurlCurl_2, 36.210690, 630.746891, 23.222273, 983.529044, 12.856320, 1776.540967
CurlCurl_3, 54.742016, 633.411495, 35.104767, 987.735433, 19.705856, 1759.589713
CurlCurl_4, 107.523071, 631.312133, 68.420609, 992.107802, 39.619583, 1713.309787
D6-6, 2.427904, 154.871369, 1.487872, 252.718513, 0.734208, 512.133900
Delor295K, 10.959872, 560.899502, 6.855680, 896.685214, 4.307968, 1426.980581
Delor338K, 15.482880, 696.362285, 8.962048, 1203.039076, 5.969920, 1806.002954
Delor64K, 2.828288, 590.278767, 2.396160, 696.730802, 1.325056, 1259.930489
Dubcova1, 0.663552, 976.114989, 0.798720, 810.926280, 0.455680, 1421.398837
Dubcova2, 3.414016, 772.514245, 3.075072, 857.663156, 1.694720, 1556.231090
Dubcova3, 9.463808, 983.728894, 8.699904, 1070.106172, 5.165056, 1802.462747
EAT_RS, 1.609728, 517.798989, 1.068032, 780.421841, 0.929792, 896.453757
EAT_SR, 1.009664, 825.529871, 1.041408, 800.366317, 0.708608, 1176.260885
ESOC, 17.004543, 906.289782, 10.909696, 1412.600715, 6.972416, 2210.287511
Emilia_923, 73.556992, 1427.101967, 80.352257, 1306.414176, 59.808769, 1755.149432
EternityII_E, 66.424835, 57.953534, 7.136256, 539.436058, 5.514240, 698.111447
EternityII_Etilde, 4.080640, 734.326252, 6.611968, 453.196528, 4.259840, 703.435094
F1, 44.990463, 1527.057165, 58.931198, 1165.817283, 36.965378, 1858.577224
F2, 8.898560, 1523.097024, 11.827200, 1145.949140, 7.286784, 1859.993281
FEM_3D_thermal1, 0.950272, 1160.398678, 0.996352, 1106.731739, 0.645120, 1709.285649
FEM_3D_thermal2, 9.193472, 971.625093, 7.191552, 1242.097366, 4.555776, 1960.721459
Fault_639, 52.546558, 1394.064352, 56.484863, 1296.865737, 41.612289, 1760.376198
Flan_1565, 172.205063, 1745.357933, 239.251450, 1256.249327, 142.635010, 2107.192849
Franz11, 1.563648, 539.829737, 1.315840, 641.494161, 0.702464, 1201.632680
Freescale1, 122.223618, 396.290744, 85.356544, 567.456059, 61.144066, 792.163355
Freescale2, 131.695618, 447.921155, 69.286911, 851.376577, 55.311359, 1066.494365
FullChip, 2755.750977, 24.730934, 89.873405, 758.314365, 71.388161, 954.672228
G2_circuit, 4.858880, 382.863010, 3.104768, 599.170507, 1.894400, 981.991892
G3_circuit, 51.431423, 381.317750, 29.462528, 665.649411, 20.189184, 971.397080
GL7d14, 7.174144, 653.433861, 5.709824, 821.011017, 3.579904, 1309.484382
GL7d15, 24.259584, 641.634048, 21.999617, 707.547574, 12.454912, 1249.769981
GL7d16, 62.154751, 596.761066, 60.781567, 610.243161, 41.581570, 892.018643
GL7d17, 114.172928, 582.484238, 115.568642, 575.449620, 88.719360, 749.598854
GL7d18, 157.754364, 577.554751, 161.471481, 564.259284, 130.349060, 698.983041
GL7d19, 163.575806, 584.109463, 169.202682, 564.684759, 140.208130, 681.459599
GL7d20, 131.223557, 583.174981, 133.988358, 571.141377, 111.712257, 685.030424
GL7d21, 77.800446, 598.035444, 79.590401, 584.585875, 64.767998, 718.370578
GL7d22, 32.535553, 649.214723, 34.487297, 612.473629, 26.297344, 803.220273
GL7d23, 9.521152, 724.733849, 10.392576, 663.964416, 6.789120, 1016.376290
GL7d24, 2.232320, 681.068786, 2.135040, 712.100704, 1.574912, 965.364139
G_n_pin_pout, 4.720640, 543.598677, 4.656128, 551.130424, 2.132992, 1203.067674
Ga10As10H30, 11.073536, 1413.823064, 12.930048, 1210.824623, 9.891840, 1582.720759
Ga19As19H42, 15.838208, 1436.096025, 18.513920, 1228.545227, 13.764608, 1652.439881
Ga3As3H12, 8.519680, 1794.154743, 11.734016, 1302.676234, 8.441856, 1810.694665
Ga41As41H72, 35.881985, 1319.060218, 39.231487, 1206.441607, 28.841984, 1641.027847
GaAsH6, 6.004736, 1441.767151, 7.198720, 1202.634783, 5.287936, 1637.204137
Ge87H76, 15.722496, 1285.038912, 16.314367, 1238.418802, 12.346368, 1636.434251
Ge99H100, 16.904192, 1279.893842, 17.431553, 1241.172909, 13.056000, 1657.136305
Geo_1438, 116.339714, 1389.732885, 125.334526, 1289.996711, 92.446716, 1748.911512
H2O, 5.212160, 1088.770114, 4.961280, 1143.826656, 4.004864, 1416.987906
HEP-th-new, 1.287168, 701.684552, 1.303552, 692.865262, 0.975872, 925.516808
HTC_336_4438, 12.143616, 190.682608, 4.933632, 469.345174, 3.550208, 652.236787
HTC_336_9129, 11.969536, 188.943026, 4.914176, 460.211504, 3.534848, 639.789981
HV15R, 498.490356, 1453.725319, 558.141418, 1298.359212, 341.199860, 2123.881450
Hamrle3, 45.151234, 312.648368, 25.705473, 549.161634, 19.111937, 738.620049
Hook_1498, 136.725510, 1140.596657, 122.203133, 1276.142893, 87.025665, 1791.984683
IG5-15, 0.784384, 1055.838756, 0.890880, 929.623575, 0.565248, 1465.167540
IG5-16, 1.385472, 1087.076820, 1.417216, 1062.727644, 1.012736, 1487.173968
IG5-17, 2.482176, 1067.458718, 2.360320, 1122.568286, 1.795072, 1476.052515
IG5-18, 4.440064, 1032.339725, 3.909632, 1172.400481, 3.099648, 1478.766106
IMDB, 18.827265, 514.312907, 15.597568, 620.808677, 11.924480, 812.035822
Ill_Stokes, 0.719872, 680.540543, 0.822272, 595.790783, 0.466944, 1049.166646
JP, 25.530369, 1377.201846, 25.876480, 1358.781059, 20.732927, 1695.875864
LargeRegFile, 58.979328, 214.603234, 22.097919, 572.775848, 18.116608, 698.649261
LeGresley_87936, 3.178496, 477.831847, 2.482176, 611.877047, 1.489920, 1019.374557
Lin, 8.608768, 525.276527, 5.877760, 769.337988, 3.233792, 1398.353359
Linux_call_graph, 9.608192, 322.100593, 4.798464, 644.957344, 4.072448, 759.937180
Long_Coup_dt0, 142.813187, 1561.115082, 182.905853, 1218.921186, 103.307266, 2158.103952
Long_Coup_dt6, 142.799866, 1561.260708, 182.730759, 1220.089169, 103.316483, 2157.911439
M6, 139.675644, 384.962695, 106.917885, 502.908493, 78.152702, 688.010916
ML_Geer, 147.750916, 1921.157154, 206.729218, 1373.065364, 139.970566, 2027.945852
ML_Laplace, 37.132290, 1909.021193, 51.766273, 1369.353510, 35.046398, 2022.642327
Maragal_6, 6.114304, 225.127279, 1.458176, 943.985242, 1.219584, 1128.660800
Maragal_7, 10.907648, 281.763282, 3.246080, 946.795764, 2.481152, 1238.688580
Maragal_8, 8.325120, 402.341637, 3.398656, 985.549143, 2.595840, 1290.350110
NACA0015, 41.427967, 384.954157, 31.654913, 503.803886, 22.392832, 712.186306
NLR, 165.944321, 385.300545, 126.904320, 503.831841, 92.519424, 691.081224
NotreDame_actors, 12.370944, 304.280274, 6.116352, 615.437795, 5.261312, 715.455429
NotreDame_www, 8.070144, 294.965434, 14.320640, 166.222564, 3.169280, 751.089648
OPF_10000, 1.784832, 670.841939, 1.586176, 754.859569, 0.907264, 1319.726306
OPF_3754, 0.526336, 769.810290, 0.615424, 658.373568, 0.350208, 1156.966327
OPF_6000, 1.082368, 715.274351, 1.100800, 703.297651, 0.591872, 1308.036383
PFlow_742, 73.442307, 1294.546218, 72.131584, 1318.069765, 59.933697, 1586.327314
PR02R, 13.803520, 1518.014815, 17.077248, 1227.009681, 12.456960, 1682.107723
Pres_Poisson, 1.247232, 1469.220080, 1.366016, 1341.461739, 0.972800, 1883.694705
RFdevice, 2.537472, 368.825664, 1.898496, 492.961157, 1.153024, 811.678537
RM07R, 57.618431, 1664.576784, 75.302910, 1273.659981, 44.471294, 2156.678910
Raj1, 49.771519, 66.992286, 5.415936, 615.647571, 3.662848, 910.304726
Reuters911, 2.407424, 314.840497, 0.888832, 852.753482, 0.858112, 883.281646
Rucci1, 50.281471, 396.674751, 21.618689, 922.599445, 16.260096, 1226.646545
Serena, 132.817917, 1243.816787, 130.012161, 1270.659244, 96.951294, 1703.960286
Si10H16, 1.746944, 1283.591771, 1.880064, 1192.705603, 1.402880, 1598.399688
Si34H36, 10.021888, 1317.150075, 10.939392, 1206.678592, 8.519680, 1549.392724
Si41Ge41H72, 27.493376, 1397.748996, 30.976000, 1240.600420, 22.623232, 1698.644941
Si5H12, 1.625088, 1163.512934, 3.338240, 566.409525, 1.258496, 1502.436886
Si87H76, 22.707199, 1201.987759, 23.755775, 1148.932200, 18.466816, 1477.990328
SiO, 2.960384, 1139.445735, 3.050496, 1105.786301, 2.240512, 1505.547375
SiO2, 17.498112, 1650.793419, 23.427073, 1233.007993, 16.388096, 1762.606708
Stanford, 48.727039, 121.492962, 10.322944, 573.479087, 6.745088, 877.674573
Stanford_Berkeley, 105.779198, 183.527981, 23.097343, 840.505429, 15.624192, 1242.524558
StocF-1465, 79.222786, 678.766787, 54.611969, 984.652208, 29.605888, 1816.320969
TF16, 0.669696, 826.349421, 0.781312, 708.299486, 0.497664, 1112.001019
TF17, 2.018304, 743.553993, 1.843200, 814.191681, 1.182720, 1268.870188
TF18, 5.917696, 691.099239, 4.494336, 909.970924, 3.063808, 1334.847108
TF19, 17.255424, 648.436424, 12.764160, 876.598666, 8.639488, 1295.105158
TSOPF_FS_b162_c1, 4.768768, 326.680278, 1.335296, 1166.679417, 1.054720, 1477.038773
TSOPF_FS_b162_c3, 15.498240, 297.538808, 3.788800, 1217.094594, 2.160640, 2134.241705
TSOPF_FS_b162_c4, 21.013504, 292.166561, 5.210112, 1178.370655, 2.923520, 2100.017450
TSOPF_FS_b300, 17.221632, 654.079260, 8.143872, 1383.164170, 4.485120, 2511.485261
TSOPF_FS_b300_c1, 16.956415, 664.309773, 8.126464, 1386.127161, 4.530176, 2486.506466
TSOPF_FS_b300_c2, 35.101696, 639.419615, 17.644545, 1272.048300, 9.959424, 2253.615562
TSOPF_FS_b300_c3, 53.813248, 624.901530, 27.735041, 1212.472742, 14.539776, 2312.826632
TSOPF_FS_b39_c19, 41.127937, 123.095305, 5.038080, 1004.878006, 3.345408, 1513.314985
TSOPF_FS_b39_c30, 66.988029, 119.277573, 8.843264, 903.531766, 5.308416, 1505.189074
TSOPF_FS_b39_c7, 14.263296, 131.035967, 1.753088, 1066.121497, 1.455104, 1284.447578
TSOPF_FS_b9_c6, 5.818368, 65.105597, 0.625664, 605.450086, 0.572416, 661.771011
TSOPF_RS_b162_c3, 0.881664, 1772.064504, 1.614848, 967.499989, 0.726016, 2151.971130
TSOPF_RS_b162_c4, 1.245184, 1670.947854, 1.563648, 1330.630333, 0.986112, 2109.940294
TSOPF_RS_b2052_c1, 7.348224, 2355.455633, 10.729472, 1613.165656, 8.883200, 1948.443872
TSOPF_RS_b2383, 15.797248, 2620.595241, 26.647552, 1553.545777, 13.925376, 2972.859966
TSOPF_RS_b2383_c1, 15.821824, 2616.524646, 26.698751, 1550.566614, 13.896704, 2978.993686
TSOPF_RS_b300_c1, 1.685504, 2239.254306, 2.578432, 1463.785695, 1.397760, 2700.228873
TSOPF_RS_b300_c2, 3.556352, 2119.124016, 5.826560, 1293.447711, 2.834432, 2658.857585
TSOPF_RS_b300_c3, 5.249024, 2152.481990, 7.528448, 1500.764737, 4.286464, 2635.838975
TSOPF_RS_b39_c19, 1.477632, 1185.388044, 1.667072, 1050.684853, 1.157120, 1513.730102
TSOPF_RS_b39_c30, 2.352128, 1175.430983, 2.577408, 1072.691665, 1.839104, 1503.321223
TSOPF_RS_b39_c7, 0.508928, 1269.849092, 0.707584, 913.335715, 0.415744, 1554.470419
TSOPF_RS_b678_c1, 4.564992, 2465.393140, 6.715392, 1675.925940, 3.881984, 2899.161834
TSOPF_RS_b678_c2, 8.516608, 2639.758553, 13.568000, 1656.971529, 7.168000, 3136.410260
Transport, 76.937218, 781.960580, 63.509502, 947.289289, 33.335297, 1804.749843
Trefethen_20000, 1.321984, 1073.714132, 1.512448, 938.500368, 0.969728, 1463.743411
Trefethen_20000b, 1.339392, 1059.699966, 1.400832, 1013.221815, 0.963584, 1472.994146
Wordnet3, 2.063360, 164.967744, 1.304576, 260.918359, 0.861184, 395.255648
Zd_Jac2, 3.040256, 1383.321815, 3.319808, 1266.836056, 3.125248, 1345.702018
Zd_Jac2_db, 1.648640, 1050.371095, 1.755136, 986.637974, 1.091584, 1586.395451
Zd_Jac3, 3.402752, 1441.582940, 3.944448, 1243.608517, 3.234816, 1516.422884
Zd_Jac3_db, 1.733632, 1054.204095, 1.814528, 1007.205142, 1.117184, 1635.900487
Zd_Jac6, 3.111936, 1408.343986, 3.489792, 1255.856035, 2.899968, 1511.284475
Zd_Jac6_db, 1.606656, 1057.429921, 1.715200, 990.511971, 1.016832, 1670.803132
Zhao1, 1.059840, 402.060400, 1.086464, 392.207806, 0.507904, 838.976826
Zhao2, 1.073152, 397.073016, 1.032192, 412.829864, 0.507904, 838.976826
a0nsdsil, 7.050240, 128.915758, 2.145280, 423.668281, 1.434624, 633.536779
a2nnsnsl, 6.981632, 127.318124, 2.102272, 422.822692, 1.392640, 638.275738
a5esindl, 11.613184, 56.212856, 1.693696, 385.435303, 1.121280, 582.200937
adaptive, 200.681473, 347.598198, 132.194305, 527.681720, 90.930176, 767.143776
af23560, 1.216512, 1019.057269, 1.183744, 1047.266477, 0.654336, 1894.585360
af_0_k101, 28.085249, 1599.762498, 32.247807, 1393.264622, 29.743105, 1510.593063
af_1_k101, 28.090368, 1599.470949, 32.312321, 1390.482857, 29.734913, 1511.009237
af_2_k101, 28.086271, 1599.704266, 32.489471, 1382.901168, 29.739008, 1510.801170
af_3_k101, 28.100609, 1598.888062, 32.226303, 1394.194297, 29.740032, 1510.749138
af_4_k101, 28.102655, 1598.771623, 32.148479, 1397.569302, 29.741056, 1510.697109
af_5_k101, 28.092417, 1599.354316, 32.149506, 1397.524694, 29.744127, 1510.541143
af_shell1, 28.295168, 1591.350160, 32.471039, 1386.697859, 29.662209, 1518.009689
af_shell10, 84.254723, 1600.398741, 96.898048, 1391.577583, 89.458687, 1507.300820
af_shell2, 28.297216, 1591.234959, 32.479233, 1386.348018, 29.674496, 1517.381136
af_shell3, 28.304384, 1590.831994, 32.456703, 1387.310342, 29.662209, 1518.009689
af_shell4, 28.303360, 1590.889563, 33.311745, 1351.701042, 29.660160, 1518.114531
af_shell5, 28.299265, 1591.119775, 32.627712, 1380.039141, 29.669376, 1517.642954
af_shell6, 28.310528, 1590.486773, 32.562176, 1382.816687, 29.661184, 1518.062109
af_shell7, 28.300287, 1591.062296, 32.591873, 1381.556677, 29.666304, 1517.800146
af_shell8, 28.310528, 1590.486773, 32.516094, 1384.776404, 29.656063, 1518.324259
af_shell9, 28.301311, 1591.004714, 32.575489, 1382.251543, 29.657087, 1518.271822
airfoil_2d, 0.734208, 905.467240, 0.873472, 761.102014, 0.510976, 1301.042042
ak2010, 1.403904, 395.875284, 1.176576, 472.362917, 0.770048, 721.735351
al2010, 9.101312, 346.107685, 4.945920, 636.895446, 3.472384, 907.167508
amazon-2008, 27.692032, 476.869063, 15.399936, 857.501844, 10.874880, 1214.309811
amazon0302, 8.805376, 359.017616, 5.656576, 558.869011, 3.478528, 908.799670
amazon0312, 16.355328, 500.945417, 12.161024, 673.720103, 7.065600, 1159.579724
amazon0505, 16.771072, 512.398327, 12.537856, 685.401824, 7.293952, 1178.163697
amazon0601, 16.770048, 517.095312, 12.561408, 690.345640, 7.341056, 1181.262401
apache1, 2.757632, 503.327141, 2.082816, 666.401217, 1.130496, 1227.771712
apache2, 23.804928, 518.117395, 15.325184, 804.802559, 8.742912, 1410.713820
appu, 3.932160, 1206.447947, 4.208640, 1127.192188, 3.533824, 1342.439885
ar2010, 6.621184, 349.640434, 3.750912, 617.192200, 2.568192, 901.425437
as-Skitter, 102.087677, 556.462126, 65.711105, 864.510275, 52.216831, 1087.923653
as-caida, 3.311616, 82.530923, 0.809984, 337.427295, 0.746496, 366.124818
astro-ph, 0.808960, 767.411373, 0.790528, 785.304405, 0.555008, 1118.551672
atmosmodd, 43.475967, 519.047514, 32.334846, 697.887736, 16.621569, 1357.639176
atmosmodj, 43.448318, 519.377817, 32.364544, 697.247360, 16.673792, 1353.386977
atmosmodl, 51.926018, 508.773573, 38.133759, 692.787352, 24.592384, 1074.258813
atmosmodm, 51.898369, 509.044623, 38.182911, 691.895536, 24.584192, 1074.616782
audikw_1, 125.886467, 1579.111187, 159.122437, 1249.281576, 102.094849, 1947.098517
aug3dcqp, 1.007616, 325.495413, 0.991232, 330.875524, 0.481280, 681.462767
auto, 29.619200, 572.966470, 23.936001, 709.007676, 14.708736, 1153.791042
av41092, 4.191232, 1028.525481, 3.654656, 1179.533504, 2.512896, 1715.466544
az2010, 8.766464, 349.285705, 4.981760, 614.642340, 3.486720, 878.189406
barrier2-1, 13.934592, 699.049811, 9.155584, 1063.937999, 6.637568, 1467.551682
barrier2-10, 15.806464, 631.244648, 9.418752, 1059.349075, 6.818816, 1463.266592
barrier2-11, 15.801344, 631.449196, 9.354240, 1066.654851, 6.818816, 1463.266592
barrier2-12, 15.819776, 630.713493, 9.328640, 1069.582055, 6.823936, 1462.168746
barrier2-2, 13.955072, 698.023901, 9.106432, 1069.680652, 6.633472, 1468.457865
barrier2-3, 13.914112, 700.078741, 9.181184, 1060.971469, 6.632448, 1468.684533
barrier2-4, 13.864960, 702.560576, 9.133056, 1066.562431, 6.631424, 1468.911376
barrier2-9, 15.800320, 631.490130, 9.370624, 1064.789960, 6.821888, 1462.607707
bauru5727, 1.176576, 315.533067, 1.039360, 357.189639, 0.573440, 647.406233
baxter, 3.509248, 81.394806, 0.752640, 379.510200, 0.695296, 410.810021
bayer01, 1.894400, 375.370270, 1.374208, 517.462752, 0.820224, 866.960064
bayer04, 0.619520, 657.363627, 0.716800, 568.150020, 0.362496, 1123.460487
bbmat, 3.952640, 1147.488326, 3.624960, 1251.216120, 2.179072, 2081.440412
bcircuit, 2.339840, 410.894979, 1.655808, 580.640084, 1.014784, 947.421816
bcsstk17, 0.789504, 1389.915709, 0.945152, 1161.023854, 0.598016, 1834.974243
bcsstk18, 0.507904, 751.461704, 0.603136, 632.809844, 0.374784, 1018.374337
bcsstk25, 0.691200, 934.225902, 0.726016, 889.425265, 0.481280, 1341.707450
bcsstk29, 1.197056, 1324.824575, 1.233920, 1285.244836, 0.819200, 1935.900049
bcsstk30, 3.393536, 1541.560007, 4.071424, 1284.891849, 2.727936, 1917.691421
bcsstk31, 2.679808, 1128.597672, 2.525184, 1197.704825, 1.659904, 1822.048115
bcsstk32, 3.823616, 1348.889251, 3.999744, 1289.491187, 2.771968, 1860.640083
bcsstk35, 2.653184, 1399.231025, 2.940928, 1262.328524, 1.968128, 1886.268243
bcsstk36, 1.956864, 1495.473575, 2.300928, 1271.851293, 1.553408, 1883.882631
bcsstk37, 2.101248, 1390.079174, 2.282496, 1279.696066, 1.551360, 1882.800317
bcsstk39, 3.598336, 1486.407236, 4.018176, 1331.099617, 3.037184, 1761.036750
bcsstm36, 0.852992, 962.202883, 0.873472, 939.642465, 0.584704, 1403.704072
belgium_osm, 40.584190, 195.540340, 20.398081, 389.048679, 14.673920, 540.812992
bfly, 1.453056, 346.384783, 1.186816, 424.089741, 0.626688, 803.137250
blockqp1, 45.180927, 36.264959, 2.203648, 743.532730, 1.335296, 1227.057100
bloweya, 9.670656, 39.710133, 0.815104, 471.133790, 0.718848, 534.220093
bloweybl, 10.224640, 30.045068, 0.774144, 396.825400, 0.691200, 444.444433
bmw3_2, 20.202496, 1430.461533, 21.682177, 1332.840948, 15.190016, 1902.492611
bmw7st_1, 12.730368, 1475.962676, 14.247936, 1318.755727, 9.802752, 1916.762599
bmwcra_1, 16.517120, 1649.721291, 21.826559, 1248.416896, 13.669376, 1993.408066
bodyy4, 0.488448, 639.088058, 0.582656, 535.755688, 0.261120, 1195.470627
bodyy5, 0.501760, 659.596931, 0.647168, 511.396376, 0.268288, 1233.597390
bodyy6, 0.522240, 660.529433, 0.676864, 509.636893, 0.284672, 1211.762624
bone010, 107.519997, 1706.341125, 143.168518, 1281.467424, 85.856255, 2136.894894
boneS01, 12.408832, 1385.367267, 13.689856, 1255.731956, 9.267200, 1855.014271
boneS10, 97.095680, 1462.466301, 107.241470, 1324.106802, 70.961151, 2001.083101
boyd1, 102.790146, 30.165843, 4.826112, 642.494723, 2.365440, 1310.856121
boyd2, 113.691650, 33.784507, 9.889792, 388.381894, 6.921216, 554.962642
brack2, 2.931712, 640.165929, 2.238464, 838.424018, 1.397760, 1342.706927
brainpc2, 13.486080, 34.053720, 0.923648, 497.214523, 0.759808, 604.430590
bratu3d, 0.868352, 512.370285, 0.913408, 487.096422, 0.438272, 1015.163553
bundle1, 2.287616, 862.691355, 1.516544, 1301.318379, 1.209344, 1631.881840
bundle_adj, 38.085632, 1358.323531, 35.777534, 1445.952364, 27.649023, 1871.046599
c-42, 1.337344, 211.112167, 0.521216, 541.674878, 0.569344, 495.885805
c-43, 2.553856, 123.972539, 0.534528, 592.313200, 0.562176, 563.183071
c-45, 2.331648, 191.537101, 0.663552, 673.040137, 0.632832, 705.711984
c-46, 1.473536, 226.540998, 0.659456, 506.199523, 0.562176, 593.793272
c-47, 2.103296, 257.304036, 0.729088, 742.278784, 0.678912, 797.138028
c-48, 1.136640, 374.054070, 0.734208, 579.079508, 0.594944, 714.629948
c-49, 1.623040, 247.700321, 0.741376, 542.272112, 0.608256, 660.951198
c-50, 2.080768, 238.219722, 0.792576, 625.403735, 0.667648, 742.427128
c-51, 1.790976, 290.237271, 0.855040, 607.934122, 0.667648, 778.565931
c-52, 1.904640, 272.467748, 0.847872, 612.065204, 0.665600, 779.676921
c-53, 4.691968, 203.084353, 1.258496, 757.146026, 0.905216, 1052.638600
c-54, 2.424832, 413.527220, 1.326080, 756.164113, 0.959488, 1045.072066
c-55, 3.528704, 292.694434, 1.397760, 738.919396, 0.987136, 1046.291487
c-56, 2.258944, 431.663638, 1.347584, 723.594220, 0.973824, 1001.314381
c-57, 11.200512, 92.612224, 1.515520, 684.454402, 1.019904, 1017.060726
c-58, 5.893120, 240.033457, 1.692672, 835.688136, 1.107968, 1276.702896
c-59, 3.918848, 313.911677, 1.668096, 737.470865, 1.147904, 1071.668118
c-60, 3.008512, 254.065689, 1.378304, 554.565377, 0.900096, 849.197953
c-61, 3.534848, 224.519121, 1.388544, 571.563437, 0.949248, 836.073341
c-62, 6.060032, 236.288869, 6.252544, 229.013678, 1.227776, 1166.269760
c-62ghs, 6.066176, 236.049547, 1.779712, 804.578556, 1.197056, 1196.199688
c-63, 4.054016, 274.503655, 1.642496, 677.531176, 1.036288, 1073.873494
c-64, 10.865664, 169.126621, 2.122752, 865.703107, 1.302528, 1410.850996
c-64b, 10.812416, 169.959512, 2.124800, 864.868688, 1.291264, 1423.158145
c-65, 4.187136, 220.425523, 1.534976, 601.280852, 0.929792, 992.643186
c-66, 6.377472, 200.307886, 1.769472, 721.942996, 1.113088, 1147.670181
c-66b, 6.343680, 201.374902, 1.839104, 694.608832, 1.165312, 1096.236770
c-67, 3.801088, 358.253628, 1.865728, 729.877873, 1.142784, 1191.610664
c-67b, 3.903488, 348.855595, 1.872896, 727.084489, 1.207296, 1127.936798
c-68, 4.289536, 337.793029, 2.113536, 685.569322, 1.290240, 1123.027735
c-69, 5.846016, 273.239625, 2.233344, 715.233813, 1.316864, 1213.005431
c-70, 5.967872, 282.681016, 2.383872, 707.673960, 1.362944, 1237.764832
c-71, 9.021440, 243.914314, 3.665920, 600.247204, 1.710080, 1286.757464
c-72, 7.345152, 246.604632, 2.611200, 693.684289, 1.534976, 1180.050029
c-73, 44.145664, 74.184894, 5.293056, 618.724123, 3.349504, 977.739225
c-73b, 43.360256, 75.528646, 5.378048, 608.946122, 3.350528, 977.440403
c-big, 29.749249, 201.450069, 9.573376, 626.005742, 6.398976, 936.554271
ca-AstroPh, 1.192960, 850.128738, 1.222656, 829.480729, 0.917504, 1105.357128
ca-CondMat, 0.795648, 601.467198, 0.849920, 563.060258, 0.532480, 898.730767
ca-HepPh, 0.836608, 725.244804, 0.777216, 780.665332, 0.709632, 855.014455
ca2010, 25.859072, 345.440743, 13.851648, 644.889095, 9.777152, 913.637929
cage10, 0.514048, 750.224132, 0.697344, 553.028630, 0.346112, 1114.238124
cage11, 1.927168, 743.520187, 1.716224, 834.907540, 1.027072, 1395.119705
cage12, 6.892544, 754.916083, 5.808128, 895.863911, 3.341312, 1557.260222
cage13, 27.116545, 706.104641, 20.576256, 930.544326, 12.342272, 1551.344711
cage14, 102.428673, 678.068860, 75.543549, 919.386165, 46.813183, 1483.635362
cage15, 381.267975, 666.069188, 281.482239, 902.191384, 184.125443, 1379.227374
caidaRouterLevel, 7.187456, 433.869489, 5.047296, 617.839313, 3.586048, 869.597400
cant, 8.137728, 1260.659094, 7.795712, 1315.967097, 5.320704, 1928.109610
case39, 20.999168, 127.049298, 2.484224, 1073.948852, 1.795072, 1486.252173
case9, 5.829632, 64.979802, 0.609280, 621.731102, 0.571392, 662.956990
cat_ears_4_4, 0.744448, 456.973861, 0.886784, 383.625859, 0.428032, 794.784669
cbuckle, 1.362944, 1270.689325, 1.275904, 1357.373532, 1.170432, 1479.691637
cca, 1.386496, 257.134426, 1.244160, 286.551427, 0.603136, 591.103562
ccc, 1.389568, 271.658075, 1.234944, 305.671645, 0.613376, 615.425688
cfd1, 4.560896, 1026.248334, 3.824640, 1223.804540, 2.352128, 1989.947734
cfd2, 7.903232, 1000.226082, 6.603776, 1197.045282, 3.841024, 2058.049895
ch7-7-b5, 1.259520, 430.243884, 1.166336, 464.618062, 0.609280, 889.411779
ch7-8-b3, 1.471488, 409.185804, 1.093632, 550.561806, 0.730112, 824.684414
ch7-8-b4, 4.486144, 402.647791, 2.797568, 645.680801, 1.757184, 1027.972011
ch7-8-b5, 4.744192, 456.896168, 3.277824, 661.293361, 1.987584, 1090.571873
ch7-9-b3, 2.988032, 362.714175, 1.701888, 636.823118, 1.035264, 1046.884258
ch7-9-b4, 9.953280, 408.333315, 5.554176, 731.747807, 3.796992, 1070.388332
ch7-9-b5, 13.983744, 465.026373, 9.326592, 697.233168, 5.667840, 1147.317072
ch8-8-b3, 3.106816, 387.607113, 1.819648, 661.789523, 1.136640, 1059.459504
ch8-8-b4, 11.790336, 408.546130, 7.146496, 674.022083, 4.476928, 1075.937730
ch8-8-b5, 18.476032, 469.278938, 17.615871, 492.193238, 7.497728, 1156.405374
channel-500x100x100-b050, 241.793030, 903.783806, 202.787842, 1077.621926, 100.903938, 2165.709568
chem_master1, 1.320960, 389.924405, 1.052672, 489.302030, 0.590848, 871.754724
chipcool0, 0.881664, 816.347291, 1.007616, 714.303831, 0.590848, 1218.154187
chipcool1, 0.879616, 818.247942, 0.996352, 722.379227, 0.591872, 1216.046760
circuit5M, 1758.272461, 86.665854, 193.268738, 788.447147, 167.089157, 911.981290
circuit5M_dc, 126.068733, 389.764637, 79.942657, 614.654749, 53.916672, 911.353251
circuit_4, 8.852480, 88.954310, 1.881088, 418.622750, 1.146880, 686.616053
cit-HepPh, 1.485824, 726.357690, 1.426432, 756.600854, 0.924672, 1167.159459
cit-HepTh, 1.304576, 692.321408, 1.303552, 692.865262, 0.947200, 953.532432
cit-Patents, 126.924797, 333.177660, 91.001854, 464.699399, 67.167229, 629.600293
citationCiteseer, 11.872256, 498.812736, 9.320448, 635.380691, 6.507520, 910.029083
ckt11752_dc_1, 4.123648, 206.747570, 1.420288, 600.268579, 0.990208, 860.984979
ckt11752_tr_0, 4.191232, 203.413745, 1.402880, 607.717173, 0.987136, 863.664414
cnr-2000, 11.852800, 694.633240, 9.092096, 905.550142, 6.258688, 1315.507205
co2010, 7.111680, 350.818573, 4.004864, 622.969795, 2.814976, 886.298661
co9, 0.752640, 372.962581, 0.558080, 502.986223, 0.510976, 549.353690
coAuthorsCiteseer, 9.075712, 459.288041, 5.724160, 728.205700, 3.990528, 1044.565022
coAuthorsDBLP, 11.699200, 427.866970, 7.358464, 680.264425, 5.322752, 940.434783
coPapersCiteseer, 57.838593, 1419.605886, 62.820351, 1307.028782, 44.224510, 1856.617655
coPapersDBLP, 66.547714, 1172.964893, 65.370110, 1194.095176, 46.452736, 1680.377506
cond-mat-2003, 1.099776, 558.794212, 1.031168, 595.973197, 0.638976, 961.770867
cond-mat-2005, 1.558528, 577.178075, 1.387520, 648.313674, 0.871424, 1032.273773
conf5_4-8x8-05, 3.354624, 1462.857128, 4.237312, 1158.124742, 3.127296, 1569.194514
conf5_4-8x8-10, 3.335168, 1471.390901, 4.255744, 1153.108764, 3.130368, 1567.654566
conf5_4-8x8-15, 3.337216, 1470.487924, 4.233216, 1159.245335, 3.127296, 1569.194514
conf5_4-8x8-20, 3.388416, 1448.268337, 5.311488, 923.909748, 3.131392, 1567.141922
conf6_0-8x8-20, 3.358720, 1461.073143, 4.235264, 1158.684768, 3.131392, 1567.141922
conf6_0-8x8-30, 3.352576, 1463.750756, 4.252672, 1153.941676, 3.130368, 1567.654566
conf6_0-8x8-80, 3.339264, 1469.586054, 10.359808, 473.689830, 3.132416, 1566.629613
consph, 8.773632, 1753.758160, 12.291072, 1251.870377, 7.286784, 2111.607595
cont-201, 2.707456, 414.896919, 2.041856, 550.144169, 1.165312, 963.960853
cont-300, 5.925888, 426.902968, 3.914752, 646.216975, 2.484224, 1018.337766
cont11_l, 44.106750, 312.434657, 28.002304, 492.119413, 21.044224, 654.834200
cont1_l, 55.853058, 322.308538, 31.940607, 563.605989, 23.284737, 773.120939
cop20k_A, 7.526400, 892.629581, 39.121922, 171.726927, 3.872768, 1734.750827
copter1, 0.657408, 821.900313, 0.727040, 743.183106, 0.429056, 1259.331775
copter2, 2.774016, 701.321545, 2.276352, 854.646900, 1.369088, 1421.002188
crankseg_1, 14.083072, 1929.435436, 21.172224, 1283.397415, 11.527168, 2357.246546
crankseg_2, 18.337791, 1975.214769, 28.093439, 1289.307313, 15.222784, 2379.398957
crashbasis, 7.017472, 638.558315, 5.789696, 773.972380, 2.993152, 1497.105762
crplat2, 1.402880, 1753.551153, 1.861632, 1321.432901, 1.207296, 2037.629324
crystk02, 1.344512, 1844.217460, 1.925120, 1288.009311, 1.184768, 2092.876040
crystk03, 2.597888, 1725.638554, 3.556352, 1260.565829, 2.161664, 2073.872564
crystm02, 0.762880, 1083.573787, 0.950272, 869.894914, 0.545792, 1514.563835
crystm03, 1.462272, 1022.006269, 1.555456, 960.780092, 0.919552, 1625.194828
ct2010, 2.250752, 382.565974, 1.673216, 514.614448, 1.059840, 812.444472
ct20stif, 5.028864, 1373.683084, 5.303296, 1302.598453, 3.760128, 1837.188851
cvxbqp1, 1.888256, 474.468558, 1.645568, 544.443057, 0.929792, 963.568295
cvxqp3, 0.535552, 585.382382, 0.624640, 501.893452, 0.351232, 892.580195
cyl6, 1.173504, 1558.117371, 1.392640, 1312.943020, 1.168384, 1564.945282
cz10228, 0.390144, 675.039386, 0.495616, 531.384309, 0.283648, 928.483708
cz20468, 0.715776, 737.038600, 0.757760, 696.202713, 0.479232, 1100.833303
cz40948, 1.739776, 606.456734, 1.346560, 783.551330, 0.876544, 1203.703273
d_pretok, 7.206912, 583.145777, 4.947968, 849.374999, 2.881536, 1458.486137
darcy003, 12.968960, 414.773397, 10.144768, 530.241761, 6.430720, 836.481707
dawson5, 3.048448, 848.821777, 2.545664, 1016.469199, 1.549312, 1670.153673
dbic1, 4.295680, 644.721686, 3.960832, 699.226323, 2.769920, 999.854858
dbir1, 4.852736, 568.171028, 2.698240, 1021.845335, 2.296832, 1200.429069
dbir2, 6.153216, 481.843494, 2.876416, 1030.757398, 2.423808, 1223.235058
dblp-2010, 11.244544, 367.771605, 5.796864, 713.389856, 4.483072, 922.453215
dc1, 128.835587, 15.228508, 3.326976, 589.716825, 1.987584, 987.114892
dc2, 127.790077, 15.353099, 3.329024, 589.354031, 1.991680, 985.084820
dc3, 128.945145, 15.215569, 3.317760, 591.354940, 1.985536, 988.133069
de2010, 0.660480, 449.829442, 0.686080, 433.044789, 0.414720, 716.395064
debr, 30.718975, 349.536495, 22.701056, 472.991349, 16.261120, 660.311404
degme, 712.256531, 29.212048, 22.079489, 942.343906, 18.105345, 1149.189476
delaunay_n15, 1.008640, 498.852767, 0.987136, 509.719914, 0.519168, 969.171562
delaunay_n16, 2.312192, 435.285658, 1.731584, 581.238928, 1.010688, 995.820721
delaunay_n17, 4.933632, 408.028236, 3.128320, 643.495913, 1.983488, 1014.909673
delaunay_n18, 10.095616, 398.821368, 5.864448, 686.568876, 3.907584, 1030.393094
delaunay_n19, 20.282368, 397.037164, 11.282432, 713.751613, 7.701504, 1045.620897
delaunay_n20, 40.690689, 395.813211, 22.603777, 712.531909, 15.363072, 1048.352303
delaunay_n21, 81.356796, 395.935072, 44.267521, 727.666883, 30.649343, 1050.985284
delaunay_n22, 162.933762, 395.401718, 87.931908, 732.661112, 61.611008, 1045.661996
deltaX, 1.879040, 337.089918, 1.245184, 508.684233, 0.745472, 849.670314
denormal, 3.985408, 742.692690, 2.932736, 1009.273771, 1.678336, 1763.611933
dictionary28, 1.446912, 315.067222, 1.285120, 354.733065, 0.711680, 640.561156
dielFilterV2clx, 59.364353, 1091.424952, 52.538368, 1233.227040, 41.190399, 1572.981511
dielFilterV2real, 114.651138, 1083.807095, 101.366783, 1225.842562, 79.278084, 1567.390522
dielFilterV3clx, 62.033920, 1357.139644, 67.209213, 1252.636185, 48.867329, 1722.801201
dielFilterV3real, 176.174088, 1297.713043, 183.726074, 1244.371068, 132.598785, 1724.174249
dixmaanl, 2.033664, 377.640989, 1.660928, 462.389023, 0.900096, 853.236633
e18, 0.829440, 482.919754, 0.858112, 466.784022, 0.445440, 899.229896
e40r0100, 1.254400, 1129.718354, 1.499136, 945.290319, 0.870400, 1628.123508
ecl32, 1.916928, 508.032839, 1.601536, 608.080229, 0.876544, 1111.025118
ecology1, 31.423489, 407.012734, 17.187840, 744.116792, 11.745280, 1088.927613
ecology2, 31.419392, 407.065073, 17.197056, 743.716663, 11.743232, 1089.115604
email-Enron, 2.506752, 375.471812, 1.408000, 668.476367, 1.114112, 844.811566
email-EuAll, 6.703104, 160.420485, 3.109888, 345.772958, 2.548736, 421.901350
engine, 11.683840, 1031.129071, 10.040320, 1199.916577, 6.481920, 1858.638693
enron, 2.731008, 258.851701, 1.718272, 411.416872, 1.147904, 615.840747
epb2, 0.775168, 578.028400, 0.794624, 563.875665, 0.411648, 1088.476354
epb3, 2.870272, 413.507860, 1.803264, 658.184262, 1.133568, 1047.030217
eu-2005, 50.214912, 980.624202, 38.730751, 1271.391777, 28.024832, 1757.083104
ex11, 1.929216, 1455.610383, 2.137088, 1314.024879, 1.371136, 2048.073264
ex19, 0.667648, 996.468532, 0.768000, 866.263326, 0.465920, 1427.906590
ex35, 0.733184, 796.815664, 0.794624, 735.206212, 0.474112, 1232.224612
fcondp2, 18.108416, 1596.685740, 21.667839, 1334.394671, 14.372864, 2011.669311
fe_body, 1.581056, 530.226684, 1.262592, 663.965959, 0.710656, 1179.639791
fe_ocean, 4.834304, 433.798996, 3.335168, 628.788784, 1.865728, 1124.020295
fe_rotor, 5.199872, 652.255807, 3.772416, 899.064848, 2.154496, 1574.218189
fe_tooth, 3.710976, 624.435726, 2.735104, 847.231348, 1.703936, 1359.948934
fem_filter, 4.793344, 924.591964, 3.929088, 1127.968432, 2.511872, 1764.376237
fem_hifreq_circuit, 41.510914, 1248.164444, 44.380161, 1167.468644, 31.971329, 1620.590972
filter3D, 8.337408, 831.238940, 6.337536, 1093.544620, 4.206592, 1647.504227
finan512, 2.911232, 524.966586, 2.159616, 707.671885, 1.306624, 1169.655123
finance256, 1.392640, 548.705884, 1.215488, 628.677360, 0.683008, 1118.800575
fl2010, 17.517569, 342.885065, 9.389056, 639.735508, 6.654976, 902.559639
flickr, 38.327297, 657.058276, 32.301056, 779.642248, 24.812544, 1014.940990
flower_7_4, 1.135616, 455.856650, 1.133568, 456.680197, 0.608256, 851.085883
flower_8_4, 2.205696, 435.545476, 1.940480, 495.073880, 1.083392, 886.734385
foldoc, 0.478208, 643.672370, 0.562176, 547.531887, 0.309248, 995.347681
fome12, 0.869376, 419.693756, 1.013760, 359.919202, 0.553984, 658.632179
fome13, 1.809408, 403.305048, 1.598464, 456.527863, 0.969728, 752.523765
fome20, 1.488896, 400.012032, 1.392640, 427.659928, 0.877568, 678.666856
fome21, 3.046400, 391.003352, 2.453504, 485.490384, 1.609728, 739.971384
ford1, 0.484352, 536.871044, 0.562176, 462.550100, 0.280576, 926.788352
ford2, 3.438592, 405.515193, 2.226176, 626.366139, 1.394688, 999.794413
fullb, 19.085312, 1570.457810, 23.558144, 1272.285185, 15.302656, 1958.658469
fxm3_16, 1.841152, 545.400459, 1.504256, 667.549349, 0.948224, 1058.995671
fxm4_6, 1.164288, 1094.643758, 1.112064, 1146.049720, 0.779264, 1635.492829
g7jac040, 0.443392, 662.072736, 0.708608, 414.273860, 0.301056, 975.093545
g7jac040sc, 0.435200, 674.535285, 0.522240, 562.112763, 0.300032, 978.421535
g7jac050sc, 0.537600, 752.333360, 0.659456, 613.315204, 0.365568, 1106.372513
g7jac060, 0.645120, 806.809493, 0.731136, 711.890733, 0.422912, 1230.726388
g7jac060sc, 0.634880, 819.822572, 0.729088, 713.890441, 0.413696, 1258.143592
g7jac080, 0.921600, 816.600014, 1.022976, 735.675646, 0.566272, 1329.005377
g7jac080sc, 0.923648, 814.789357, 1.049600, 717.014631, 0.564224, 1333.829390
g7jac100, 1.233920, 798.000014, 1.314816, 748.901870, 0.738304, 1333.689286
g7jac100sc, 1.383424, 711.761636, 1.272832, 773.604162, 0.739328, 1331.842057
g7jac120, 1.536000, 792.159993, 1.487872, 817.783893, 0.899072, 1353.348532
g7jac120sc, 1.547264, 786.393127, 1.484800, 819.475872, 0.900096, 1351.808875
g7jac140, 1.866752, 776.132736, 1.714176, 845.215025, 1.070080, 1353.961669
g7jac140sc, 1.862656, 777.839473, 1.730560, 837.213044, 1.070080, 1353.961669
g7jac160, 2.132992, 788.065280, 1.957888, 858.546022, 1.247232, 1347.734033
g7jac160sc, 2.137088, 786.554841, 1.948672, 862.606386, 1.243136, 1352.174577
g7jac180, 2.472960, 773.577641, 2.142208, 893.016211, 1.423360, 1344.021592
g7jac180sc, 2.448384, 781.342520, 2.142208, 893.016211, 1.421312, 1345.958237
g7jac200, 2.783232, 770.728484, 2.370560, 904.898515, 1.594368, 1345.433542
g7jac200sc, 2.787328, 769.595884, 2.345984, 914.378008, 1.591296, 1348.030924
ga2010, 10.572800, 343.354974, 5.592064, 649.174155, 3.932160, 923.213565
garon2, 0.803840, 1243.971366, 0.949248, 1053.416919, 0.536576, 1863.583109
gas_sensor, 4.265984, 1022.182535, 3.525632, 1236.832011, 2.131968, 2045.347002
gearbox, 15.739904, 1476.872644, 17.689600, 1314.096093, 12.351488, 1882.027010
graphics, 0.603136, 500.653648, 0.629760, 479.487784, 0.304128, 992.878817
great-britain_osm, 219.400192, 190.343348, 107.905022, 387.019681, 79.093758, 527.998268
gridgena, 2.038784, 642.998485, 1.576960, 831.305212, 0.846848, 1548.016909
gsm_106857, 59.891712, 930.059325, 66.721794, 834.852332, 56.241154, 990.428570
gupta1, 10.269696, 539.487972, 4.149248, 1335.272665, 3.233792, 1713.275772
gupta2, 14.094336, 771.630001, 8.022016, 1355.720649, 6.384640, 1703.402508
gupta3, 24.512512, 973.705711, 17.295361, 1380.021713, 12.849152, 1857.552455
gyro, 1.752064, 1492.049980, 2.027520, 1289.342209, 1.438720, 1817.008912
gyro_k, 1.750016, 1493.796102, 2.044928, 1278.366253, 1.438720, 1817.008912
gyro_m, 0.927744, 939.379168, 1.002496, 869.333500, 0.628736, 1386.119665
halfb, 20.147200, 1574.056064, 24.482817, 1295.309365, 16.221184, 1955.025120
hangGlider_4, 10.756096, 35.589300, 0.651264, 587.783008, 0.613376, 624.090128
hangGlider_5, 11.062272, 35.926594, 0.663552, 598.942914, 0.621568, 639.398657
hcircuit, 3.796992, 345.922324, 2.516992, 521.838874, 1.561600, 841.101656
helm2d03, 13.683712, 512.971451, 10.512384, 667.722310, 6.424576, 1092.578532
helm3d01, 1.531904, 715.982629, 1.403904, 781.261874, 0.860160, 1275.130963
hi2010, 0.705536, 450.384610, 0.713728, 445.215201, 0.439296, 723.344977
hollywood-2009, 253.406204, 1150.570871, 242.203644, 1203.787823, 186.543106, 1562.972780
hood, 19.335169, 1425.754096, 22.615040, 1218.976238, 16.830463, 1637.934470
hugetrace-00000, 131.141632, 268.573453, 83.334145, 422.649817, 59.712513, 589.845565
hugetric-00000, 167.278595, 267.312371, 105.787392, 422.693452, 77.287422, 578.562934
hugetric-00010, 189.870087, 266.580025, 122.381310, 413.589074, 87.758850, 576.757471
hugetric-00020, 204.909561, 266.876655, 131.021820, 417.377641, 94.674942, 577.614066
human_gene1, 31.711231, 1991.543173, 48.337921, 1306.516387, 44.161022, 1430.091129
human_gene2, 23.575552, 1961.993225, 35.077122, 1318.667866, 31.690752, 1459.576385
hvdc1, 0.748544, 547.130659, 0.762880, 536.848974, 0.406528, 1007.437037
hvdc2, 7.098368, 485.888982, 4.124672, 836.192292, 2.605056, 1323.971084
iChem_Jacobian, 14.298112, 740.773656, 10.510336, 1007.737975, 6.146048, 1723.329288
ia2010, 7.512064, 347.999592, 4.248576, 615.310895, 2.866176, 912.084708
ibm_matrix_2, 6.950912, 389.146288, 2.509824, 1077.733562, 1.459200, 1853.701723
id2010, 5.242880, 355.597665, 3.144704, 592.855728, 2.158592, 863.690708
igbt3, 0.630784, 949.699713, 0.696320, 860.316180, 0.428032, 1399.557381
il2010, 16.058369, 345.055463, 9.129984, 606.904448, 6.093824, 909.285848
image_interp, 6.977536, 261.110574, 3.748864, 485.989492, 2.618368, 695.818366
in-2004, 56.314880, 769.026861, 33.523712, 1291.851436, 26.081280, 1660.488139
in2010, 9.470976, 346.447188, 5.147648, 637.415971, 3.573760, 918.134662
inlet, 0.761856, 1103.235859, 0.800768, 1049.625936, 0.515072, 1631.824093
inline_1, 63.535103, 1483.429337, 76.309502, 1235.099607, 49.601536, 1900.139462
ins2, 343.011322, 20.535179, 10.455040, 673.722822, 7.368704, 955.907469
internet, 3.266560, 162.393413, 2.022400, 262.296215, 1.393664, 380.628214
invextr1_new, 3.530752, 1300.667799, 3.899392, 1177.705522, 2.598912, 1767.022261
italy_osm, 185.929733, 193.145909, 91.138046, 394.034861, 67.172356, 534.618252
jan99jac060, 0.578560, 562.752218, 0.666624, 488.410131, 0.364544, 893.132012
jan99jac060sc, 0.567296, 573.925964, 0.656384, 496.029648, 0.340992, 954.819810
jan99jac080, 0.847872, 517.880423, 0.856064, 512.924628, 0.508928, 862.786719
jan99jac080sc, 0.857088, 512.311810, 0.851968, 515.390631, 0.492544, 891.486495
jan99jac100, 1.108992, 498.296408, 0.980992, 563.314185, 0.602112, 917.780620
jan99jac100sc, 1.115136, 495.550952, 0.982016, 562.726783, 0.605184, 913.121799
jan99jac120, 1.392640, 478.312502, 1.168384, 570.118339, 0.705536, 944.129162
jan99jac120sc, 1.406976, 473.438870, 1.172480, 568.126644, 0.706560, 942.760849
jnlbrng1, 1.288192, 395.866444, 1.033216, 493.557978, 0.584704, 872.154143
juba40k, 1.186816, 312.650998, 1.014784, 365.653388, 0.582656, 636.840921
k1_san, 2.644992, 541.786659, 1.998848, 716.923682, 1.102848, 1299.382482
k3plates, 0.744448, 1303.050196, 0.882688, 1098.976236, 0.556032, 1744.599441
karted, 142.221313, 31.866486, 5.633024, 804.557777, 4.102144, 1104.810972
kim1, 2.345984, 1018.327157, 2.222080, 1075.109451, 1.296384, 1842.802165
kim2, 27.219969, 1065.572537, 22.525951, 1287.619364, 12.828672, 2260.939423
kkt_power, 83.968002, 445.508006, 52.632576, 710.746464, 38.045696, 983.249643
kneser_10_4_1, 11.189248, 227.018393, 5.750784, 441.707627, 4.284416, 592.884772
kron_g500-logn16, 23.391232, 537.633969, 10.504192, 1197.228708, 9.149440, 1374.501707
kron_g500-logn17, 42.901505, 610.342269, 23.010303, 1137.951162, 19.495935, 1343.080032
kron_g500-logn18, 79.278084, 683.476717, 51.352577, 1055.151025, 41.505791, 1305.473852
kron_g500-logn19, 148.576263, 750.586910, 110.568451, 1008.600532, 86.060036, 1295.832583
kron_g500-logn20, 276.048889, 827.583716, 246.191101, 927.952166, 181.373947, 1259.572111
kron_g500-logn21, 523.036682, 891.203901, 555.890686, 838.532365, 393.091064, 1185.812586
ks2010, 8.390656, 342.262002, 4.598784, 624.470055, 3.180544, 902.928232
ky2010, 5.688320, 354.535544, 3.698688, 545.250549, 2.271232, 887.937374
la2010, 7.194624, 348.930404, 4.059136, 618.462425, 2.813952, 892.134289
laminar_duct3D, 6.146048, 1596.583204, 8.622080, 1138.087015, 4.872192, 2014.016958
language, 20.199425, 154.153649, 7.135232, 436.399973, 5.176320, 601.549942
largebasis, 19.684353, 723.105102, 14.307328, 994.864714, 8.529920, 1668.697552
ldoor, 84.081665, 1416.450732, 95.150078, 1251.680910, 70.961151, 1678.348422
lhr10, 0.540672, 1101.481999, 0.679936, 875.877270, 0.357376, 1666.425458
lhr10c, 0.536576, 1109.890323, 0.676864, 879.852460, 0.365568, 1629.082580
lhr11, 0.538624, 1110.936335, 0.710656, 842.006499, 0.362496, 1650.713329
lhr11c, 0.547840, 1092.247665, 0.704512, 849.349564, 0.365568, 1636.841683
lhr14, 0.736256, 1070.438104, 0.842752, 935.170132, 0.413696, 1905.061922
lhr14c, 0.733184, 1074.923214, 0.831488, 947.838655, 0.411648, 1914.539777
lhr17, 0.856064, 1142.269708, 1.017856, 960.701709, 0.497664, 1964.891957
lhr17c, 0.851968, 1147.761431, 1.007616, 970.464898, 0.496640, 1968.943312
lhr34, 1.961984, 996.886724, 1.954816, 1000.542177, 1.073152, 1822.552573
lhr34c, 1.966080, 994.809921, 1.963008, 996.366695, 1.206272, 1621.421893
lhr71, 4.139008, 945.133587, 3.605504, 1084.984369, 2.193408, 1783.487385
lhr71c, 4.142080, 944.432672, 3.594240, 1088.384630, 2.192384, 1784.320407
li, 2.898944, 1192.431160, 2.897920, 1192.852517, 2.088960, 1654.790495
light_in_tissue, 1.353728, 767.934915, 1.281024, 811.518798, 0.735232, 1413.941513
ljournal-2008, 351.458313, 575.599541, 217.625595, 929.574683, 183.688187, 1101.318747
lowThrust_10, 6.119424, 92.873580, 0.811008, 700.773379, 0.691200, 822.240719
lowThrust_11, 6.025216, 95.088799, 0.786432, 728.518854, 0.685056, 836.326642
lowThrust_12, 6.054912, 94.957296, 0.791552, 726.368040, 0.691200, 831.825904
lowThrust_13, 6.067200, 94.893246, 0.776192, 741.744714, 0.706560, 814.844185
lowThrust_4, 4.557824, 90.399346, 0.700416, 588.256555, 0.627712, 656.390690
lowThrust_5, 5.198848, 97.680229, 0.713728, 711.510032, 0.651264, 779.752344
lowThrust_6, 5.460992, 97.200921, 0.736256, 720.963140, 0.694272, 764.561230
lowThrust_7, 5.519360, 98.126622, 0.733184, 738.690663, 0.677888, 798.946403
lowThrust_8, 5.677056, 97.603268, 0.784384, 706.413174, 0.689152, 804.030458
lowThrust_9, 5.920768, 94.945092, 0.759808, 739.855117, 0.669696, 839.407526
lp1, 282.097656, 14.913825, 9.141248, 460.238615, 6.239232, 674.306574
lp_ken_18, 3.397632, 269.869660, 2.384896, 384.468650, 1.510400, 607.069469
lp_nug20, 1.166336, 669.007867, 1.408000, 554.181821, 0.800768, 974.424531
lp_nug30, 7.170048, 559.768619, 7.068672, 567.796596, 6.638592, 604.581234
lp_osa_60, 202.445831, 17.805587, 7.614464, 473.397336, 5.209088, 691.995794
lp_pds_10, 0.693248, 397.359690, 0.743424, 370.540634, 0.458752, 600.474322
lp_pds_20, 1.480704, 402.225117, 1.381376, 431.147137, 0.873472, 681.849374
lpl1, 1.243136, 675.527157, 1.209344, 694.403031, 0.711680, 1179.985620
lpl3, 0.764928, 336.429057, 0.573440, 448.772309, 0.666624, 386.040701
lung2, 3.534848, 356.723641, 2.215936, 569.043452, 1.349632, 934.301956
luxembourg_osm, 3.256320, 188.154088, 1.958912, 312.770515, 1.234944, 496.127701
m133-b3, 5.768192, 355.405657, 8.143872, 251.728899, 2.357248, 869.678515
m14b, 13.603840, 631.922475, 10.061824, 854.375140, 5.738496, 1498.053222
m_t1, 13.869056, 1800.348896, 19.665920, 1269.665435, 11.543552, 2163.037715
ma2010, 5.590016, 355.655805, 3.661824, 542.932049, 2.255872, 881.309573
mac_econ_fwd500, 7.711744, 422.715784, 4.259840, 765.257810, 3.080192, 1058.335242
majorbasis, 6.849536, 654.214387, 5.708800, 784.939932, 2.993152, 1497.105762
mario001, 1.215488, 434.195466, 1.138688, 463.480229, 0.548864, 961.548495
mario002, 12.948480, 415.429430, 10.056704, 534.884963, 6.432768, 836.215394
mark3jac040, 0.516096, 562.673616, 0.564224, 514.677854, 0.338944, 856.759849
mark3jac040sc, 0.517120, 561.559402, 0.564224, 514.677854, 0.338944, 856.759849
mark3jac060, 0.855040, 511.062866, 0.860160, 508.020837, 0.508928, 858.626759
mark3jac060sc, 0.852992, 512.289917, 0.847872, 515.383443, 0.507904, 860.357875
mark3jac080, 1.193984, 488.754275, 1.006592, 579.743113, 0.644096, 906.021439
mark3jac080sc, 1.195008, 488.335459, 1.047552, 557.074786, 0.653312, 893.240558
mark3jac100, 1.534976, 475.675449, 1.266688, 576.424823, 0.792576, 921.237063
mark3jac100sc, 1.531904, 476.629350, 1.259520, 579.705260, 0.785408, 929.644696
mark3jac120, 1.872896, 468.117835, 1.456128, 602.100914, 0.933888, 938.802065
mark3jac120sc, 1.873920, 467.862031, 1.438720, 609.386126, 0.929792, 942.937789
mark3jac140, 2.216960, 461.587770, 1.591296, 643.074341, 1.054720, 970.230542
mark3jac140sc, 2.232320, 458.411683, 1.608704, 636.115543, 1.048576, 975.915530
matrix-new_3, 14.867456, 461.249039, 6.034432, 1136.411857, 3.287040, 2086.253897
matrix_9, 7.577600, 716.739865, 4.539392, 1196.452742, 2.633728, 2062.159776
mc2depi, 14.471168, 371.537126, 8.847360, 607.704017, 5.835776, 921.312973
md2010, 5.068800, 353.726265, 3.009536, 595.762158, 2.072576, 865.091384
me2010, 2.280448, 376.600815, 1.630208, 526.815322, 1.073152, 800.276758
memchip, 96.453629, 393.081294, 60.687359, 624.744886, 39.999489, 947.865041
memplus, 0.835584, 386.488978, 0.641024, 503.793935, 0.563200, 573.409094
mi2010, 11.753472, 343.720586, 6.260736, 645.277234, 4.373504, 923.723918
minsurfo, 1.314816, 396.460281, 1.065984, 489.005759, 0.594944, 876.170396
mip1, 75.289597, 352.016983, 17.561600, 1509.157312, 11.113472, 2384.782782
mixtank_new, 3.791872, 1346.908579, 4.288512, 1190.926990, 2.808832, 1818.302087
mk12-b3, 1.261568, 421.875017, 1.011712, 526.062776, 0.542720, 980.660342
mk12-b4, 2.110464, 378.275092, 1.541120, 518.023238, 0.901120, 885.937493
mk13-b5, 4.804608, 432.017275, 3.768320, 550.821999, 2.287616, 907.352277
mn2010, 9.207808, 341.164941, 5.076992, 618.748483, 3.486720, 900.955925
mo2010, 12.423168, 341.363332, 6.472704, 655.184313, 4.584448, 925.043584
mod2, 1.289216, 396.763291, 1.117184, 457.859744, 0.659456, 775.659921
mono_500Hz, 14.270464, 903.467283, 11.681792, 1103.674590, 7.956480, 1620.427279
mouse_gene, 50.027519, 1482.309459, 56.976383, 1301.526366, 53.667839, 1381.763571
mri1, 2.715648, 556.018113, 2.162688, 698.181813, 1.191936, 1266.804107
mri2, 2.566144, 567.797289, 1.891328, 770.384416, 1.078272, 1351.282070
ms2010, 6.136832, 350.400454, 3.916800, 549.006533, 2.402304, 895.119377
msc10848, 1.753088, 1795.820680, 2.531328, 1243.707543, 1.509376, 2085.783514
msc23052, 1.998848, 1479.013861, 2.417664, 1222.801753, 1.560576, 1894.379967
msdoor, 36.783104, 1408.711828, 41.256962, 1255.952724, 31.002625, 1671.367970
mt2010, 4.574208, 357.436775, 2.789376, 586.149041, 1.894400, 863.064865
mult_dcop_01, 21.313536, 23.214664, 0.947200, 522.367567, 0.759808, 651.199458
mult_dcop_02, 21.204992, 23.333494, 0.931840, 530.978021, 0.751616, 658.297002
mult_dcop_03, 21.412865, 23.099803, 0.940032, 526.187361, 0.718848, 688.091178
n4c6-b10, 5.656576, 659.133762, 4.698112, 793.603965, 2.827264, 1318.744987
n4c6-b11, 3.113984, 683.015432, 2.869248, 741.274112, 1.681408, 1264.951243
n4c6-b12, 1.374208, 620.091294, 1.317888, 646.590899, 0.798720, 1066.874997
n4c6-b5, 1.614848, 492.831320, 1.231872, 646.047401, 0.714752, 1113.459857
n4c6-b6, 3.471360, 537.466819, 2.522112, 739.753381, 1.485824, 1255.694358
n4c6-b7, 5.525504, 604.948097, 4.468736, 748.006387, 2.477056, 1349.441904
n4c6-b8, 7.790592, 588.214694, 5.764096, 795.014686, 3.443712, 1330.698039
n4c6-b9, 7.595008, 628.818938, 5.942272, 803.713571, 3.566592, 1339.061162
nasasrb, 5.261312, 1302.707277, 5.101568, 1343.498536, 3.777536, 1814.396896
nc2010, 10.502144, 345.314942, 5.569536, 651.139891, 3.951616, 917.737745
ncvxbqp1, 1.889280, 474.211392, 1.655808, 541.076076, 0.925696, 967.831842
ncvxqp3, 2.756608, 464.305348, 2.412544, 530.522069, 1.304576, 981.091022
ncvxqp5, 2.328576, 467.200950, 2.044928, 532.005489, 1.100800, 988.292990
ncvxqp7, 3.220480, 457.044520, 2.732032, 538.757484, 1.551360, 948.782171
nd12k, 28.000256, 1300.188909, 28.155905, 1293.001310, 14.898176, 2443.629427
nd2010, 4.590592, 349.066480, 2.791424, 574.051717, 1.862656, 860.288621
nd24k, 56.954880, 1290.706316, 57.255936, 1283.919688, 30.635008, 2399.608428
nd6k, 13.153280, 1342.412586, 13.765632, 1282.696601, 7.310336, 2415.364860
ne2010, 6.742016, 346.998034, 3.924992, 596.043556, 2.605056, 898.048333
neos, 13.562880, 288.183097, 8.074240, 484.081817, 5.084160, 768.778472
neos1, 4.112384, 373.250761, 2.344960, 654.574243, 1.587200, 967.080617
neos2, 4.182016, 419.372562, 2.425856, 722.970629, 1.598464, 1097.192496
neos3, 14.512128, 362.514821, 8.147968, 645.665429, 5.195776, 1012.526609
net100, 3.635200, 1431.830977, 6.344704, 820.367960, 2.910208, 1788.529213
net125, 4.575232, 1442.032220, 5.495808, 1200.484415, 3.646464, 1809.323170
net150, 5.451776, 1465.627340, 6.635520, 1204.166670, 4.411392, 1811.281250
net4-1, 9.989120, 625.762972, 5.998592, 1042.048071, 4.273152, 1462.812768
net50, 1.664000, 1454.153816, 2.053120, 1178.553675, 1.314816, 1840.342682
net75, 2.707456, 1408.093739, 3.218432, 1184.537085, 2.089984, 1824.105883
netherlands_osm, 63.183872, 197.821661, 31.461376, 397.285182, 22.820864, 547.706639
nh2010, 1.525760, 393.540254, 1.258496, 477.115524, 0.790528, 759.553109
nj2010, 5.965824, 356.124263, 3.819520, 556.241287, 2.381824, 891.994835
nlpkkt120, 239.933441, 1033.308347, 195.803131, 1266.196440, 99.743744, 2485.621833
nlpkkt80, 69.646339, 1055.101545, 55.653378, 1320.386355, 29.785088, 2467.139306
nm2010, 5.970944, 356.272513, 3.740672, 568.690101, 2.407424, 883.634633
nmos3, 1.006592, 983.199355, 1.079296, 916.968697, 0.659456, 1500.753072
ns3Da, 3.802112, 1130.890759, 3.686400, 1166.388214, 3.153920, 1363.310905
nsct, 1.763328, 1012.976216, 1.827840, 977.224105, 1.362944, 1310.552210
nug08-3rd, 0.647168, 587.088625, 0.831488, 456.945806, 0.377856, 1005.528492
nv2010, 2.893824, 368.894184, 1.996800, 534.612835, 1.331200, 801.919229
ny2010, 12.565504, 348.289461, 6.674432, 655.701155, 4.680704, 934.994507
obstclae, 1.290240, 392.079350, 1.076224, 470.047587, 0.579584, 872.826851
offshore, 15.515648, 700.018649, 11.123712, 976.404575, 6.732800, 1613.183649
oh2010, 13.140992, 344.471281, 6.903808, 655.680796, 4.854784, 932.419319
ohne2, 22.302719, 1269.920275, 23.452671, 1207.652431, 16.622593, 1703.866258
oilpan, 6.311936, 1458.950380, 7.310336, 1259.696016, 5.635072, 1634.194009
ok2010, 9.541632, 341.851266, 5.166080, 631.391477, 3.634176, 897.540148
olafu, 1.867776, 1391.387034, 1.941504, 1338.549577, 1.284096, 2023.835722
olesnik0, 3.588096, 530.976042, 2.525184, 754.476911, 1.413120, 1348.217361
onera_dual, 2.888704, 371.500347, 1.960960, 547.259783, 1.149952, 933.216786
onetone1, 1.383424, 631.176886, 1.231872, 708.827952, 0.739328, 1181.052589
onetone2, 1.199104, 485.969277, 1.040384, 560.108239, 0.628736, 926.824076
opt1, 2.623488, 1883.933487, 3.803136, 1299.579257, 2.216960, 2229.393811
or2010, 7.054336, 355.462328, 3.955712, 633.906278, 2.787328, 899.625274
p010, 1.337344, 225.880543, 0.564224, 535.390195, 0.594944, 507.745267
p2p-Gnutella31, 1.518592, 249.312205, 1.285120, 294.605575, 0.792576, 477.687329
pa2010, 15.257600, 345.379534, 8.301568, 634.779201, 5.619712, 937.710480
packing-500x100x100-b050, 121.336830, 737.944151, 83.681282, 1070.009947, 44.444672, 2014.635295
para-10, 16.884735, 821.207818, 12.639232, 1097.050583, 9.525248, 1455.697227
para-4, 15.588352, 874.700770, 12.436480, 1096.382912, 9.353216, 1457.802688
para-5, 16.857088, 822.554667, 12.621824, 1098.563582, 9.527296, 1455.384233
para-6, 16.903168, 820.312305, 12.652544, 1095.896324, 9.525248, 1455.697227
para-7, 16.919552, 819.517952, 12.644352, 1096.606337, 9.523200, 1456.010210
para-8, 16.867329, 822.055275, 12.717056, 1090.336960, 9.521152, 1456.323473
para-9, 16.882689, 821.307368, 12.641280, 1096.872808, 9.527296, 1455.384233
parabolic_fem, 19.714048, 477.174440, 17.549313, 536.034671, 12.444672, 755.909057
patents, 123.587585, 310.105286, 85.118973, 450.254065, 61.932545, 618.821069
patents_main, 6.699008, 214.362198, 3.451904, 416.006371, 2.476032, 579.965877
pattern1, 13.421568, 1778.330674, 18.202623, 1311.238794, 15.091712, 1581.529380
pcrystk02, 1.338368, 1852.683546, 1.916928, 1293.513586, 1.175552, 2109.283518
pcrystk03, 2.647040, 1693.595815, 3.532800, 1268.969580, 2.158592, 2076.824018
pct20stif, 5.020672, 1375.924477, 5.407744, 1277.439422, 3.826688, 1805.233452
pdb1HYS, 6.770688, 1642.757473, 8.806400, 1263.013039, 5.051392, 2201.887762
pds-100, 7.184384, 390.536638, 5.491712, 510.908997, 3.737600, 750.686284
pds-30, 2.249728, 387.613798, 1.943552, 448.676234, 1.453056, 600.132144
pds-40, 3.027968, 394.656756, 2.488320, 480.246892, 1.641472, 728.009989
pds-50, 3.819520, 396.000671, 3.016704, 501.385764, 2.034688, 743.373177
pds-60, 4.624384, 398.337584, 3.627008, 507.874794, 2.488320, 740.284946
pds-70, 5.361664, 397.949307, 4.055040, 526.177414, 2.846720, 749.518890
pds-80, 5.997568, 396.032943, 4.491264, 528.856605, 3.177472, 747.523338
pds-90, 6.639616, 391.014805, 4.959232, 523.506107, 3.464192, 749.435431
pds10, 0.550912, 695.436774, 0.667648, 573.842010, 0.379904, 1008.477084
pfinan512, 2.913280, 524.597538, 2.147328, 711.721540, 1.301504, 1174.256477
pkustk01, 1.760256, 1424.345508, 2.069504, 1211.504193, 1.235968, 2028.541850
pkustk02, 1.054720, 1966.019335, 1.600512, 1295.585390, 0.896000, 2314.285643
pkustk03, 5.279744, 1517.851005, 6.366208, 1258.812917, 4.078592, 1964.860743
pkustk04, 8.644608, 1249.307102, 8.584192, 1258.099685, 5.169152, 2089.273067
pkustk05, 3.271680, 1725.464727, 4.552704, 1239.959553, 2.832384, 1993.080183
pkustk06, 3.791872, 1736.273281, 5.255168, 1252.809830, 3.288064, 2002.310805
pkustk07, 3.271680, 1892.647820, 4.746240, 1304.640738, 3.027968, 2044.981447
pkustk08, 4.381696, 1885.178099, 6.240256, 1323.708191, 3.988480, 2071.033971
pkustk09, 2.750464, 1473.976193, 3.191808, 1270.163625, 2.073600, 1955.111060
pkustk10, 7.088128, 1556.264066, 8.481792, 1300.550456, 5.497856, 2006.418276
pkustk11, 7.691264, 1736.756722, 10.959872, 1218.796572, 6.635520, 2013.083339
pkustk12, 12.027904, 1598.909688, 14.393344, 1336.140623, 9.420800, 2041.390444
pkustk13, 11.623424, 1457.322536, 13.364224, 1267.494212, 9.521152, 1779.099623
pkustk14, 20.919296, 1815.617971, 28.273664, 1343.350816, 18.180096, 2089.177688
pli, 2.909184, 1188.233905, 2.880512, 1200.061323, 2.086912, 1656.414443
pltexpa, 1.009664, 362.725638, 1.088512, 336.451099, 0.592896, 617.698634
poisson3Da, 0.915456, 986.470920, 1.001472, 901.743357, 0.667648, 1352.614995
poisson3Db, 7.034880, 864.246341, 7.074816, 859.367826, 4.485120, 1355.564552
pre2, 28.438528, 536.446960, 15.756288, 968.233275, 12.055552, 1265.455328
preferentialAttachment, 4.473856, 572.196158, 3.974144, 644.144553, 2.331648, 1097.902890
psse0, 0.540672, 484.999996, 0.604160, 434.033891, 0.283648, 924.476488
psse2, 0.764928, 385.749674, 0.653312, 451.653586, 0.323584, 911.882939
pwt, 1.439744, 579.848864, 1.307648, 638.424068, 0.651264, 1281.867115
pwtk, 18.969601, 1570.097650, 21.289984, 1398.973611, 14.702592, 2025.773799
qa8fk, 4.251648, 999.866944, 3.414016, 1245.185210, 2.094080, 2030.047705
qa8fm, 4.236288, 1003.492248, 3.408896, 1247.055433, 2.093056, 2031.040887
raefsky3, 1.902592, 2003.186281, 3.000320, 1270.279881, 1.685504, 2261.190820
raefsky4, 2.075648, 1638.642027, 2.702336, 1258.631076, 1.701888, 1998.512375
rail_20209, 0.601088, 592.985532, 0.694272, 513.396031, 0.352256, 1011.867732
rail_79841, 3.096576, 457.937338, 2.103296, 674.197893, 1.259520, 1125.855643
rajat09, 0.665600, 406.049999, 0.699392, 386.431175, 0.353280, 765.021722
rajat10, 0.915456, 364.381992, 0.951296, 350.653939, 0.453632, 735.344248
rajat15, 3.827712, 296.664656, 1.470464, 772.237122, 1.013760, 1120.133871
rajat16, 33.425407, 49.105371, 2.332672, 703.642414, 1.638400, 1001.810963
rajat17, 33.416191, 49.118915, 2.358272, 696.004103, 1.637376, 1002.437491
rajat18, 33.248257, 37.354322, 2.071552, 599.534097, 1.403904, 884.651739
rajat20, 33.481728, 46.261508, 2.236416, 692.588110, 1.533952, 1009.754674
rajat21, 136.411133, 35.532490, 7.650304, 633.573163, 5.240832, 924.858369
rajat22, 4.225024, 119.524957, 1.091584, 462.626656, 0.855040, 590.610769
rajat23, 6.170624, 231.056264, 2.305024, 618.545116, 1.659904, 858.942009
rajat24, 121.132034, 41.173928, 7.116800, 700.803973, 5.238784, 952.030425
rajat25, 33.571838, 46.304333, 2.222080, 699.579496, 1.541120, 1008.695979
rajat26, 4.454400, 143.277009, 1.299456, 491.138692, 1.006592, 634.033548
rajat28, 33.524734, 46.369393, 2.213888, 702.168154, 1.544192, 1006.689352
rajat29, 527.468567, 23.617808, 16.629761, 749.117885, 12.414976, 1003.437387
rajat30, 530.825195, 29.781867, 19.502081, 810.629655, 14.642176, 1079.686890
rajat31, 150.425598, 345.749715, 77.485054, 671.221158, 52.359169, 993.323780
ramage02, 4.120576, 1780.785329, 5.607424, 1308.597567, 3.756032, 1953.620507
rel8, 7.414784, 283.744996, 3.305472, 636.492430, 2.745344, 766.354926
rel9, 223.072250, 271.607017, 98.181122, 617.104259, 83.063805, 729.415041
relat8, 8.610816, 396.610179, 4.328448, 788.998140, 2.956288, 1155.211253
relat9, 306.538483, 325.329056, 147.033081, 678.254679, 93.281281, 1069.087760
rgg_n_2_15_s0, 1.324032, 619.644262, 1.186816, 691.285604, 0.704512, 1164.534884
rgg_n_2_16_s0, 2.902016, 603.611519, 2.188288, 800.484334, 1.352704, 1294.954534
rgg_n_2_17_s0, 6.404096, 582.629506, 4.196352, 889.156905, 2.690048, 1387.044167
rgg_n_2_18_s0, 13.829120, 572.855622, 8.422400, 940.597515, 5.536768, 1430.814695
rgg_n_2_19_s0, 29.075457, 575.784661, 17.505280, 956.351590, 11.466752, 1459.977668
rgg_n_2_20_s0, 60.850178, 579.868387, 35.718143, 987.875936, 24.027136, 1468.551833
rgg_n_2_21_s0, 126.488579, 586.444524, 73.950211, 1003.087535, 50.279423, 1475.325895
rgg_n_2_22_s0, 262.778870, 591.520521, 152.585220, 1018.703472, 104.976387, 1480.705311
ri2010, 0.703488, 457.605536, 0.798720, 403.044871, 0.438272, 734.521029
rim, 2.203648, 1179.078716, 2.114560, 1228.754302, 1.595392, 1628.612014
rlfprim, 1.965056, 417.653738, 1.427456, 574.947983, 0.805888, 1018.395810
rma10, 4.390912, 1384.095715, 4.775936, 1272.513367, 3.305472, 1838.600584
roadNet-CA, 57.923584, 244.546813, 28.705791, 493.455401, 20.325377, 696.913429
roadNet-PA, 32.028671, 246.482837, 15.987712, 493.786591, 11.331584, 696.682633
roadNet-TX, 40.730625, 241.560230, 20.099072, 489.520085, 14.434304, 681.633076
route, 3.546112, 149.279524, 1.003520, 527.505096, 0.848896, 623.588641
s3dkq4m2, 7.883776, 1565.427616, 9.153536, 1348.274718, 6.184960, 1995.401940
s3dkt3m2, 6.191104, 1552.043103, 7.435264, 1292.336092, 5.583872, 1720.823907
s4dkt3m2, 6.192128, 1551.786378, 7.446528, 1290.381264, 5.578752, 1722.403163
sc2010, 6.515712, 350.919389, 3.712000, 615.972432, 2.551808, 896.027246
sc205-2r, 1.093632, 288.480810, 0.966656, 326.374460, 0.540672, 583.517988
scagr7-2r, 0.997376, 308.370116, 0.834560, 368.530685, 0.513024, 599.506020
scfxm1-2b, 0.631808, 449.967597, 0.666624, 426.466968, 0.405504, 701.085879
scfxm1-2r, 1.382400, 409.977767, 1.150976, 492.411057, 0.718848, 788.418814
scircuit, 6.118400, 401.228446, 4.068352, 603.407971, 2.464768, 995.986733
sctap1-2r, 1.110016, 429.810890, 1.024000, 465.914978, 0.590848, 807.478297
sd2010, 2.907136, 361.678412, 1.996800, 526.566681, 1.244160, 845.106958
sgpf5y6, 8.062976, 264.152912, 6.508544, 327.240404, 3.607552, 590.388865
shallow_water1, 2.417664, 346.971615, 1.616896, 518.809362, 0.946176, 886.580094
shallow_water2, 2.439168, 343.912682, 1.607680, 521.783451, 0.944128, 888.503276
shar_te2-b2, 5.086208, 302.295156, 2.573312, 597.493026, 1.766400, 870.434793
shar_te2-b3, 5.758976, 355.974397, 3.817472, 537.017170, 2.353152, 871.192328
shermanACb, 8.833024, 42.067296, 0.669696, 554.850939, 0.620544, 598.799489
ship_001, 6.077440, 1956.289033, 9.474048, 1254.926007, 5.081088, 2339.898196
ship_003, 12.852224, 1610.635364, 16.090113, 1286.519706, 10.261504, 2017.272194
shipsec1, 12.479488, 1602.815247, 15.443968, 1295.153841, 10.235904, 1954.132703
shipsec5, 16.591871, 1560.374074, 19.730433, 1312.162100, 13.210624, 1959.750445
shipsec8, 10.825728, 1573.353846, 13.357056, 1275.183833, 8.727552, 1951.601163
shock-9, 1.032192, 353.621035, 1.050624, 347.417150, 0.480256, 760.021336
shuttle_eddy, 0.386048, 686.996041, 0.495616, 535.118814, 0.253952, 1044.344772
shyy161, 2.335744, 361.422636, 1.666048, 506.702505, 0.946176, 892.213211
sinc15, 1.177600, 1235.926060, 1.388544, 1048.167432, 0.955392, 1523.381560
sinc18, 1.783808, 1397.568892, 2.107392, 1182.976150, 1.531904, 1627.383040
skirt, 0.543744, 925.235358, 0.672768, 747.793002, 0.400384, 1256.521711
sls, 46.011391, 378.580564, 20.922367, 832.554852, 15.028224, 1159.086945
smallworld, 4.642816, 551.387288, 2.745344, 932.484174, 1.682432, 1521.600680
sme3Da, 1.982464, 1129.761131, 1.998848, 1120.500790, 1.672192, 1339.386117
sme3Db, 4.907008, 1085.696435, 4.515840, 1179.740916, 3.987456, 1336.070208
sme3Dc, 7.303168, 1103.707262, 7.174144, 1123.556984, 6.020096, 1338.942036
smt, 5.087232, 1888.679507, 7.107584, 1351.816741, 4.370432, 2198.444286
soc-Epinions1, 3.690496, 352.966845, 2.292736, 568.152064, 1.449984, 898.370438
soc-LiveJournal1, 318.167053, 555.129945, 232.395782, 760.014046, 200.180740, 882.322938
soc-Slashdot0811, 5.139456, 451.020141, 2.983936, 776.825651, 2.190336, 1058.284250
soc-Slashdot0902, 5.317632, 456.606954, 3.101696, 782.819409, 2.310144, 1051.046123
soc-sign-Slashdot081106, 2.496512, 529.711868, 2.111488, 626.303315, 1.520640, 869.654873
soc-sign-Slashdot090216, 2.630656, 531.014986, 2.150400, 649.608356, 1.609728, 867.797403
soc-sign-Slashdot090221, 2.637824, 532.998824, 2.171904, 647.338494, 1.608704, 873.968825
soc-sign-epinions, 5.152768, 418.010720, 3.235840, 665.642388, 2.556928, 842.382886
south31, 0.578560, 497.336288, 0.697344, 412.621142, 0.308224, 933.538228
spal_004, 94.837761, 1246.237746, 185.065475, 638.640984, 147.273727, 802.521940
sparsine, 4.703232, 843.124353, 4.210688, 941.748515, 3.197952, 1239.983977
spmsrtls, 0.932864, 631.029082, 0.837632, 702.772005, 0.447488, 1315.486241
srb1, 4.756480, 1594.269034, 5.744640, 1320.032115, 3.831808, 1978.989798
stat96v2, 11.354112, 643.079023, 7.592960, 961.626448, 5.638144, 1295.034504
stat96v3, 13.166592, 645.072346, 8.764416, 969.078192, 6.418432, 1323.283295
std1_Jac2, 2.672640, 1196.102452, 2.702336, 1182.958475, 2.270208, 1408.131557
std1_Jac2_db, 1.304576, 978.749971, 1.413120, 903.570632, 0.892928, 1429.962723
std1_Jac3, 3.008512, 1238.808705, 3.046400, 1223.401652, 2.597888, 1434.615692
std1_Jac3_db, 1.337344, 1018.043606, 1.645568, 827.358425, 0.926720, 1469.132560
stokes128, 2.094080, 682.877760, 1.865728, 766.457181, 0.924672, 1546.495004
stokes64, 0.443392, 808.510377, 0.655360, 547.007826, 0.269312, 1331.121701
stokes64s, 0.446464, 802.947244, 0.650240, 551.314957, 0.267264, 1341.321796
stomach, 9.824256, 787.379617, 7.548928, 1024.704316, 3.961856, 1952.473562
stormG2_1000, 22.888449, 386.976657, 13.308928, 665.515334, 9.040896, 979.692162
stormg2-125, 2.664448, 416.272095, 2.112512, 525.031480, 1.290240, 859.634888
struct3, 3.307520, 908.431913, 2.679808, 1121.220905, 1.657856, 1812.374936
t2dah, 0.523264, 861.629174, 0.586752, 768.398782, 0.369664, 1219.646770
t2dah_a, 0.522240, 863.318655, 0.584704, 771.090217, 0.370688, 1216.277653
t2dah_e, 0.530432, 849.985544, 0.578560, 779.278768, 0.369664, 1219.646770
t2em, 29.053951, 404.507112, 15.833088, 742.276553, 10.796032, 1088.597178
t3dh, 8.549376, 1303.181590, 9.037824, 1232.751290, 7.160832, 1555.879109
t3dh_a, 8.562688, 1301.155544, 9.021440, 1234.990129, 7.155712, 1556.992316
t3dh_e, 8.553472, 1302.557531, 9.019392, 1235.270491, 7.164928, 1554.989647
t3dl, 1.160192, 1125.035292, 1.212416, 1076.575122, 0.716800, 1820.950065
t3dl_a, 1.166336, 1119.108810, 1.226752, 1063.994120, 0.716800, 1820.950065
t60k, 1.743872, 262.595413, 1.374208, 333.233986, 0.736256, 621.974962
tandem_dual, 3.163136, 372.687762, 2.028544, 581.137067, 1.236992, 953.007035
tandem_vtx, 0.790528, 820.433938, 0.795648, 815.154462, 0.484352, 1339.059217
ted_A, 0.789504, 1376.741260, 1.003520, 1083.130089, 0.621568, 1748.710805
ted_AB, 0.918528, 1455.928061, 1.270784, 1052.350910, 0.731136, 1829.086074
ted_AB_unscaled, 0.917504, 1457.552993, 1.251328, 1068.713182, 0.735232, 1818.896250
ted_A_unscaled, 0.786432, 1382.119092, 1.013760, 1072.189425, 0.623616, 1742.968036
ted_B, 0.432128, 856.510639, 0.568320, 651.256784, 0.321536, 1151.106672
ted_B_unscaled, 0.432128, 856.510639, 0.577536, 640.864376, 0.320512, 1154.784357
thermal1, 3.019776, 486.993879, 2.100224, 700.216961, 1.166336, 1260.882289
thermal2, 46.815231, 469.197752, 26.697727, 822.751731, 16.182272, 1357.386734
thermomech_TC, 3.766272, 483.658229, 3.009536, 605.272196, 1.728512, 1053.847719
thermomech_TK, 3.766272, 483.658229, 3.196928, 569.793397, 1.723392, 1056.978604
thermomech_dK, 10.506240, 693.525348, 8.469504, 860.303434, 4.200448, 1734.658688
thermomech_dM, 7.758848, 469.551262, 6.052864, 601.893073, 3.694592, 986.083703
thread, 6.040576, 1894.409228, 8.847360, 1293.416717, 5.231616, 2187.339980
tmt_sym, 27.957249, 465.255373, 15.778816, 824.349557, 9.033728, 1439.855248
tmt_unsym, 29.012993, 404.546012, 15.754240, 745.011536, 10.764288, 1090.373150
tn2010, 8.718336, 350.589026, 4.905984, 623.025474, 3.313664, 922.408849
tomographic1, 2.809856, 589.918927, 2.552832, 649.313105, 1.511424, 1096.705663
torsion1, 1.288192, 392.702692, 1.076224, 470.047587, 0.578560, 874.371689
torso1, 11.640832, 1872.910811, 17.888256, 1218.801873, 9.894912, 2203.378920
torso2, 4.405248, 600.577035, 3.258368, 811.968098, 1.735680, 1524.296474
torso3, 12.911616, 878.150902, 10.895360, 1040.658365, 5.523456, 2052.763220
tp-6, 1106.591797, 26.690775, 35.781631, 825.445667, 29.792255, 991.391630
trans4, 128.604156, 15.255913, 3.333120, 588.629781, 1.997824, 982.055379
trans5, 128.427002, 15.276957, 3.357696, 584.321430, 2.006016, 978.044913
transient, 69.503998, 35.425047, 4.379648, 562.187254, 2.997248, 821.481057
trdheim, 2.794496, 1772.924110, 3.891200, 1273.239452, 2.217984, 2233.753502
troll, 20.035583, 1531.369634, 22.467585, 1365.606704, 16.140287, 1900.950299
ts-palko, 48.789505, 56.505424, 2.989056, 922.321823, 2.541568, 1084.712916
tsyl201, 3.306496, 1900.710027, 5.052416, 1243.897990, 2.864128, 2194.276817
tube1, 1.597440, 1437.589740, 1.888256, 1216.182242, 1.285120, 1786.964129
tube2, 1.567744, 1464.820363, 1.864704, 1231.543100, 1.251328, 1835.220962
turon_m, 7.591936, 570.163196, 5.190656, 833.929739, 3.085312, 1402.983787
twotone, 5.230592, 599.169955, 3.428352, 914.145727, 2.450432, 1278.963612
tx2010, 33.166336, 343.964926, 16.948223, 673.112234, 12.239872, 932.040494
usroads, 3.817472, 221.881707, 2.320384, 365.037507, 1.502208, 563.854808
usroads-48, 3.677184, 225.494285, 2.283520, 363.116595, 1.448960, 572.261505
ut2010, 3.994624, 366.614980, 4.951040, 295.794221, 1.721344, 850.782275
va2010, 10.392576, 345.385745, 5.566464, 644.834443, 3.938304, 911.419669
vanbody, 4.242432, 1410.148404, 4.947968, 1209.073881, 3.229696, 1852.328769
venkat01, 3.957760, 1111.120284, 3.598336, 1222.105869, 1.841152, 2388.476146
venkat25, 3.971072, 1107.395576, 3.667968, 1198.905628, 1.846272, 2381.852479
venkat50, 3.956736, 1111.407843, 3.558400, 1235.821612, 1.833984, 2397.811256
venturiLevel3, 115.639297, 356.606226, 69.457916, 593.707610, 47.413246, 869.750477
vfem, 5.204992, 705.604982, 3.438592, 1068.073271, 2.135040, 1720.187014
vibrobox, 0.882688, 994.280758, 0.954368, 919.603009, 0.548864, 1599.011174
viscoplastic2, 1.328128, 735.015431, 1.351680, 722.208312, 0.720896, 1354.140614
viscorocks, 2.550784, 1166.443145, 2.401280, 1239.066136, 1.612800, 1844.831744
vsp_barth5_1Ksep_50in_5Kout, 1.032192, 504.985123, 1.084416, 480.665708, 0.543744, 958.615771
vsp_bcsstk30_500sep_10in_1Kout, 9.379840, 1100.752195, 10.237952, 1008.490675, 8.680448, 1189.440898
vsp_befref_fxm_2_4_air02, 1.712128, 293.732050, 0.722944, 695.637373, 0.691200, 727.585166
vsp_bump2_e18_aa01_model1_crew1, 2.342912, 657.344854, 1.933312, 796.612794, 1.260544, 1221.775035
vsp_c-30_data_data, 2.014208, 158.068118, 0.566272, 562.242294, 0.564224, 564.283117
vsp_c-60_data_cti_cs4, 3.856384, 320.074346, 2.012160, 613.435095, 1.215488, 1015.501300
vsp_finan512_scagr7-2c_rlfddd, 5.332992, 529.973111, 3.716096, 760.567665, 2.571264, 1099.203492
vsp_mod2_pgp2_slptsk, 4.553728, 437.787262, 2.851840, 699.044879, 1.846272, 1079.778152
vsp_model1_crew1_cr42_south31, 19.428352, 50.064828, 1.544192, 629.893917, 1.137664, 854.977527
vsp_msc10848_300sep_100in_1Kout, 5.210112, 1199.909569, 5.201920, 1201.799205, 5.013504, 1246.964862
vsp_p0291_seymourl_iiasa, 0.538624, 512.053243, 0.538624, 512.053243, 0.336896, 818.662608
vsp_sctap1-2b_and_seymourl, 2.748416, 262.352837, 1.269760, 567.866930, 0.990208, 728.185087
vsp_south31_slptsk, 19.257343, 50.492930, 1.415168, 687.098385, 1.096704, 886.619976
vsp_vibrobox_scagr7-2c_rlfddd, 3.219456, 692.725836, 2.654208, 840.250789, 1.824768, 1222.182976
vt2010, 0.934912, 426.062420, 1.035264, 384.762606, 0.558080, 713.752271
wa2010, 6.905856, 351.212923, 3.960832, 612.352619, 2.725888, 889.774601
wang3, 0.822272, 551.581567, 0.950272, 477.284471, 0.412672, 1099.057037
wang4, 0.814080, 557.220126, 0.903168, 502.256223, 0.414720, 1093.802472
water_tank, 4.785152, 1088.851390, 4.267008, 1221.070964, 2.693120, 1934.677755
wathen100, 1.467392, 822.751239, 1.305600, 924.707810, 0.808960, 1492.408190
wathen120, 1.822720, 794.608124, 1.505280, 962.178560, 0.949248, 1525.784764
watson_1, 7.709696, 350.343015, 4.810752, 561.458609, 3.878912, 696.339102
watson_2, 13.493248, 350.305647, 7.769088, 608.406172, 6.857728, 689.260489
wave, 8.306688, 652.940681, 5.732352, 946.169204, 3.200000, 1694.929575
waveguide3D, 1.001472, 775.736199, 1.072128, 724.613142, 0.643072, 1208.073231
web-BerkStan, 27.598848, 705.012142, 15.947776, 1220.077545, 12.606464, 1543.456008
web-Google, 32.605183, 400.822777, 23.075840, 566.345574, 16.737280, 780.825793
web-NotreDame, 9.643008, 397.455125, 10.929152, 350.682578, 4.206592, 911.108794
web-Stanford, 10.990592, 538.641806, 7.619584, 776.944287, 5.789696, 1022.504826
webbase-1M, 29.018112, 273.972756, 14.243840, 558.148086, 10.812416, 735.281745
wheel_601, 26.798080, 207.376191, 12.546048, 442.950941, 10.298368, 539.627599
wi2010, 8.992768, 344.284890, 4.898816, 632.004585, 3.395584, 911.794302
wiki-Talk, 145.307648, 88.466160, 40.525826, 317.200438, 28.215296, 455.597194
wikipedia-20051105, 82.007042, 616.628505, 62.671871, 806.867239, 51.550209, 980.944221
wikipedia-20060925, 157.435898, 606.017351, 124.336128, 767.346443, 102.683647, 929.153652
wikipedia-20061104, 166.994949, 603.737311, 132.431870, 761.305281, 108.933121, 925.531931
wikipedia-20070206, 191.026169, 603.465989, 151.933945, 758.736279, 125.848579, 916.003950
windscreen, 2.213888, 1714.142052, 3.100672, 1223.901913, 1.958912, 1937.258218
wing, 1.874944, 331.906067, 1.585152, 392.583972, 0.834560, 745.668732
wing_nodal, 0.524288, 737.187502, 0.730112, 529.368852, 0.381952, 1011.903518
world, 1.288192, 395.236476, 1.138688, 447.129059, 0.664576, 766.113258
wv2010, 4.729856, 358.801688, 2.894848, 586.241577, 1.965056, 863.629520
wy2010, 2.906112, 376.661387, 2.016256, 542.897385, 1.303552, 839.721111
x104, 14.442496, 1802.258896, 20.119553, 1293.722477, 11.697152, 2225.252534
xenon1, 3.147776, 960.572578, 2.652160, 1140.077250, 1.488896, 2030.811538
xenon2, 10.392576, 952.480027, 8.121344, 1218.852662, 4.324352, 2289.064758
